=== [10:27:01] characterization figures ===
=== [10:27:16] PERF SWEEP: even ===
main baseline: comparing shapes ['concentrated:0.0', 'concentrated:0.25', 'concentrated:0.5', 'concentrated:0.75', 'concentrated:1.0', 'hash_synonym', 'poison', 'powerlaw:0.25', 'powerlaw:0.75', 'sawtooth', 'sawtooth:8192:2654435761:1', 'stale_resident:0.25', 'stale_resident:0.5', 'strided_sweep', 'temporal_phases:0.10']
  queried input cache: cub.bench.histogram.even.base I32 N=1048576 -> S=8192
  even        I32 N=   1048576 bins=       8 smem_static                  conce=417  conce=404  conce=399  conce=403  conce=398  hash_=384  poiso=415  power=396  power=405  sawto=375  sawto=375  stale=401  stale=403  strid=368  tempo=403
  even        I32 N=   1048576 bins=       8 smem_cooperative_static      conce=417  conce=414  conce=409  conce=415  conce=405  hash_=404  poiso=415  power=407  power=413  sawto=355  sawto=361  stale=413  stale=414  strid=349  tempo=414
  even        I32 N=   1048576 bins=       8 smem_dynamic                 conce=416  conce=393  conce=383  conce=389  conce=387  hash_=385  poiso=404  power=397  power=392  sawto=347  sawto=348  stale=400  stale=396  strid=339  tempo=400
  even        I32 N=   1048576 bins=       8 smem_cooperative_dynamic     conce=417  conce=392  conce=385  conce=408  conce=398  hash_=390  poiso=414  power=403  power=387  sawto=345  sawto=345  stale=412  stale=411  strid=340  tempo=408
  even        I32 N=   1048576 bins=      16 smem_static                  conce=416  conce=404  conce=398  conce=403  conce=400  hash_=384  poiso=413  power=398  power=403  sawto=401  sawto=398  stale=400  stale=403  strid=384  tempo=401
  even        I32 N=   1048576 bins=      16 smem_cooperative_static      conce=418  conce=414  conce=409  conce=415  conce=405  hash_=403  poiso=414  power=410  power=415  sawto=410  sawto=410  stale=414  stale=411  strid=405  tempo=414
  even        I32 N=   1048576 bins=      16 smem_dynamic                 conce=415  conce=394  conce=385  conce=397  conce=390  hash_=384  poiso=406  power=394  power=395  sawto=395  sawto=396  stale=401  stale=397  strid=383  tempo=401
  even        I32 N=   1048576 bins=      16 smem_cooperative_dynamic     conce=417  conce=410  conce=389  conce=409  conce=402  hash_=391  poiso=415  power=402  power=411  sawto=406  sawto=406  stale=413  stale=413  strid=382  tempo=408
  even        I32 N=   1048576 bins=      32 smem_static                  conce=417  conce=404  conce=401  conce=404  conce=405  hash_=384  poiso=417  power=398  power=403  sawto=406  sawto=404  stale=398  stale=406  strid=385  tempo=405
  even        I32 N=   1048576 bins=      32 smem_cooperative_static      conce=418  conce=411  conce=407  conce=411  conce=401  hash_=402  poiso=411  power=406  power=412  sawto=408  sawto=411  stale=410  stale=409  strid=402  tempo=413
  even        I32 N=   1048576 bins=      32 smem_dynamic                 conce=415  conce=394  conce=389  conce=400  conce=392  hash_=384  poiso=409  power=393  power=398  sawto=400  sawto=398  stale=400  stale=398  strid=384  tempo=397
  even        I32 N=   1048576 bins=      32 smem_cooperative_dynamic     conce=418  conce=407  conce=391  conce=414  conce=402  hash_=393  poiso=415  power=401  power=412  sawto=412  sawto=409  stale=414  stale=413  strid=401  tempo=410
  even        I32 N=   1048576 bins=      64 smem_static                  conce=417  conce=405  conce=400  conce=404  conce=407  hash_=384  poiso=417  power=398  power=404  sawto=408  sawto=404  stale=402  stale=406  strid=384  tempo=405
  even        I32 N=   1048576 bins=      64 smem_cooperative_static      conce=418  conce=415  conce=412  conce=415  conce=406  hash_=405  poiso=414  power=410  power=415  sawto=413  sawto=412  stale=414  stale=414  strid=406  tempo=412
  even        I32 N=   1048576 bins=      64 smem_dynamic                 conce=415  conce=398  conce=386  conce=400  conce=392  hash_=384  poiso=409  power=393  power=400  sawto=399  sawto=398  stale=400  stale=399  strid=384  tempo=399
  even        I32 N=   1048576 bins=      64 smem_cooperative_dynamic     conce=418  conce=413  conce=394  conce=412  conce=404  hash_=394  poiso=415  power=399  power=414  sawto=413  sawto=411  stale=413  stale=413  strid=402  tempo=408
  even        I32 N=   1048576 bins=     128 smem_static                  conce=417  conce=404  conce=397  conce=403  conce=406  hash_=385  poiso=416  power=397  power=405  sawto=408  sawto=405  stale=402  stale=407  strid=384  tempo=405
  even        I32 N=   1048576 bins=     128 smem_cooperative_static      conce=419  conce=415  conce=410  conce=415  conce=406  hash_=405  poiso=415  power=411  power=416  sawto=413  sawto=414  stale=414  stale=414  strid=406  tempo=415
  even        I32 N=   1048576 bins=     128 smem_dynamic                 conce=416  conce=396  conce=384  conce=398  conce=391  hash_=384  poiso=407  power=391  power=401  sawto=401  sawto=401  stale=402  stale=401  strid=384  tempo=400
  even        I32 N=   1048576 bins=     128 smem_cooperative_dynamic     conce=417  conce=412  conce=391  conce=411  conce=403  hash_=393  poiso=414  power=396  power=414  sawto=413  sawto=410  stale=413  stale=413  strid=401  tempo=408
  even        I32 N=   1048576 bins=     256 smem_static                  conce=417  conce=404  conce=400  conce=405  conce=408  hash_=385  poiso=416  power=397  power=405  sawto=406  sawto=402  stale=403  stale=407  strid=385  tempo=404
  even        I32 N=   1048576 bins=     256 smem_cooperative_static      conce=417  conce=411  conce=407  conce=412  conce=403  hash_=400  poiso=413  power=404  power=412  sawto=409  sawto=409  stale=409  stale=409  strid=399  tempo=409
  even        I32 N=   1048576 bins=     256 smem_dynamic                 conce=418  conce=385  conce=385  conce=394  conce=393  hash_=383  poiso=402  power=384  power=396  sawto=391  sawto=389  stale=393  stale=391  strid=383  tempo=390
  even        I32 N=   1048576 bins=     256 smem_cooperative_dynamic     conce=418  conce=388  conce=393  conce=410  conce=400  hash_=388  poiso=411  power=393  power=411  sawto=409  sawto=405  stale=410  stale=408  strid=398  tempo=404
  even        I32 N=   1048576 bins=     512 smem_dynamic                 conce=415  conce=381  conce=384  conce=394  conce=392  hash_=383  poiso=398  power=382  power=397  sawto=394  sawto=393  stale=392  stale=391  strid=383  tempo=389
  even        I32 N=   1048576 bins=     512 smem_cooperative_dynamic     conce=417  conce=399  conce=382  conce=401  conce=398  hash_=386  poiso=410  power=381  power=410  sawto=407  sawto=405  stale=409  stale=407  strid=393  tempo=398
  queried input cache: cub.bench.histogram.even.base I32 N=16777216 -> S=8192
  even        I32 N=  16777216 bins=       8 smem_static                  conce=2635  conce=2067  conce=1905  conce=1993  conce=2288  hash_=2303  poiso=2614  power=2247  power=1980  sawto=1433  sawto=1433  stale=2237  stale=2245  strid=1428  tempo=2299
  even        I32 N=  16777216 bins=       8 smem_cooperative_static      conce=2447  conce=1942  conce=1773  conce=1850  conce=2097  hash_=2193  poiso=2445  power=2097  power=1844  sawto=1340  sawto=1341  stale=2098  stale=2106  strid=1325  tempo=2145
  even        I32 N=  16777216 bins=       8 smem_dynamic                 conce=2613  conce=1911  conce=1730  conce=1821  conce=2063  hash_=2126  poiso=2602  power=2065  power=1819  sawto=1285  sawto=1282  stale=2066  stale=2067  strid=1273  tempo=2123
  even        I32 N=  16777216 bins=       8 smem_cooperative_dynamic     conce=2445  conce=1758  conce=1601  conce=1660  conce=1935  hash_=2063  poiso=2432  power=1950  power=1665  sawto=1200  sawto=1201  stale=1940  stale=1947  strid=1193  tempo=1989
  even        I32 N=  16777216 bins=      16 smem_static                  conce=2637  conce=2053  conce=1932  conce=2103  conce=2346  hash_=2291  poiso=2610  power=2191  power=2058  sawto=2098  sawto=2098  stale=2316  stale=2331  strid=2063  tempo=2297
  even        I32 N=  16777216 bins=      16 smem_cooperative_static      conce=2444  conce=1935  conce=1822  conce=1961  conce=2162  hash_=2196  poiso=2439  power=2067  power=1932  sawto=1961  sawto=1961  stale=2166  stale=2183  strid=1950  tempo=2140
  even        I32 N=  16777216 bins=      16 smem_dynamic                 conce=2606  conce=1882  conce=1774  conce=1912  conce=2183  hash_=2133  poiso=2575  power=2028  power=1866  sawto=1901  sawto=1901  stale=2160  stale=2173  strid=1893  tempo=2135
  even        I32 N=  16777216 bins=      16 smem_cooperative_dynamic     conce=2443  conce=1745  conce=1643  conce=1776  conce=2015  hash_=2056  poiso=2430  power=1893  power=1734  sawto=1750  sawto=1751  stale=2008  stale=2027  strid=1740  tempo=1986
  even        I32 N=  16777216 bins=      32 smem_static                  conce=2637  conce=1996  conce=1972  conce=2222  conce=2358  hash_=2282  poiso=2620  power=2133  power=2119  sawto=2407  sawto=2403  stale=2357  stale=2361  strid=2355  tempo=2286
  even        I32 N=  16777216 bins=      32 smem_cooperative_static      conce=2448  conce=1867  conce=1850  conce=2085  conce=2204  hash_=2194  poiso=2442  power=1983  power=1978  sawto=2243  sawto=2242  stale=2217  stale=2225  strid=2222  tempo=2146
  even        I32 N=  16777216 bins=      32 smem_dynamic                 conce=2614  conce=1835  conce=1804  conce=2034  conce=2198  hash_=2137  poiso=2582  power=1955  power=1933  sawto=2223  sawto=2214  stale=2199  stale=2198  strid=2185  tempo=2136
  even        I32 N=  16777216 bins=      32 smem_cooperative_dynamic     conce=2438  conce=1729  conce=1674  conce=1892  conce=2056  hash_=2062  poiso=2430  power=1836  power=1830  sawto=2087  sawto=2088  stale=2070  stale=2074  strid=2070  tempo=1995
  even        I32 N=  16777216 bins=      64 smem_static                  conce=2638  conce=2130  conce=1942  conce=2191  conce=2375  hash_=2284  poiso=2625  power=2064  power=2215  sawto=2405  sawto=2399  stale=2382  stale=2381  strid=2355  tempo=2287
  even        I32 N=  16777216 bins=      64 smem_cooperative_static      conce=2445  conce=1986  conce=1827  conce=2061  conce=2221  hash_=2192  poiso=2436  power=1950  power=2069  sawto=2242  sawto=2241  stale=2237  stale=2238  strid=2225  tempo=2138
  even        I32 N=  16777216 bins=      64 smem_dynamic                 conce=2619  conce=1973  conce=1784  conce=1983  conce=2214  hash_=2119  poiso=2604  power=1922  power=1992  sawto=2235  sawto=2225  stale=2219  stale=2217  strid=2186  tempo=2120
  even        I32 N=  16777216 bins=      64 smem_cooperative_dynamic     conce=2434  conce=1842  conce=1646  conce=1847  conce=2072  hash_=2060  poiso=2431  power=1785  power=1866  sawto=2089  sawto=2089  stale=2085  stale=2087  strid=2073  tempo=1985
  even        I32 N=  16777216 bins=     128 smem_static                  conce=2634  conce=2077  conce=1917  conce=2129  conce=2390  hash_=2276  poiso=2623  power=2050  power=2243  sawto=2405  sawto=2397  stale=2390  stale=2388  strid=2354  tempo=2282
  even        I32 N=  16777216 bins=     128 smem_cooperative_static      conce=2447  conce=1957  conce=1787  conce=1995  conce=2228  hash_=2191  poiso=2439  power=1918  power=2093  sawto=2245  sawto=2241  stale=2242  stale=2244  strid=2225  tempo=2136
  even        I32 N=  16777216 bins=     128 smem_dynamic                 conce=2610  conce=1938  conce=1744  conce=1948  conce=2223  hash_=2114  poiso=2599  power=1875  power=2068  sawto=2234  sawto=2222  stale=2218  stale=2222  strid=2185  tempo=2116
  even        I32 N=  16777216 bins=     128 smem_cooperative_dynamic     conce=2432  conce=1804  conce=1630  conce=1839  conce=2078  hash_=2057  poiso=2430  power=1737  power=1950  sawto=2090  sawto=2088  stale=2089  stale=2089  strid=2071  tempo=1978
  even        I32 N=  16777216 bins=     256 smem_static                  conce=2636  conce=1980  conce=2007  conce=2264  conce=2401  hash_=2277  poiso=2617  power=2009  power=2274  sawto=2403  sawto=2391  stale=2391  stale=2391  strid=2353  tempo=2276
  even        I32 N=  16777216 bins=     256 smem_cooperative_static      conce=2441  conce=1848  conce=1878  conce=2100  conce=2231  hash_=2189  poiso=2436  power=1872  power=2102  sawto=2241  sawto=2242  stale=2243  stale=2245  strid=2223  tempo=2126
  even        I32 N=  16777216 bins=     256 smem_dynamic                 conce=2612  conce=1826  conce=1830  conce=2079  conce=2234  hash_=2120  poiso=2596  power=1831  power=2095  sawto=2223  sawto=2221  stale=2220  stale=2220  strid=2184  tempo=2112
  even        I32 N=  16777216 bins=     256 smem_cooperative_dynamic     conce=2440  conce=1718  conce=1709  conce=1956  conce=2076  hash_=2053  poiso=2434  power=1721  power=1966  sawto=2082  sawto=2083  stale=2087  stale=2087  strid=2066  tempo=1976
  even        I32 N=  16777216 bins=     512 smem_dynamic                 conce=2603  conce=1820  conce=1810  conce=2107  conce=2228  hash_=2106  poiso=2586  power=1814  power=2118  sawto=2212  sawto=2208  stale=2212  stale=2216  strid=2184  tempo=2111
  even        I32 N=  16777216 bins=     512 smem_cooperative_dynamic     conce=2438  conce=1664  conce=1684  conce=1969  conce=2073  hash_=2043  poiso=2427  power=1697  power=1976  sawto=2083  sawto=2082  stale=2086  stale=2086  strid=2056  tempo=1981
  queried input cache: cub.bench.histogram.even.base I32 N=67108864 -> S=8192
  even        I32 N=  67108864 bins=       8 smem_static                  conce=3845  conce=2781  conce=2471  conce=2633  conce=3160  hash_=3214  poiso=3838  power=3155  power=2618  sawto=1731  sawto=1731  stale=3149  stale=3147  strid=1726  tempo=3212
  even        I32 N=  67108864 bins=       8 smem_cooperative_static      conce=3827  conce=2771  conce=2463  conce=2621  conce=3129  hash_=3210  poiso=3818  power=3148  power=2615  sawto=1729  sawto=1728  stale=3145  stale=3146  strid=1725  tempo=3202
  even        I32 N=  67108864 bins=       8 smem_dynamic                 conce=3802  conce=2464  conce=2180  conce=2314  conce=2785  hash_=2913  poiso=3801  power=2810  power=2311  sawto=1530  sawto=1529  stale=2781  stale=2783  strid=1526  tempo=2913
  even        I32 N=  67108864 bins=       8 smem_cooperative_dynamic     conce=3774  conce=2461  conce=2180  conce=2316  conce=2772  hash_=2916  poiso=3766  power=2804  power=2309  sawto=1531  sawto=1530  stale=2784  stale=2786  strid=1525  tempo=2910
  even        I32 N=  67108864 bins=      16 smem_static                  conce=3845  conce=2754  conce=2544  conce=2852  conce=3256  hash_=3211  poiso=3841  power=3018  power=2736  sawto=2816  sawto=2815  stale=3244  stale=3245  strid=2808  tempo=3211
  even        I32 N=  67108864 bins=      16 smem_cooperative_static      conce=3831  conce=2739  conce=2534  conce=2845  conce=3227  hash_=3207  poiso=3821  power=3007  power=2730  sawto=2802  sawto=2801  stale=3241  stale=3242  strid=2796  tempo=3205
  even        I32 N=  67108864 bins=      16 smem_dynamic                 conce=3802  conce=2444  conce=2236  conce=2504  conce=2972  hash_=2909  poiso=3796  power=2693  power=2408  sawto=2450  sawto=2449  stale=2964  stale=2964  strid=2440  tempo=2910
  even        I32 N=  67108864 bins=      16 smem_cooperative_dynamic     conce=3774  conce=2432  conce=2237  conce=2507  conce=2947  hash_=2910  poiso=3769  power=2685  power=2409  sawto=2452  sawto=2452  stale=2957  stale=2956  strid=2440  tempo=2908
  even        I32 N=  67108864 bins=      32 smem_static                  conce=3848  conce=2673  conce=2613  conce=3085  conce=3302  hash_=3213  poiso=3843  power=2895  power=2908  sawto=3405  sawto=3402  stale=3296  stale=3296  strid=3388  tempo=3210
  even        I32 N=  67108864 bins=      32 smem_cooperative_static      conce=3833  conce=2670  conce=2609  conce=3076  conce=3270  hash_=3211  poiso=3823  power=2885  power=2889  sawto=3386  sawto=3387  stale=3276  stale=3284  strid=3368  tempo=3201
  even        I32 N=  67108864 bins=      32 smem_dynamic                 conce=3802  conce=2364  conce=2299  conce=2723  conce=3013  hash_=2908  poiso=3798  power=2577  power=2559  sawto=3081  sawto=3080  stale=3006  stale=3005  strid=3069  tempo=2907
  even        I32 N=  67108864 bins=      32 smem_cooperative_dynamic     conce=3779  conce=2364  conce=2297  conce=2723  conce=2994  hash_=2912  poiso=3770  power=2571  power=2560  sawto=3078  sawto=3076  stale=3004  stale=3004  strid=3066  tempo=2904
  even        I32 N=  67108864 bins=      64 smem_static                  conce=3846  conce=2921  conce=2552  conce=2991  conce=3346  hash_=3212  poiso=3840  power=2798  power=3027  sawto=3404  sawto=3403  stale=3329  stale=3333  strid=3386  tempo=3209
  even        I32 N=  67108864 bins=      64 smem_cooperative_static      conce=3829  conce=2908  conce=2542  conce=2980  conce=3311  hash_=3207  poiso=3821  power=2791  power=3008  sawto=3388  sawto=3386  stale=3330  stale=3328  strid=3369  tempo=3199
  even        I32 N=  67108864 bins=      64 smem_dynamic                 conce=3804  conce=2609  conce=2258  conce=2652  conce=3048  hash_=2906  poiso=3801  power=2485  power=2682  sawto=3078  sawto=3075  stale=3039  stale=3037  strid=3068  tempo=2902
  even        I32 N=  67108864 bins=      64 smem_cooperative_dynamic     conce=3777  conce=2605  conce=2256  conce=2649  conce=3019  hash_=2906  poiso=3769  power=2480  power=2676  sawto=3078  sawto=3075  stale=3027  stale=3030  strid=3067  tempo=2897
  even        I32 N=  67108864 bins=     128 smem_static                  conce=3847  conce=2806  conce=2492  conce=2919  conce=3375  hash_=3210  poiso=3839  power=2724  power=3149  sawto=3400  sawto=3399  stale=3357  stale=3364  strid=3384  tempo=3206
  even        I32 N=  67108864 bins=     128 smem_cooperative_static      conce=3829  conce=2797  conce=2482  conce=2912  conce=3333  hash_=3203  poiso=3817  power=2722  power=3137  sawto=3378  sawto=3383  stale=3344  stale=3345  strid=3364  tempo=3196
  even        I32 N=  67108864 bins=     128 smem_dynamic                 conce=3793  conce=2502  conce=2210  conce=2588  conce=3057  hash_=2901  poiso=3786  power=2412  power=2797  sawto=3072  sawto=3071  stale=3056  stale=3054  strid=3060  tempo=2893
  even        I32 N=  67108864 bins=     128 smem_cooperative_dynamic     conce=3776  conce=2505  conce=2212  conce=2590  conce=3045  hash_=2901  poiso=3769  power=2411  power=2798  sawto=3076  sawto=3076  stale=3059  stale=3060  strid=3065  tempo=2893
  even        I32 N=  67108864 bins=     256 smem_static                  conce=3845  conce=2650  conce=2661  conce=3193  conce=3387  hash_=3209  poiso=3838  power=2671  power=3224  sawto=3396  sawto=3397  stale=3376  stale=3378  strid=3383  tempo=3206
  even        I32 N=  67108864 bins=     256 smem_cooperative_static      conce=3830  conce=2631  conce=2655  conce=3170  conce=3347  hash_=3200  poiso=3813  power=2668  power=3204  sawto=3375  sawto=3378  stale=3357  stale=3358  strid=3356  tempo=3195
  even        I32 N=  67108864 bins=     256 smem_dynamic                 conce=3794  conce=2351  conce=2359  conce=2849  conce=3073  hash_=2899  poiso=3791  power=2367  power=2887  sawto=3072  sawto=3071  stale=3069  stale=3068  strid=3061  tempo=2895
  even        I32 N=  67108864 bins=     256 smem_cooperative_dynamic     conce=3770  conce=2348  conce=2362  conce=2851  conce=3060  hash_=2897  poiso=3765  power=2365  power=2876  sawto=3075  sawto=3074  stale=3071  stale=3071  strid=3062  tempo=2889
  even        I32 N=  67108864 bins=     512 smem_dynamic                 conce=3791  conce=2312  conce=2316  conce=2913  conce=3077  hash_=2899  poiso=3784  power=2335  power=2935  sawto=3067  sawto=3065  stale=3071  stale=3069  strid=3057  tempo=2889
  even        I32 N=  67108864 bins=     512 smem_cooperative_dynamic     conce=3771  conce=2312  conce=2319  conce=2910  conce=3059  hash_=2894  poiso=3760  power=2330  power=2931  sawto=3070  sawto=3067  stale=3070  stale=3072  strid=3054  tempo=2887
  queried input cache: cub.bench.histogram.even.base I32 N=268435456 -> S=8192
  even        I32 N= 268435456 bins=       8 smem_static                  conce=4473  conce=3095  conce=2710  conce=2911  conce=3570  hash_=3657  poiso=4468  power=3578  power=2892  sawto=1840  sawto=1840  stale=3567  stale=3568  strid=1840  tempo=3650
  even        I32 N= 268435456 bins=       8 smem_cooperative_static      conce=4465  conce=3091  conce=2707  conce=2909  conce=3560  hash_=3654  poiso=4462  power=3573  power=2889  sawto=1838  sawto=1838  stale=3565  stale=3566  strid=1837  tempo=3645
  even        I32 N= 268435456 bins=       8 smem_dynamic                 conce=4441  conce=2712  conce=2368  conce=2526  conce=3108  hash_=3291  poiso=4438  power=3150  power=2520  sawto=1616  sawto=1616  stale=3108  stale=3109  strid=1615  tempo=3275
  even        I32 N= 268435456 bins=       8 smem_cooperative_dynamic     conce=4433  conce=2709  conce=2365  conce=2523  conce=3102  hash_=3286  poiso=4431  power=3146  power=2520  sawto=1614  sawto=1614  stale=3103  stale=3105  strid=1614  tempo=3274
  even        I32 N= 268435456 bins=      16 smem_static                  conce=4475  conce=3061  conce=2795  conce=3182  conce=3689  hash_=3660  poiso=4474  power=3396  power=3040  sawto=3132  sawto=3132  stale=3686  stale=3687  strid=3128  tempo=3647
  even        I32 N= 268435456 bins=      16 smem_cooperative_static      conce=4465  conce=3058  conce=2793  conce=3178  conce=3678  hash_=3655  poiso=4461  power=3394  power=3035  sawto=3126  sawto=3130  stale=3681  stale=3683  strid=3124  tempo=3643
  even        I32 N= 268435456 bins=      16 smem_dynamic                 conce=4440  conce=2682  conce=2436  conce=2761  conce=3340  hash_=3285  poiso=4439  power=2993  power=2645  sawto=2690  sawto=2690  stale=3338  stale=3341  strid=2688  tempo=3273
  even        I32 N= 268435456 bins=      16 smem_cooperative_dynamic     conce=4436  conce=2678  conce=2434  conce=2760  conce=3332  hash_=3283  poiso=4432  power=2992  power=2643  sawto=2688  sawto=2689  stale=3337  stale=3337  strid=2686  tempo=3269
  even        I32 N= 268435456 bins=      32 smem_static                  conce=4473  conce=2960  conce=2883  conce=3478  conce=3745  hash_=3656  poiso=4471  power=3241  power=3247  sawto=3882  sawto=3884  stale=3741  stale=3741  strid=3880  tempo=3645
  even        I32 N= 268435456 bins=      32 smem_cooperative_static      conce=4465  conce=2956  conce=2880  conce=3475  conce=3733  hash_=3654  poiso=4459  power=3237  power=3242  sawto=3879  sawto=3880  stale=3736  stale=3739  strid=3871  tempo=3642
  even        I32 N= 268435456 bins=      32 smem_dynamic                 conce=4440  conce=2588  conce=2509  conce=3031  conce=3381  hash_=3281  poiso=4437  power=2847  power=2826  sawto=3488  sawto=3490  stale=3378  stale=3377  strid=3485  tempo=3269
  even        I32 N= 268435456 bins=      32 smem_cooperative_dynamic     conce=4435  conce=2586  conce=2509  conce=3028  conce=3372  hash_=3281  poiso=4432  power=2844  power=2824  sawto=3487  sawto=3488  stale=3376  stale=3376  strid=3482  tempo=3266
  even        I32 N= 268435456 bins=      64 smem_static                  conce=4474  conce=3269  conce=2805  conce=3357  conce=3799  hash_=3656  poiso=4471  power=3118  power=3403  sawto=3883  sawto=3883  stale=3794  stale=3795  strid=3881  tempo=3646
  even        I32 N= 268435456 bins=      64 smem_cooperative_static      conce=4466  conce=3267  conce=2802  conce=3350  conce=3786  hash_=3653  poiso=4458  power=3115  power=3399  sawto=3879  sawto=3878  stale=3792  stale=3790  strid=3874  tempo=3642
  even        I32 N= 268435456 bins=      64 smem_dynamic                 conce=4440  conce=2880  conce=2461  conce=2943  conce=3422  hash_=3277  poiso=4438  power=2732  power=2984  sawto=3491  sawto=3490  stale=3420  stale=3422  strid=3486  tempo=3263
  even        I32 N= 268435456 bins=      64 smem_cooperative_dynamic     conce=4435  conce=2878  conce=2459  conce=2941  conce=3412  hash_=3277  poiso=4428  power=2731  power=2980  sawto=3487  sawto=3487  stale=3415  stale=3418  strid=3480  tempo=3261
  even        I32 N= 268435456 bins=     128 smem_static                  conce=4472  conce=3131  conce=2736  conce=3270  conce=3835  hash_=3655  poiso=4467  power=3025  power=3560  sawto=3880  sawto=3879  stale=3834  stale=3832  strid=3879  tempo=3642
  even        I32 N= 268435456 bins=     128 smem_cooperative_static      conce=4464  conce=3127  conce=2733  conce=3264  conce=3824  hash_=3651  poiso=4460  power=3022  power=3557  sawto=3877  sawto=3877  stale=3828  stale=3827  strid=3871  tempo=3638
  even        I32 N= 268435456 bins=     128 smem_dynamic                 conce=4436  conce=2756  conce=2409  conce=2872  conce=3447  hash_=3273  poiso=4431  power=2650  power=3136  sawto=3486  sawto=3487  stale=3446  stale=3448  strid=3482  tempo=3256
  even        I32 N= 268435456 bins=     128 smem_cooperative_dynamic     conce=4434  conce=2756  conce=2408  conce=2872  conce=3441  hash_=3273  poiso=4428  power=2649  power=3135  sawto=3489  sawto=3485  stale=3446  stale=3446  strid=3478  tempo=3257
  even        I32 N= 268435456 bins=     256 smem_static                  conce=4472  conce=2930  conce=2947  conce=3626  conce=3857  hash_=3652  poiso=4468  power=2963  power=3667  sawto=3881  sawto=3880  stale=3854  stale=3856  strid=3878  tempo=3643
  even        I32 N= 268435456 bins=     256 smem_cooperative_static      conce=4464  conce=2928  conce=2945  conce=3620  conce=3845  hash_=3648  poiso=4458  power=2960  power=3660  sawto=3875  sawto=3876  stale=3850  stale=3848  strid=3874  tempo=3638
  even        I32 N= 268435456 bins=     256 smem_dynamic                 conce=4439  conce=2571  conce=2585  conce=3201  conce=3467  hash_=3274  poiso=4433  power=2597  power=3254  sawto=3487  sawto=3486  stale=3466  stale=3466  strid=3482  tempo=3257
  even        I32 N= 268435456 bins=     256 smem_cooperative_dynamic     conce=4435  conce=2571  conce=2586  conce=3202  conce=3461  hash_=3272  poiso=4427  power=2595  power=3251  sawto=3487  sawto=3486  stale=3463  stale=3464  strid=3480  tempo=3258
  even        I32 N= 268435456 bins=     512 smem_dynamic                 conce=4436  conce=2528  conce=2540  conce=3288  conce=3475  hash_=3270  poiso=4430  power=2557  power=3326  sawto=3486  sawto=3485  stale=3471  stale=3473  strid=3482  tempo=3255
  even        I32 N= 268435456 bins=     512 smem_cooperative_dynamic     conce=4435  conce=2527  conce=2540  conce=3289  conce=3469  hash_=3270  poiso=4429  power=2557  power=3326  sawto=3484  sawto=3482  stale=3473  stale=3473  strid=3481  tempo=3256
  queried input cache: cub.bench.histogram.even.base I32 N=1073741824 -> S=8192
  even        I32 N=1073741824 bins=       8 smem_static                  conce=4691  conce=3185  conce=2775  conce=2988  conce=3705  hash_=3798  poiso=4687  power=3712  power=2969  sawto=1867  sawto=1867  stale=3704  stale=3706  strid=1866  tempo=3784
  even        I32 N=1073741824 bins=       8 smem_cooperative_static      conce=4683  conce=3185  conce=2775  conce=2987  conce=3701  hash_=3798  poiso=4681  power=3713  power=2967  sawto=1866  sawto=1866  stale=3703  stale=3701  strid=1866  tempo=3782
  even        I32 N=1073741824 bins=       8 smem_dynamic                 conce=4658  conce=2778  conce=2418  conce=2585  conce=3205  hash_=3401  poiso=4657  power=3250  power=2577  sawto=1637  sawto=1638  stale=3202  stale=3205  strid=1637  tempo=3385
  even        I32 N=1073741824 bins=       8 smem_cooperative_dynamic     conce=4659  conce=2777  conce=2417  conce=2586  conce=3202  hash_=3402  poiso=4657  power=3249  power=2577  sawto=1638  sawto=1638  stale=3204  stale=3204  strid=1637  tempo=3386
  even        I32 N=1073741824 bins=      16 smem_static                  conce=4685  conce=3148  conce=2866  conce=3281  conce=3824  hash_=3797  poiso=4684  power=3516  power=3127  sawto=3223  sawto=3222  stale=3823  stale=3825  strid=3221  tempo=3782
  even        I32 N=1073741824 bins=      16 smem_cooperative_static      conce=4678  conce=3148  conce=2864  conce=3281  conce=3820  hash_=3792  poiso=4681  power=3513  power=3126  sawto=3220  sawto=3220  stale=3819  stale=3821  strid=3218  tempo=3779
  even        I32 N=1073741824 bins=      16 smem_dynamic                 conce=4655  conce=2746  conce=2489  conce=2832  conce=3456  hash_=3398  poiso=4656  power=3078  power=2708  sawto=2756  sawto=2756  stale=3458  stale=3458  strid=2755  tempo=3383
  even        I32 N=1073741824 bins=      16 smem_cooperative_dynamic     conce=4657  conce=2744  conce=2489  conce=2831  conce=3456  hash_=3398  poiso=4655  power=3077  power=2707  sawto=2755  sawto=2755  stale=3458  stale=3455  strid=2754  tempo=3381
  even        I32 N=1073741824 bins=      32 smem_static                  conce=4690  conce=3041  conce=2959  conce=3607  conce=3884  hash_=3797  poiso=4685  power=3346  power=3352  sawto=4038  sawto=4038  stale=3881  stale=3883  strid=4038  tempo=3783
  even        I32 N=1073741824 bins=      32 smem_cooperative_static      conce=4686  conce=3038  conce=2958  conce=3607  conce=3881  hash_=3796  poiso=4680  power=3344  power=3349  sawto=4037  sawto=4036  stale=3879  stale=3880  strid=4035  tempo=3781
  even        I32 N=1073741824 bins=      32 smem_dynamic                 conce=4657  conce=2648  conce=2566  conce=3120  conce=3496  hash_=3396  poiso=4655  power=2922  power=2901  sawto=3621  sawto=3622  stale=3494  stale=3494  strid=3619  tempo=3379
  even        I32 N=1073741824 bins=      32 smem_cooperative_dynamic     conce=4653  conce=2648  conce=2567  conce=3121  conce=3494  hash_=3394  poiso=4656  power=2921  power=2900  sawto=3621  sawto=3621  stale=3495  stale=3493  strid=3617  tempo=3378
  even        I32 N=1073741824 bins=      64 smem_static                  conce=4685  conce=3378  conce=2876  conce=3470  conce=3943  hash_=3797  poiso=4687  power=3212  power=3524  sawto=4039  sawto=4038  stale=3941  stale=3942  strid=4037  tempo=3781
  even        I32 N=1073741824 bins=      64 smem_cooperative_static      conce=4682  conce=3376  conce=2875  conce=3471  conce=3939  hash_=3795  poiso=4680  power=3212  power=3523  sawto=4038  sawto=4035  stale=3938  stale=3941  strid=4036  tempo=3779
  even        I32 N=1073741824 bins=      64 smem_dynamic                 conce=4658  conce=2959  conce=2517  conce=3028  conce=3540  hash_=3391  poiso=4657  power=2804  power=3071  sawto=3621  sawto=3622  stale=3543  stale=3538  strid=3621  tempo=3376
  even        I32 N=1073741824 bins=      64 smem_cooperative_dynamic     conce=4656  conce=2958  conce=2514  conce=3021  conce=3537  hash_=3385  poiso=4656  power=2801  power=3068  sawto=3621  sawto=3622  stale=3540  stale=3537  strid=3619  tempo=3375
  even        I32 N=1073741824 bins=     128 smem_static                  conce=4685  conce=3225  conce=2804  conce=3377  conce=3982  hash_=3795  poiso=4685  power=3114  power=3702  sawto=4038  sawto=4040  stale=3983  stale=3983  strid=4036  tempo=3779
  even        I32 N=1073741824 bins=     128 smem_cooperative_static      conce=4683  conce=3225  conce=2802  conce=3377  conce=3981  hash_=3794  poiso=4680  power=3113  power=3700  sawto=4036  sawto=4036  stale=3981  stale=3981  strid=4032  tempo=3777
  even        I32 N=1073741824 bins=     128 smem_dynamic                 conce=4654  conce=2826  conce=2461  conce=2950  conce=3574  hash_=3384  poiso=4654  power=2714  power=3236  sawto=3617  sawto=3618  stale=3573  stale=3572  strid=3616  tempo=3368
  even        I32 N=1073741824 bins=     128 smem_cooperative_dynamic     conce=4645  conce=2821  conce=2457  conce=2945  conce=3563  hash_=3380  poiso=4647  power=2711  power=3231  sawto=3613  sawto=3611  stale=3566  stale=3562  strid=3611  tempo=3364
  even        I32 N=1073741824 bins=     256 smem_static                  conce=4684  conce=3008  conce=3026  conce=3769  conce=4006  hash_=3795  poiso=4685  power=3044  power=3815  sawto=4037  sawto=4036  stale=4008  stale=4005  strid=4036  tempo=3778
  even        I32 N=1073741824 bins=     256 smem_cooperative_static      conce=4683  conce=3011  conce=3028  conce=3766  conce=4007  hash_=3791  poiso=4682  power=3045  power=3812  sawto=4034  sawto=4037  stale=4007  stale=4008  strid=4035  tempo=3781
  even        I32 N=1073741824 bins=     256 smem_dynamic                 conce=4655  conce=2633  conce=2648  conce=3309  conce=3594  hash_=3387  poiso=4654  power=2659  power=3368  sawto=3620  sawto=3618  stale=3594  stale=3593  strid=3617  tempo=3370
  even        I32 N=1073741824 bins=     256 smem_cooperative_dynamic     conce=4659  conce=2633  conce=2648  conce=3309  conce=3594  hash_=3388  poiso=4655  power=2658  power=3368  sawto=3620  sawto=3620  stale=3591  stale=3594  strid=3618  tempo=3368
  even        I32 N=1073741824 bins=     512 smem_dynamic                 conce=4658  conce=2587  conce=2600  conce=3407  conce=3605  hash_=3387  poiso=4655  power=2619  power=3446  sawto=3617  sawto=3619  stale=3603  stale=3606  strid=3618  tempo=3368
  even        I32 N=1073741824 bins=     512 smem_cooperative_dynamic     conce=4658  conce=2587  conce=2598  conce=3409  conce=3604  hash_=3387  poiso=4654  power=2618  power=3448  sawto=3618  sawto=3619  stale=3602  stale=3603  strid=3617  tempo=3368
  queried input cache: cub.bench.histogram.even.base I32 N=2000000000 -> S=8192
  even        I32 N=2000000000 bins=       8 smem_static                  conce=4730  conce=3202  conce=2786  conce=3002  conce=3729  hash_=3824  poiso=4727  power=3741  power=2982  sawto=1871  sawto=1871  stale=3731  stale=3731  strid=1871  tempo=3809
  even        I32 N=2000000000 bins=       8 smem_cooperative_static      conce=4727  conce=3203  conce=2785  conce=3000  conce=3727  hash_=3824  poiso=4727  power=3736  power=2981  sawto=1871  sawto=1871  stale=3729  stale=3730  strid=1871  tempo=3809
  even        I32 N=2000000000 bins=       8 smem_dynamic                 conce=4703  conce=2790  conce=2426  conce=2594  conce=3222  hash_=3425  poiso=4704  power=3268  power=2587  sawto=1642  sawto=1641  stale=3221  stale=3221  strid=1641  tempo=3408
  even        I32 N=2000000000 bins=       8 smem_cooperative_dynamic     conce=4700  conce=2790  conce=2425  conce=2594  conce=3220  hash_=3422  poiso=4700  power=3267  power=2587  sawto=1641  sawto=1641  stale=3220  stale=3219  strid=1641  tempo=3405
  even        I32 N=2000000000 bins=      16 smem_static                  conce=4732  conce=3165  conce=2876  conce=3300  conce=3852  hash_=3821  poiso=4729  power=3537  power=3143  sawto=3239  sawto=3238  stale=3849  stale=3851  strid=3238  tempo=3808
  even        I32 N=2000000000 bins=      16 smem_cooperative_static      conce=4727  conce=3165  conce=2877  conce=3299  conce=3847  hash_=3821  poiso=4728  power=3535  power=3142  sawto=3237  sawto=3237  stale=3847  stale=3851  strid=3237  tempo=3807
  even        I32 N=2000000000 bins=      16 smem_dynamic                 conce=4698  conce=2757  conce=2498  conce=2844  conce=3479  hash_=3419  poiso=4702  power=3093  power=2719  sawto=2767  sawto=2766  stale=3482  stale=3480  strid=2766  tempo=3402
  even        I32 N=2000000000 bins=      16 smem_cooperative_dynamic     conce=4701  conce=2757  conce=2498  conce=2844  conce=3481  hash_=3386  poiso=4701  power=3093  power=2719  sawto=2766  sawto=2767  stale=3480  stale=3481  strid=2765  tempo=3401
  even        I32 N=2000000000 bins=      32 smem_static                  conce=4731  conce=3054  conce=2972  conce=3632  conce=3911  hash_=3821  poiso=4730  power=3364  power=3371  sawto=4071  sawto=4071  stale=3910  stale=3910  strid=4069  tempo=3806
  even        I32 N=2000000000 bins=      32 smem_cooperative_static      conce=4728  conce=3054  conce=2972  conce=3631  conce=3910  hash_=3822  poiso=4725  power=3364  power=3371  sawto=4068  sawto=4067  stale=3909  stale=3909  strid=4068  tempo=3804
  even        I32 N=2000000000 bins=      32 smem_dynamic                 conce=4703  conce=2660  conce=2576  conce=3138  conce=3519  hash_=3417  poiso=4701  power=2935  power=2914  sawto=3647  sawto=3648  stale=3519  stale=3520  strid=3645  tempo=3402
  even        I32 N=2000000000 bins=      32 smem_cooperative_dynamic     conce=4702  conce=2659  conce=2576  conce=3138  conce=3518  hash_=3419  poiso=4701  power=2935  power=2914  sawto=3646  sawto=3647  stale=3518  stale=3518  strid=3647  tempo=3401
  even        I32 N=2000000000 bins=      64 smem_static                  conce=4729  conce=3399  conce=2887  conce=3494  conce=3971  hash_=3822  poiso=4729  power=3229  power=3547  sawto=4069  sawto=4068  stale=3969  stale=3971  strid=4068  tempo=3808
  even        I32 N=2000000000 bins=      64 smem_cooperative_static      conce=4726  conce=3398  conce=2887  conce=3493  conce=3971  hash_=3823  poiso=4727  power=3228  power=3545  sawto=4069  sawto=4069  stale=3971  stale=3970  strid=4068  tempo=3807
  even        I32 N=2000000000 bins=      64 smem_dynamic                 conce=4703  conce=2973  conce=2525  conce=3042  conce=3566  hash_=3412  poiso=4702  power=2814  power=3087  sawto=3644  sawto=3646  stale=3565  stale=3565  strid=3645  tempo=3394
  even        I32 N=2000000000 bins=      64 smem_cooperative_dynamic     conce=4701  conce=2972  conce=2525  conce=3042  conce=3566  hash_=3412  poiso=4701  power=2815  power=3086  sawto=3646  sawto=3647  stale=3565  stale=3564  strid=3645  tempo=3394
  even        I32 N=2000000000 bins=     128 smem_static                  conce=4728  conce=3243  conce=2815  conce=3399  conce=4013  hash_=3821  poiso=4730  power=3130  power=3726  sawto=4069  sawto=4070  stale=4014  stale=4013  strid=4070  tempo=3806
  even        I32 N=2000000000 bins=     128 smem_cooperative_static      conce=4725  conce=3244  conce=2815  conce=3399  conce=4013  hash_=3821  poiso=4728  power=3130  power=3726  sawto=4068  sawto=4068  stale=4011  stale=4013  strid=4069  tempo=3805
  even        I32 N=2000000000 bins=     128 smem_dynamic                 conce=4702  conce=2839  conce=2470  conce=2966  conce=3598  hash_=3408  poiso=4699  power=2727  power=3256  sawto=3646  sawto=3646  stale=3599  stale=3600  strid=3644  tempo=3392
  even        I32 N=2000000000 bins=     128 smem_cooperative_dynamic     conce=4698  conce=2838  conce=2470  conce=2966  conce=3598  hash_=3408  poiso=4700  power=2726  power=3257  sawto=3646  sawto=3646  stale=3598  stale=3597  strid=3645  tempo=3393
  even        I32 N=2000000000 bins=     256 smem_static                  conce=4729  conce=3025  conce=3042  conce=3798  conce=4036  hash_=3822  poiso=4729  power=3059  power=3846  sawto=4070  sawto=4071  stale=4040  stale=4038  strid=4069  tempo=3806
  even        I32 N=2000000000 bins=     256 smem_cooperative_static      conce=4729  conce=3025  conce=3042  conce=3795  conce=4036  hash_=3821  poiso=4727  power=3060  power=3843  sawto=4067  sawto=4069  stale=4040  stale=4039  strid=4066  tempo=3805
  even        I32 N=2000000000 bins=     256 smem_dynamic                 conce=4702  conce=2644  conce=2659  conce=3331  conce=3620  hash_=3407  poiso=4699  power=2668  power=3389  sawto=3648  sawto=3646  stale=3619  stale=3619  strid=3644  tempo=3389
  even        I32 N=2000000000 bins=     256 smem_cooperative_dynamic     conce=4701  conce=2643  conce=2659  conce=3329  conce=3620  hash_=3410  poiso=4700  power=2668  power=3389  sawto=3647  sawto=3645  stale=3619  stale=3620  strid=3644  tempo=3390
  even        I32 N=2000000000 bins=     512 smem_dynamic                 conce=4705  conce=2597  conce=2611  conce=3432  conce=3631  hash_=3408  poiso=4701  power=2629  power=3471  sawto=3646  sawto=3647  stale=3630  stale=3631  strid=3643  tempo=3390
  even        I32 N=2000000000 bins=     512 smem_cooperative_dynamic     conce=4702  conce=2597  conce=2611  conce=3430  conce=3630  hash_=3407  poiso=4701  power=2628  power=3470  sawto=3644  sawto=3646  stale=3630  stale=3629  strid=3644  tempo=3389
  even        I32 N=   1048576 bins=       8 main                              conce=222  conce=213  conce=203  conce=198  conce=204  hash_=207  poiso=225  power=197  power=197  sawto=202  sawto=205  stale=198  stale=194  strid=203  tempo=223
  even        I32 N=   1048576 bins=      16 main                              conce=222  conce=213  conce=212  conce=198  conce=204  hash_=212  poiso=226  power=219  power=203  sawto=199  sawto=199  stale=198  stale=199  strid=195  tempo=223
  even        I32 N=   1048576 bins=      32 main                              conce=222  conce=213  conce=216  conce=202  conce=211  hash_=212  poiso=227  power=219  power=203  sawto=219  sawto=220  stale=202  stale=200  strid=212  tempo=223
  even        I32 N=   1048576 bins=      64 main                              conce=222  conce=213  conce=219  conce=204  conce=214  hash_=213  poiso=227  power=218  power=219  sawto=218  sawto=219  stale=206  stale=211  strid=212  tempo=223
  even        I32 N=   1048576 bins=     128 main                              conce=222  conce=220  conce=221  conce=217  conce=218  hash_=219  poiso=220  power=219  power=213  sawto=218  sawto=219  stale=213  stale=217  strid=219  tempo=223
  even        I32 N=   1048576 bins=     256 main                              conce=222  conce=219  conce=221  conce=219  conce=225  hash_=213  poiso=225  power=219  power=219  sawto=218  sawto=219  stale=219  stale=220  strid=213  tempo=222
  even        I32 N=   1048576 bins=     512 main                              conce=222  conce=194  conce=178  conce=174  conce=191  hash_=211  poiso=220  power=201  power=185  sawto=171  sawto=165  stale=181  stale=180  strid=170  tempo=222
  even        I32 N=  16777216 bins=       8 main                              conce=698  conce=668  conce=586  conce=566  conce=566  hash_=606  poiso=698  power=567  power=565  sawto=673  sawto=675  stale=566  stale=566  strid=673  tempo=698
  even        I32 N=  16777216 bins=      16 main                              conce=698  conce=664  conce=607  conce=569  conce=567  hash_=629  poiso=697  power=664  power=591  sawto=631  sawto=628  stale=568  stale=568  strid=625  tempo=698
  even        I32 N=  16777216 bins=      32 main                              conce=698  conce=664  conce=623  conce=580  conce=580  hash_=648  poiso=698  power=658  power=591  sawto=655  sawto=655  stale=579  stale=580  strid=651  tempo=699
  even        I32 N=  16777216 bins=      64 main                              conce=698  conce=660  conce=630  conce=602  conce=607  hash_=656  poiso=698  power=668  power=644  sawto=654  sawto=655  stale=603  stale=603  strid=650  tempo=698
  even        I32 N=  16777216 bins=     128 main                              conce=698  conce=662  conce=644  conce=626  conce=635  hash_=663  poiso=697  power=668  power=644  sawto=654  sawto=654  stale=630  stale=631  strid=650  tempo=698
  even        I32 N=  16777216 bins=     256 main                              conce=698  conce=664  conce=662  conce=652  conce=652  hash_=664  poiso=698  power=667  power=645  sawto=654  sawto=654  stale=653  stale=653  strid=650  tempo=698
  even        I32 N=  16777216 bins=     512 main                              conce=698  conce=434  conce=458  conce=481  conce=525  hash_=649  poiso=697  power=588  power=551  sawto=473  sawto=425  stale=517  stale=533  strid=464  tempo=697
  even        I32 N=  67108864 bins=       8 main                              conce=776  conce=744  conce=644  conce=618  conce=618  hash_=670  poiso=776  power=621  power=618  sawto=807  sawto=804  stale=618  stale=618  strid=807  tempo=776
  even        I32 N=  67108864 bins=      16 main                              conce=776  conce=745  conce=672  conce=624  conce=621  hash_=699  poiso=776  power=739  power=651  sawto=765  sawto=754  stale=621  stale=621  strid=760  tempo=776
  even        I32 N=  67108864 bins=      32 main                              conce=776  conce=743  conce=691  conce=639  conce=636  hash_=722  poiso=776  power=734  power=651  sawto=736  sawto=737  stale=636  stale=636  strid=735  tempo=777
  even        I32 N=  67108864 bins=      64 main                              conce=776  conce=736  conce=701  conce=662  conce=666  hash_=733  poiso=776  power=745  power=716  sawto=736  sawto=736  stale=664  stale=665  strid=735  tempo=776
  even        I32 N=  67108864 bins=     128 main                              conce=776  conce=739  conce=719  conce=693  conce=698  hash_=740  poiso=776  power=745  power=718  sawto=735  sawto=736  stale=698  stale=699  strid=735  tempo=777
  even        I32 N=  67108864 bins=     256 main                              conce=776  conce=744  conce=736  conce=723  conce=723  hash_=742  poiso=776  power=744  power=719  sawto=735  sawto=736  stale=723  stale=723  strid=735  tempo=776
  even        I32 N=  67108864 bins=     512 main                              conce=777  conce=562  conce=475  conce=507  conce=580  hash_=731  poiso=776  power=551  power=639  sawto=496  sawto=448  stale=591  stale=588  strid=489  tempo=777
  even        I32 N= 268435456 bins=       8 main                              conce=799  conce=766  conce=663  conce=636  conce=635  hash_=692  poiso=799  power=638  power=635  sawto=855  sawto=852  stale=636  stale=636  strid=856  tempo=799
  even        I32 N= 268435456 bins=      16 main                              conce=800  conce=766  conce=692  conce=642  conce=638  hash_=722  poiso=799  power=761  power=671  sawto=818  sawto=805  stale=638  stale=638  strid=813  tempo=799
  even        I32 N= 268435456 bins=      32 main                              conce=799  conce=765  conce=712  conce=657  conce=654  hash_=743  poiso=800  power=756  power=671  sawto=757  sawto=757  stale=654  stale=654  strid=757  tempo=799
  even        I32 N= 268435456 bins=      64 main                              conce=799  conce=759  conce=723  conce=682  conce=686  hash_=756  poiso=799  power=766  power=739  sawto=757  sawto=757  stale=686  stale=686  strid=757  tempo=799
  even        I32 N= 268435456 bins=     128 main                              conce=800  conce=761  conce=740  conce=714  conce=720  hash_=762  poiso=799  power=766  power=739  sawto=757  sawto=757  stale=720  stale=720  strid=757  tempo=799
  even        I32 N= 268435456 bins=     256 main                              conce=799  conce=766  conce=759  conce=745  conce=746  hash_=764  poiso=799  power=765  power=742  sawto=756  sawto=757  stale=747  stale=747  strid=757  tempo=799
  even        I32 N= 268435456 bins=     512 main                              conce=804  conce=567  conce=481  conce=509  conce=600  hash_=757  poiso=804  power=711  power=645  sawto=506  sawto=457  stale=608  stale=605  strid=500  tempo=805
  even        I32 N=1073741824 bins=       8 main                              conce=767  conce=736  conce=643  conce=612  conce=611  hash_=673  poiso=766  power=615  power=612  sawto=852  sawto=810  stale=612  stale=612  strid=842  tempo=767
  even        I32 N=1073741824 bins=      16 main                              conce=767  conce=736  conce=673  conce=620  conce=615  hash_=703  poiso=767  power=736  power=651  sawto=793  sawto=765  stale=615  stale=615  strid=788  tempo=767
  even        I32 N=1073741824 bins=      32 main                              conce=767  conce=737  conce=693  conce=637  conce=633  hash_=723  poiso=766  power=733  power=651  sawto=730  sawto=733  stale=633  stale=633  strid=732  tempo=766
  even        I32 N=1073741824 bins=      64 main                              conce=767  conce=734  conce=704  conce=662  conce=666  hash_=733  poiso=766  power=736  power=719  sawto=730  sawto=733  stale=667  stale=667  strid=733  tempo=766
  even        I32 N=1073741824 bins=     128 main                              conce=766  conce=735  conce=720  conce=696  conce=701  hash_=736  poiso=766  power=736  power=720  sawto=730  sawto=733  stale=702  stale=701  strid=732  tempo=767
  even        I32 N=1073741824 bins=     256 main                              conce=767  conce=736  conce=735  conce=725  conce=726  hash_=737  poiso=767  power=737  power=722  sawto=730  sawto=733  stale=726  stale=727  strid=732  tempo=767
  even        I32 N=1073741824 bins=     512 main                              conce=797  conce=567  conce=481  conce=507  conce=610  hash_=752  poiso=797  power=677  power=646  sawto=504  sawto=459  stale=625  stale=616  strid=497  tempo=797
  even        I32 N=2000000000 bins=       8 main                              conce=768  conce=738  conce=643  conce=613  conce=613  hash_=674  poiso=768  power=616  power=613  sawto=856  sawto=813  stale=613  stale=613  strid=845  tempo=768
  even        I32 N=2000000000 bins=      16 main                              conce=768  conce=738  conce=674  conce=620  conce=616  hash_=704  poiso=768  power=737  power=652  sawto=795  sawto=769  stale=616  stale=616  strid=790  tempo=768
  even        I32 N=2000000000 bins=      32 main                              conce=768  conce=738  conce=694  conce=638  conce=634  hash_=724  poiso=768  power=734  power=652  sawto=731  sawto=734  stale=634  stale=634  strid=734  tempo=768
  even        I32 N=2000000000 bins=      64 main                              conce=768  conce=736  conce=705  conce=664  conce=667  hash_=734  poiso=768  power=738  power=720  sawto=731  sawto=734  stale=667  stale=668  strid=734  tempo=768
  even        I32 N=2000000000 bins=     128 main                              conce=768  conce=737  conce=721  conce=697  conce=702  hash_=737  poiso=768  power=738  power=721  sawto=731  sawto=734  stale=703  stale=703  strid=733  tempo=768
  even        I32 N=2000000000 bins=     256 main                              conce=768  conce=738  conce=736  conce=726  conce=727  hash_=738  poiso=768  power=738  power=723  sawto=731  sawto=734  stale=727  stale=727  strid=734  tempo=767
  even        I32 N=2000000000 bins=     512 main                              conce=798  conce=566  conce=481  conce=507  conce=612  hash_=753  poiso=798  power=673  power=647  sawto=502  sawto=459  stale=623  stale=617  strid=496  tempo=798
  queried input cache: cub.bench.histogram.even.base F64 N=1048576 -> S=8192
  even        F64 N=   1048576 bins=       8 smem_static                  conce=805  conce=781  conce=771  conce=797  conce=786  hash_=769  poiso=800  power=793  power=792  sawto=803  sawto=796  stale=806  stale=801  strid=769  tempo=795
  even        F64 N=   1048576 bins=       8 smem_cooperative_static      conce=782  conce=688  conce=705  conce=690  conce=739  hash_=713  poiso=759  power=702  power=687  sawto=751  sawto=751  stale=767  stale=766  strid=706  tempo=740
  even        F64 N=   1048576 bins=       8 smem_dynamic                 conce=798  conce=707  conce=712  conce=710  conce=769  hash_=748  poiso=800  power=721  power=708  sawto=762  sawto=763  stale=778  stale=769  strid=741  tempo=756
  even        F64 N=   1048576 bins=       8 smem_cooperative_dynamic     conce=739  conce=683  conce=685  conce=686  conce=697  hash_=681  poiso=701  power=689  power=683  sawto=690  sawto=692  stale=689  stale=701  strid=680  tempo=693
  even        F64 N=   1048576 bins=      16 smem_static                  conce=808  conce=781  conce=782  conce=806  conce=792  hash_=769  poiso=803  power=795  power=805  sawto=813  sawto=808  stale=804  stale=807  strid=769  tempo=797
  even        F64 N=   1048576 bins=      16 smem_cooperative_static      conce=776  conce=694  conce=718  conce=698  conce=762  hash_=716  poiso=750  power=706  power=693  sawto=786  sawto=782  stale=786  stale=792  strid=747  tempo=742
  even        F64 N=   1048576 bins=      16 smem_dynamic                 conce=796  conce=712  conce=728  conce=727  conce=775  hash_=748  poiso=800  power=723  power=715  sawto=804  sawto=799  stale=794  stale=786  strid=769  tempo=756
  even        F64 N=   1048576 bins=      16 smem_cooperative_dynamic     conce=740  conce=683  conce=686  conce=687  conce=719  hash_=683  poiso=702  power=687  power=686  sawto=752  sawto=754  stale=714  stale=752  strid=709  tempo=706
  even        F64 N=   1048576 bins=      32 smem_static                  conce=788  conce=774  conce=782  conce=797  conce=817  hash_=766  poiso=783  power=774  power=795  sawto=821  sawto=816  stale=789  stale=797  strid=766  tempo=780
  even        F64 N=   1048576 bins=      32 smem_cooperative_static      conce=788  conce=695  conce=739  conce=725  conce=769  hash_=723  poiso=771  power=705  power=701  sawto=804  sawto=799  stale=801  stale=805  strid=766  tempo=744
  even        F64 N=   1048576 bins=      32 smem_dynamic                 conce=788  conce=721  conce=750  conce=757  conce=785  hash_=754  poiso=788  power=735  power=744  sawto=789  sawto=788  stale=785  stale=783  strid=765  tempo=758
  even        F64 N=   1048576 bins=      32 smem_cooperative_dynamic     conce=748  conce=682  conce=688  conce=695  conce=733  hash_=687  poiso=712  power=688  power=692  sawto=762  sawto=768  stale=752  stale=754  strid=731  tempo=707
  even        F64 N=   1048576 bins=      64 smem_static                  conce=795  conce=789  conce=773  conce=797  conce=811  hash_=765  poiso=791  power=780  power=801  sawto=822  sawto=817  stale=789  stale=797  strid=767  tempo=781
  even        F64 N=   1048576 bins=      64 smem_cooperative_static      conce=787  conce=698  conce=730  conce=712  conce=769  hash_=722  poiso=772  power=713  power=732  sawto=796  sawto=794  stale=799  stale=800  strid=763  tempo=743
  even        F64 N=   1048576 bins=      64 smem_dynamic                 conce=797  conce=709  conce=724  conce=745  conce=779  hash_=746  poiso=798  power=719  power=753  sawto=807  sawto=798  stale=798  stale=796  strid=769  tempo=755
  even        F64 N=   1048576 bins=      64 smem_cooperative_dynamic     conce=747  conce=687  conce=686  conce=689  conce=732  hash_=681  poiso=713  power=688  power=693  sawto=764  sawto=770  stale=752  stale=755  strid=726  tempo=696
  even        F64 N=   1048576 bins=     128 smem_static                  conce=801  conce=783  conce=772  conce=806  conce=804  hash_=767  poiso=796  power=782  power=807  sawto=821  sawto=815  stale=802  stale=807  strid=768  tempo=790
  even        F64 N=   1048576 bins=     128 smem_cooperative_static      conce=793  conce=689  conce=721  conce=700  conce=774  hash_=713  poiso=782  power=698  power=729  sawto=807  sawto=808  stale=804  stale=818  strid=763  tempo=740
  even        F64 N=   1048576 bins=     128 smem_dynamic                 conce=783  conce=720  conce=731  conce=741  conce=780  hash_=746  poiso=781  power=741  power=761  sawto=785  sawto=781  stale=789  stale=787  strid=767  tempo=756
  even        F64 N=   1048576 bins=     128 smem_cooperative_dynamic     conce=747  conce=685  conce=686  conce=688  conce=733  hash_=683  poiso=713  power=686  power=688  sawto=764  sawto=770  stale=752  stale=758  strid=725  tempo=693
  even        F64 N=   1048576 bins=     256 smem_static                  conce=804  conce=764  conce=772  conce=782  conce=785  hash_=769  poiso=802  power=783  power=792  sawto=804  sawto=799  stale=802  stale=798  strid=769  tempo=768
  even        F64 N=   1048576 bins=     256 smem_cooperative_static      conce=793  conce=688  conce=725  conce=691  conce=750  hash_=709  poiso=775  power=696  power=694  sawto=762  sawto=765  stale=758  stale=767  strid=722  tempo=711
  even        F64 N=   1048576 bins=     256 smem_dynamic                 conce=796  conce=710  conce=743  conce=752  conce=774  hash_=738  poiso=797  power=722  power=772  sawto=802  sawto=796  stale=800  stale=789  strid=768  tempo=753
  even        F64 N=   1048576 bins=     256 smem_cooperative_dynamic     conce=742  conce=684  conce=687  conce=688  conce=721  hash_=682  poiso=706  power=685  power=688  sawto=756  sawto=758  stale=727  stale=744  strid=716  tempo=691
  even        F64 N=   1048576 bins=     512 smem_dynamic                 conce=792  conce=707  conce=722  conce=747  conce=771  hash_=732  poiso=796  power=718  power=749  sawto=805  sawto=801  stale=802  stale=782  strid=769  tempo=742
  even        F64 N=   1048576 bins=     512 smem_cooperative_dynamic     conce=730  conce=683  conce=686  conce=689  conce=713  hash_=681  poiso=700  power=681  power=687  sawto=753  sawto=753  stale=703  stale=731  strid=709  tempo=693
  queried input cache: cub.bench.histogram.even.base F64 N=16777216 -> S=8192
  even        F64 N=  16777216 bins=       8 smem_static                  conce=3666  conce=3178  conce=3117  conce=3310  conce=3666  hash_=3500  poiso=3656  power=3414  power=3259  sawto=3545  sawto=3549  stale=3645  stale=3656  strid=3516  tempo=3508
  even        F64 N=  16777216 bins=       8 smem_cooperative_static      conce=3551  conce=3105  conce=2981  conce=3132  conce=3494  hash_=3346  poiso=3513  power=3272  power=3115  sawto=3411  sawto=3419  stale=3496  stale=3533  strid=3352  tempo=3407
  even        F64 N=  16777216 bins=       8 smem_dynamic                 conce=3653  conce=2852  conce=2745  conce=2905  conce=3347  hash_=3214  poiso=3640  power=3080  power=2855  sawto=3085  sawto=3080  stale=3317  stale=3322  strid=3056  tempo=3243
  even        F64 N=  16777216 bins=       8 smem_cooperative_dynamic     conce=3512  conce=2712  conce=2644  conce=2824  conce=3168  hash_=3105  poiso=3490  power=2962  power=2723  sawto=2963  sawto=2961  stale=3170  stale=3228  strid=2948  tempo=3115
  even        F64 N=  16777216 bins=      16 smem_static                  conce=3664  conce=3181  conce=3219  conce=3489  conce=3642  hash_=3489  poiso=3655  power=3336  power=3380  sawto=3646  sawto=3640  stale=3628  stale=3641  strid=3593  tempo=3507
  even        F64 N=  16777216 bins=      16 smem_cooperative_static      conce=3544  conce=3103  conce=3107  conce=3303  conce=3508  hash_=3336  poiso=3515  power=3184  power=3269  sawto=3529  sawto=3536  stale=3516  stale=3541  strid=3492  tempo=3394
  even        F64 N=  16777216 bins=      16 smem_dynamic                 conce=3656  conce=2851  conce=2816  conce=3090  conce=3578  hash_=3217  poiso=3638  power=3006  power=2951  sawto=3610  sawto=3605  stale=3558  stale=3571  strid=3581  tempo=3231
  even        F64 N=  16777216 bins=      16 smem_cooperative_dynamic     conce=3516  conce=2710  conce=2706  conce=2963  conce=3430  hash_=3099  poiso=3489  power=2882  power=2835  sawto=3472  sawto=3474  stale=3452  stale=3459  strid=3446  tempo=3115
  even        F64 N=  16777216 bins=      32 smem_static                  conce=3672  conce=3152  conce=3269  conce=3635  conce=3650  hash_=3491  poiso=3657  power=3242  power=3511  sawto=3654  sawto=3642  stale=3629  stale=3641  strid=3600  tempo=3514
  even        F64 N=  16777216 bins=      32 smem_cooperative_static      conce=3556  conce=3051  conce=3133  conce=3475  conce=3516  hash_=3342  poiso=3517  power=3133  power=3354  sawto=3551  sawto=3546  stale=3528  stale=3558  strid=3504  tempo=3380
  even        F64 N=  16777216 bins=      32 smem_dynamic                 conce=3659  conce=2808  conce=2879  conce=3257  conce=3612  hash_=3215  poiso=3640  power=2932  power=3094  sawto=3617  sawto=3612  stale=3612  stale=3616  strid=3587  tempo=3226
  even        F64 N=  16777216 bins=      32 smem_cooperative_dynamic     conce=3523  conce=2705  conce=2788  conce=3119  conce=3467  hash_=3100  poiso=3498  power=2829  power=2972  sawto=3489  sawto=3485  stale=3472  stale=3487  strid=3464  tempo=3114
  even        F64 N=  16777216 bins=      64 smem_static                  conce=3670  conce=3261  conce=3189  conce=3602  conce=3646  hash_=3465  poiso=3657  power=3242  power=3622  sawto=3651  sawto=3645  stale=3632  stale=3644  strid=3598  tempo=3487
  even        F64 N=  16777216 bins=      64 smem_cooperative_static      conce=3558  conce=3121  conce=3087  conce=3457  conce=3517  hash_=3313  poiso=3522  power=3107  power=3463  sawto=3544  sawto=3548  stale=3531  stale=3553  strid=3506  tempo=3362
  even        F64 N=  16777216 bins=      64 smem_dynamic                 conce=3658  conce=2941  conce=2809  conce=3216  conce=3617  hash_=3210  poiso=3636  power=2895  power=3252  sawto=3612  sawto=3609  stale=3611  stale=3611  strid=3586  tempo=3216
  even        F64 N=  16777216 bins=      64 smem_cooperative_dynamic     conce=3520  conce=2831  conce=2707  conce=3113  conce=3464  hash_=3098  poiso=3495  power=2817  power=3114  sawto=3487  sawto=3488  stale=3475  stale=3489  strid=3462  tempo=3111
  even        F64 N=  16777216 bins=     128 smem_static                  conce=3673  conce=3230  conce=3137  conce=3508  conce=3650  hash_=3447  poiso=3662  power=3232  power=3644  sawto=3650  sawto=3644  stale=3633  stale=3646  strid=3598  tempo=3486
  even        F64 N=  16777216 bins=     128 smem_cooperative_static      conce=3558  conce=3112  conce=3005  conce=3391  conce=3518  hash_=3307  poiso=3528  power=3104  power=3482  sawto=3544  sawto=3556  stale=3534  stale=3557  strid=3507  tempo=3356
  even        F64 N=  16777216 bins=     128 smem_dynamic                 conce=3656  conce=2866  conce=2790  conce=3148  conce=3611  hash_=3207  poiso=3645  power=2865  power=3317  sawto=3618  sawto=3614  stale=3611  stale=3620  strid=3585  tempo=3212
  even        F64 N=  16777216 bins=     128 smem_cooperative_dynamic     conce=3521  conce=2817  conce=2702  conce=3049  conce=3465  hash_=3096  poiso=3491  power=2767  power=3178  sawto=3488  sawto=3487  stale=3475  stale=3486  strid=3463  tempo=3107
  even        F64 N=  16777216 bins=     256 smem_static                  conce=3667  conce=3147  conce=3298  conce=3639  conce=3642  hash_=3415  poiso=3654  power=3200  power=3641  sawto=3643  sawto=3639  stale=3627  stale=3634  strid=3593  tempo=3466
  even        F64 N=  16777216 bins=     256 smem_cooperative_static      conce=3556  conce=3073  conce=3184  conce=3488  conce=3519  hash_=3299  poiso=3523  power=3103  power=3487  sawto=3536  sawto=3546  stale=3527  stale=3546  strid=3503  tempo=3346
  even        F64 N=  16777216 bins=     256 smem_dynamic                 conce=3652  conce=2809  conce=2950  conce=3385  conce=3608  hash_=3198  poiso=3639  power=2840  power=3429  sawto=3607  sawto=3606  stale=3606  stale=3612  strid=3580  tempo=3209
  even        F64 N=  16777216 bins=     256 smem_cooperative_dynamic     conce=3518  conce=2708  conce=2832  conce=3264  conce=3473  hash_=3095  poiso=3494  power=2729  power=3282  sawto=3483  sawto=3486  stale=3474  stale=3485  strid=3465  tempo=3103
  even        F64 N=  16777216 bins=     512 smem_dynamic                 conce=3650  conce=2806  conce=2921  conce=3434  conce=3603  hash_=3189  poiso=3637  power=2828  power=3464  sawto=3603  sawto=3604  stale=3605  stale=3602  strid=3576  tempo=3199
  even        F64 N=  16777216 bins=     512 smem_cooperative_dynamic     conce=3505  conce=2701  conce=2823  conce=3285  conce=3460  hash_=3089  poiso=3492  power=2716  power=3297  sawto=3480  sawto=3477  stale=3470  stale=3480  strid=3458  tempo=3099
  queried input cache: cub.bench.histogram.even.base F64 N=67108864 -> S=8192
  even        F64 N=  67108864 bins=       8 smem_static                  conce=4708  conce=3832  conce=3715  conce=4007  conce=4665  hash_=4316  poiso=4704  power=4121  power=3909  sawto=4346  sawto=4347  stale=4653  stale=4661  strid=4341  tempo=4317
  even        F64 N=  67108864 bins=       8 smem_cooperative_static      conce=4667  conce=3783  conce=3675  conce=3964  conce=4618  hash_=4301  poiso=4667  power=4090  power=3886  sawto=4310  sawto=4308  stale=4628  stale=4626  strid=4303  tempo=4305
  even        F64 N=  67108864 bins=       8 smem_dynamic                 conce=4631  conce=3364  conce=3206  conce=3427  conce=4051  hash_=3884  poiso=4628  power=3674  power=3372  sawto=3659  sawto=3655  stale=4042  stale=4042  strid=3646  tempo=3887
  even        F64 N=  67108864 bins=       8 smem_cooperative_dynamic     conce=4589  conce=3336  conce=3182  conce=3408  conce=4020  hash_=3882  poiso=4590  power=3648  power=3358  sawto=3624  sawto=3622  stale=4028  stale=4026  strid=3618  tempo=3864
  even        F64 N=  67108864 bins=      16 smem_static                  conce=4708  conce=3832  conce=3834  conce=4293  conce=4817  hash_=4298  poiso=4705  power=4013  power=4095  sawto=4877  sawto=4871  stale=4815  stale=4822  strid=4865  tempo=4303
  even        F64 N=  67108864 bins=      16 smem_cooperative_static      conce=4668  conce=3787  conce=3806  conce=4244  conce=4777  hash_=4284  poiso=4663  power=3974  power=4071  sawto=4838  sawto=4834  stale=4791  stale=4795  strid=4826  tempo=4285
  even        F64 N=  67108864 bins=      16 smem_dynamic                 conce=4629  conce=3360  conce=3305  conce=3674  conce=4526  hash_=3876  poiso=4628  power=3561  power=3530  sawto=4634  sawto=4631  stale=4528  stale=4527  strid=4618  tempo=3877
  even        F64 N=  67108864 bins=      16 smem_cooperative_dynamic     conce=4588  conce=3330  conce=3276  conce=3665  conce=4486  hash_=3863  poiso=4590  power=3532  power=3506  sawto=4597  sawto=4595  stale=4492  stale=4488  strid=4588  tempo=3848
  even        F64 N=  67108864 bins=      32 smem_static                  conce=4708  conce=3796  conce=3944  conce=4571  conce=4906  hash_=4291  poiso=4704  power=3945  power=4325  sawto=4926  sawto=4920  stale=4907  stale=4899  strid=4909  tempo=4300
  even        F64 N=  67108864 bins=      32 smem_cooperative_static      conce=4671  conce=3774  conce=3902  conce=4553  conce=4860  hash_=4280  poiso=4669  power=3900  power=4307  sawto=4894  sawto=4893  stale=4875  stale=4869  strid=4874  tempo=4269
  even        F64 N=  67108864 bins=      32 smem_dynamic                 conce=4630  conce=3314  conce=3394  conce=3953  conce=4717  hash_=3872  poiso=4630  power=3480  power=3729  sawto=4855  sawto=4853  stale=4709  stale=4718  strid=4847  tempo=3875
  even        F64 N=  67108864 bins=      32 smem_cooperative_dynamic     conce=4590  conce=3288  conce=3364  conce=3923  conce=4681  hash_=3859  poiso=4591  power=3450  power=3714  sawto=4823  sawto=4818  stale=4676  stale=4691  strid=4809  tempo=3845
  even        F64 N=  67108864 bins=      64 smem_static                  conce=4711  conce=3953  conce=3803  conce=4441  conce=4897  hash_=4281  poiso=4705  power=3885  power=4478  sawto=4925  sawto=4926  stale=4893  stale=4892  strid=4915  tempo=4283
  even        F64 N=  67108864 bins=      64 smem_cooperative_static      conce=4669  conce=3904  conce=3772  conce=4399  conce=4849  hash_=4244  poiso=4670  power=3847  power=4456  sawto=4894  sawto=4894  stale=4869  stale=4857  strid=4877  tempo=4245
  even        F64 N=  67108864 bins=      64 smem_dynamic                 conce=4630  conce=3498  conce=3307  conce=3861  conce=4711  hash_=3863  poiso=4629  power=3413  power=3895  sawto=4861  sawto=4852  stale=4706  stale=4713  strid=4851  tempo=3856
  even        F64 N=  67108864 bins=      64 smem_cooperative_dynamic     conce=4591  conce=3462  conce=3278  conce=3839  conce=4675  hash_=3841  poiso=4592  power=3393  power=3869  sawto=4821  sawto=4823  stale=4682  stale=4687  strid=4814  tempo=3838
  even        F64 N=  67108864 bins=     128 smem_static                  conce=4709  conce=3854  conce=3737  conce=4343  conce=4889  hash_=4271  poiso=4706  power=3852  power=4624  sawto=4926  sawto=4924  stale=4890  stale=4889  strid=4913  tempo=4270
  even        F64 N=  67108864 bins=     128 smem_cooperative_static      conce=4673  conce=3834  conce=3713  conce=4317  conce=4841  hash_=4239  poiso=4669  power=3828  power=4576  sawto=4894  sawto=4895  stale=4861  stale=4855  strid=4882  tempo=4239
  even        F64 N=  67108864 bins=     128 smem_dynamic                 conce=4629  conce=3408  conce=3260  conce=3795  conce=4711  hash_=3851  poiso=4628  power=3370  power=4062  sawto=4858  sawto=4857  stale=4704  stale=4712  strid=4843  tempo=3845
  even        F64 N=  67108864 bins=     128 smem_cooperative_dynamic     conce=4595  conce=3388  conce=3238  conce=3778  conce=4676  hash_=3835  poiso=4590  power=3353  power=4032  sawto=4820  sawto=4820  stale=4675  stale=4686  strid=4811  tempo=3833
  even        F64 N=  67108864 bins=     256 smem_static                  conce=4707  conce=3808  conce=4004  conce=4652  conce=4880  hash_=4266  poiso=4700  power=3835  power=4690  sawto=4920  sawto=4917  stale=4881  stale=4879  strid=4910  tempo=4265
  even        F64 N=  67108864 bins=     256 smem_cooperative_static      conce=4670  conce=3777  conce=3966  conce=4631  conce=4833  hash_=4237  poiso=4665  power=3794  power=4647  sawto=4894  sawto=4891  stale=4857  stale=4842  strid=4877  tempo=4236
  even        F64 N=  67108864 bins=     256 smem_dynamic                 conce=4631  conce=3331  conce=3485  conce=4139  conce=4714  hash_=3856  poiso=4633  power=3352  power=4223  sawto=4853  sawto=4852  stale=4701  stale=4713  strid=4844  tempo=3847
  even        F64 N=  67108864 bins=     256 smem_cooperative_dynamic     conce=4595  conce=3315  conce=3460  conce=4115  conce=4674  hash_=3838  poiso=4593  power=3324  power=4182  sawto=4820  sawto=4820  stale=4680  stale=4684  strid=4813  tempo=3833
  even        F64 N=  67108864 bins=     512 smem_dynamic                 conce=4628  conce=3288  conce=3443  conce=4253  conce=4711  hash_=3848  poiso=4627  power=3340  power=4336  sawto=4844  sawto=4847  stale=4702  stale=4708  strid=4837  tempo=3841
  even        F64 N=  67108864 bins=     512 smem_cooperative_dynamic     conce=4592  conce=3271  conce=3416  conce=4238  conce=4673  hash_=3835  poiso=4589  power=3314  power=4316  sawto=4815  sawto=4814  stale=4676  stale=4681  strid=4809  tempo=3823
  queried input cache: cub.bench.histogram.even.base F64 N=268435456 -> S=8192
  even        F64 N= 268435456 bins=       8 smem_static                  conce=5180  conce=4051  conce=3919  conce=4245  conce=5082  hash_=4625  poiso=5183  power=4379  power=4140  sawto=4635  sawto=4634  stale=5081  stale=5082  strid=4631  tempo=4616
  even        F64 N= 268435456 bins=       8 smem_cooperative_static      conce=5174  conce=4046  conce=3915  conce=4238  conce=5073  hash_=4621  poiso=5176  power=4374  power=4133  sawto=4628  sawto=4631  stale=5075  stale=5072  strid=4627  tempo=4613
  even        F64 N= 268435456 bins=       8 smem_dynamic                 conce=5007  conce=3538  conce=3359  conce=3609  conce=4311  hash_=4139  poiso=5007  power=3881  power=3545  sawto=3862  sawto=3862  stale=4311  stale=4311  strid=3861  tempo=4124
  even        F64 N= 268435456 bins=       8 smem_cooperative_dynamic     conce=5001  conce=3539  conce=3359  conce=3608  conce=4307  hash_=4136  poiso=5000  power=3880  power=3544  sawto=3861  sawto=3859  stale=4309  stale=4310  strid=3857  tempo=4124
  even        F64 N= 268435456 bins=      16 smem_static                  conce=5181  conce=4055  conce=4059  conce=4581  conce=5638  hash_=4609  poiso=5182  power=4260  power=4360  sawto=5825  sawto=5827  stale=5637  stale=5638  strid=5825  tempo=4602
  even        F64 N= 268435456 bins=      16 smem_cooperative_static      conce=5175  conce=4051  conce=4056  conce=4575  conce=5626  hash_=4605  poiso=5174  power=4256  power=4355  sawto=5823  sawto=5819  stale=5629  stale=5629  strid=5819  tempo=4598
  even        F64 N= 268435456 bins=      16 smem_dynamic                 conce=5006  conce=3535  conce=3469  conce=3891  conce=4905  hash_=4126  poiso=5004  power=3755  power=3723  sawto=5064  sawto=5063  stale=4904  stale=4905  strid=5064  tempo=4114
  even        F64 N= 268435456 bins=      16 smem_cooperative_dynamic     conce=5002  conce=3533  conce=3468  conce=3889  conce=4898  hash_=4125  poiso=5000  power=3750  power=3721  sawto=5061  sawto=5060  stale=4902  stale=4903  strid=5061  tempo=4113
  even        F64 N= 268435456 bins=      32 smem_static                  conce=5181  conce=4012  conce=4170  conce=4938  conce=5964  hash_=4604  poiso=5181  power=4173  power=4628  sawto=6033  sawto=6036  stale=5954  stale=5957  strid=6023  tempo=4593
  even        F64 N= 268435456 bins=      32 smem_cooperative_static      conce=5176  conce=4008  conce=4165  conce=4936  conce=5948  hash_=4598  poiso=5175  power=4170  power=4621  sawto=6023  sawto=6027  stale=5953  stale=5947  strid=6021  tempo=4589
  even        F64 N= 268435456 bins=      32 smem_dynamic                 conce=5006  conce=3484  conce=3564  conce=4203  conce=5323  hash_=4119  poiso=5005  power=3660  power=3947  sawto=5787  sawto=5784  stale=5322  stale=5321  strid=5783  tempo=4106
  even        F64 N= 268435456 bins=      32 smem_cooperative_dynamic     conce=5000  conce=3481  conce=3562  conce=4202  conce=5314  hash_=4120  poiso=5000  power=3660  power=3945  sawto=5782  sawto=5781  stale=5319  stale=5317  strid=5782  tempo=4105
  even        F64 N= 268435456 bins=      64 smem_static                  conce=5183  conce=4180  conce=4014  conce=4767  conce=5929  hash_=4581  poiso=5182  power=4113  power=4815  sawto=6026  sawto=6030  stale=5926  stale=5925  strid=6020  tempo=4569
  even        F64 N= 268435456 bins=      64 smem_cooperative_static      conce=5175  conce=4179  conce=4009  conce=4760  conce=5918  hash_=4575  poiso=5174  power=4110  power=4809  sawto=6022  sawto=6021  stale=5923  stale=5918  strid=6019  tempo=4567
  even        F64 N= 268435456 bins=      64 smem_dynamic                 conce=5006  conce=3682  conce=3471  conce=4102  conce=5314  hash_=4102  poiso=5005  power=3591  power=4142  sawto=5787  sawto=5785  stale=5317  stale=5314  strid=5783  tempo=4089
  even        F64 N= 268435456 bins=      64 smem_cooperative_dynamic     conce=5001  conce=3680  conce=3469  conce=4101  conce=5305  hash_=4101  poiso=5001  power=3590  power=4140  sawto=5784  sawto=5783  stale=5313  stale=5309  strid=5778  tempo=4089
  even        F64 N= 268435456 bins=     128 smem_static                  conce=5181  conce=4079  conce=3943  conce=4651  conce=5894  hash_=4565  poiso=5182  power=4075  power=5008  sawto=6028  sawto=6028  stale=5893  stale=5891  strid=6021  tempo=4557
  even        F64 N= 268435456 bins=     128 smem_cooperative_static      conce=5178  conce=4076  conce=3943  conce=4645  conce=5877  hash_=4563  poiso=5173  power=4074  power=5001  sawto=6022  sawto=6024  stale=5887  stale=5887  strid=6021  tempo=4553
  even        F64 N= 268435456 bins=     128 smem_dynamic                 conce=5006  conce=3590  conce=3421  conce=4024  conce=5313  hash_=4094  poiso=5003  power=3546  power=4333  sawto=5787  sawto=5787  stale=5312  stale=5309  strid=5780  tempo=4080
  even        F64 N= 268435456 bins=     128 smem_cooperative_dynamic     conce=5002  conce=3587  conce=3420  conce=4022  conce=5303  hash_=4090  poiso=5001  power=3544  power=4332  sawto=5781  sawto=5782  stale=5308  stale=5307  strid=5782  tempo=4078
  even        F64 N= 268435456 bins=     256 smem_static                  conce=5181  conce=4022  conce=4243  conce=5073  conce=5868  hash_=4561  poiso=5182  power=4055  power=5166  sawto=6025  sawto=6030  stale=5869  stale=5867  strid=6017  tempo=4552
  even        F64 N= 268435456 bins=     256 smem_cooperative_static      conce=5173  conce=4019  conce=4240  conce=5067  conce=5854  hash_=4555  poiso=5174  power=4053  power=5160  sawto=6021  sawto=6019  stale=5863  stale=5861  strid=6017  tempo=4548
  even        F64 N= 268435456 bins=     256 smem_dynamic                 conce=5012  conce=3503  conce=3671  conce=4431  conce=5318  hash_=4093  poiso=5008  power=3523  power=4522  sawto=5789  sawto=5788  stale=5315  stale=5312  strid=5787  tempo=4080
  even        F64 N= 268435456 bins=     256 smem_cooperative_dynamic     conce=5010  conce=3502  conce=3670  conce=4428  conce=5308  hash_=4091  poiso=5008  power=3521  power=4515  sawto=5784  sawto=5784  stale=5312  stale=5309  strid=5786  tempo=4078
  even        F64 N= 268435456 bins=     512 smem_dynamic                 conce=5009  conce=3456  conce=3627  conce=4573  conce=5315  hash_=4090  poiso=5011  power=3510  power=4676  sawto=5790  sawto=5788  stale=5314  stale=5313  strid=5784  tempo=4076
  even        F64 N= 268435456 bins=     512 smem_cooperative_dynamic     conce=5007  conce=3455  conce=3625  conce=4573  conce=5305  hash_=4089  poiso=5006  power=3508  power=4673  sawto=5782  sawto=5782  stale=5308  stale=5309  strid=5783  tempo=4074
  queried input cache: cub.bench.histogram.even.base F64 N=1073741824 -> S=8192
  even        F64 N=1073741824 bins=       8 smem_static                  conce=5320  conce=4112  conce=3974  conce=4314  conce=5207  hash_=4709  poiso=5321  power=4453  power=4203  sawto=4717  sawto=4716  stale=5205  stale=5207  strid=4715  tempo=4700
  even        F64 N=1073741824 bins=       8 smem_cooperative_static      conce=5319  conce=4110  conce=3973  conce=4313  conce=5203  hash_=4708  poiso=5319  power=4452  power=4203  sawto=4714  sawto=4715  stale=5205  stale=5204  strid=4713  tempo=4699
  even        F64 N=1073741824 bins=       8 smem_dynamic                 conce=5114  conce=3587  conce=3402  conce=3659  conce=4390  hash_=4206  poiso=5113  power=3941  power=3594  sawto=3918  sawto=3919  stale=4390  stale=4389  strid=3918  tempo=4193
  even        F64 N=1073741824 bins=       8 smem_cooperative_dynamic     conce=5113  conce=3587  conce=3401  conce=3659  conce=4388  hash_=4206  poiso=5113  power=3940  power=3594  sawto=3917  sawto=3918  stale=4389  stale=4389  strid=3917  tempo=4193
  even        F64 N=1073741824 bins=      16 smem_static                  conce=5321  conce=4114  conce=4118  conce=4664  conce=5898  hash_=4693  poiso=5321  power=4329  power=4433  sawto=6137  sawto=6136  stale=5898  stale=5899  strid=6135  tempo=4685
  even        F64 N=1073741824 bins=      16 smem_cooperative_static      conce=5320  conce=4114  conce=4118  conce=4664  conce=5893  hash_=4693  poiso=5320  power=4328  power=4431  sawto=6135  sawto=6134  stale=5897  stale=5897  strid=6132  tempo=4684
  even        F64 N=1073741824 bins=      16 smem_dynamic                 conce=5113  conce=3582  conce=3515  conce=3952  conce=5021  hash_=4194  poiso=5113  power=3809  power=3777  sawto=5196  sawto=5196  stale=5020  stale=5022  strid=5195  tempo=4181
  even        F64 N=1073741824 bins=      16 smem_cooperative_dynamic     conce=5113  conce=3582  conce=3514  conce=3951  conce=5020  hash_=4194  poiso=5113  power=3809  power=3776  sawto=5195  sawto=5196  stale=5021  stale=5020  strid=5195  tempo=4182
  even        F64 N=1073741824 bins=      32 smem_static                  conce=5321  conce=4071  conce=4236  conce=5045  conce=6243  hash_=4684  poiso=5321  power=4241  power=4713  sawto=6328  sawto=6333  stale=6241  stale=6241  strid=6331  tempo=4675
  even        F64 N=1073741824 bins=      32 smem_cooperative_static      conce=5320  conce=4070  conce=4234  conce=5044  conce=6241  hash_=4684  poiso=5319  power=4239  power=4710  sawto=6332  sawto=6332  stale=6241  stale=6240  strid=6331  tempo=4675
  even        F64 N=1073741824 bins=      32 smem_dynamic                 conce=5114  conce=3530  conce=3612  conce=4278  conce=5514  hash_=4188  poiso=5112  power=3712  power=4009  sawto=6067  sawto=6063  stale=5515  stale=5512  strid=6062  tempo=4176
  even        F64 N=1073741824 bins=      32 smem_cooperative_dynamic     conce=5113  conce=3529  conce=3611  conce=4278  conce=5513  hash_=4188  poiso=5112  power=3711  power=4009  sawto=6064  sawto=6062  stale=5514  stale=5514  strid=6061  tempo=4175
  even        F64 N=1073741824 bins=      64 smem_static                  conce=5321  conce=4246  conce=4073  conce=4856  conce=6238  hash_=4660  poiso=5321  power=4178  power=4910  sawto=6326  sawto=6329  stale=6233  stale=6235  strid=6325  tempo=4650
  even        F64 N=1073741824 bins=      64 smem_cooperative_static      conce=5321  conce=4246  conce=4072  conce=4856  conce=6230  hash_=4658  poiso=5319  power=4176  power=4909  sawto=6329  sawto=6327  stale=6231  stale=6233  strid=6321  tempo=4649
  even        F64 N=1073741824 bins=      64 smem_dynamic                 conce=5112  conce=3736  conce=3517  conce=4173  conce=5506  hash_=4169  poiso=5113  power=3641  power=4212  sawto=6066  sawto=6064  stale=5505  stale=5505  strid=6062  tempo=4157
  even        F64 N=1073741824 bins=      64 smem_cooperative_dynamic     conce=5114  conce=3734  conce=3516  conce=4172  conce=5501  hash_=4169  poiso=5111  power=3641  power=4211  sawto=6063  sawto=6062  stale=5504  stale=5504  strid=6062  tempo=4156
  even        F64 N=1073741824 bins=     128 smem_static                  conce=5320  conce=4142  conce=4001  conce=4738  conce=6213  hash_=4646  poiso=5321  power=4138  power=5121  sawto=6326  sawto=6328  stale=6212  stale=6211  strid=6322  tempo=4638
  even        F64 N=1073741824 bins=     128 smem_cooperative_static      conce=5320  conce=4141  conce=4000  conce=4737  conce=6207  hash_=4645  poiso=5318  power=4137  power=5118  sawto=6327  sawto=6325  stale=6211  stale=6209  strid=6322  tempo=4636
  even        F64 N=1073741824 bins=     128 smem_dynamic                 conce=5112  conce=3640  conce=3466  conce=4091  conce=5501  hash_=4160  poiso=5113  power=3594  power=4415  sawto=6064  sawto=6065  stale=5501  stale=5498  strid=6062  tempo=4146
  even        F64 N=1073741824 bins=     128 smem_cooperative_dynamic     conce=5113  conce=3639  conce=3465  conce=4091  conce=5498  hash_=4159  poiso=5113  power=3593  power=4413  sawto=6064  sawto=6064  stale=5499  stale=5499  strid=6061  tempo=4146
  even        F64 N=1073741824 bins=     256 smem_static                  conce=5320  conce=4081  conce=4311  conce=5195  conce=6189  hash_=4641  poiso=5320  power=4117  power=5311  sawto=6329  sawto=6322  stale=6189  stale=6187  strid=6320  tempo=4631
  even        F64 N=1073741824 bins=     256 smem_cooperative_static      conce=5319  conce=4080  conce=4311  conce=5193  conce=6188  hash_=4640  poiso=5318  power=4116  power=5309  sawto=6324  sawto=6327  stale=6187  stale=6187  strid=6322  tempo=4629
  even        F64 N=1073741824 bins=     256 smem_dynamic                 conce=5120  conce=3549  conce=3724  conce=4517  conce=5506  hash_=4161  poiso=5120  power=3570  power=4609  sawto=6069  sawto=6067  stale=5507  stale=5505  strid=6065  tempo=4148
  even        F64 N=1073741824 bins=     256 smem_cooperative_dynamic     conce=5119  conce=3549  conce=3723  conce=4515  conce=5502  hash_=4161  poiso=5119  power=3570  power=4607  sawto=6067  sawto=6066  stale=5504  stale=5505  strid=6066  tempo=4147
  even        F64 N=1073741824 bins=     512 smem_dynamic                 conce=5119  conce=3501  conce=3677  conce=4667  conce=5504  hash_=4158  poiso=5120  power=3557  power=4775  sawto=6068  sawto=6069  stale=5506  stale=5505  strid=6067  tempo=4145
  even        F64 N=1073741824 bins=     512 smem_cooperative_dynamic     conce=5120  conce=3501  conce=3678  conce=4665  conce=5501  hash_=4158  poiso=5118  power=3557  power=4773  sawto=6067  sawto=6070  stale=5503  stale=5503  strid=6068  tempo=4144
  queried input cache: cub.bench.histogram.even.base F64 N=2000000000 -> S=8192
  even        F64 N=2000000000 bins=       8 smem_static                  conce=5342  conce=4120  conce=3981  conce=4323  conce=5225  hash_=4722  poiso=5342  power=4464  power=4212  sawto=4728  sawto=4728  stale=5224  stale=5225  strid=4726  tempo=4712
  even        F64 N=2000000000 bins=       8 smem_cooperative_static      conce=5343  conce=4120  conce=3982  conce=4324  conce=5223  hash_=4722  poiso=5340  power=4464  power=4212  sawto=4728  sawto=4727  stale=5224  stale=5224  strid=4726  tempo=4711
  even        F64 N=2000000000 bins=       8 smem_dynamic                 conce=5128  conce=3592  conce=3406  conce=3667  conce=4402  hash_=4218  poiso=5127  power=3949  power=3599  sawto=3927  sawto=3927  stale=4402  stale=4401  strid=3927  tempo=4203
  even        F64 N=2000000000 bins=       8 smem_cooperative_dynamic     conce=5129  conce=3593  conce=3407  conce=3667  conce=4401  hash_=4218  poiso=5128  power=3951  power=3600  sawto=3926  sawto=3927  stale=4402  stale=4401  strid=3926  tempo=4204
  even        F64 N=2000000000 bins=      16 smem_static                  conce=5341  conce=4123  conce=4126  conce=4676  conce=5940  hash_=4706  poiso=5341  power=4339  power=4443  sawto=6183  sawto=6183  stale=5938  stale=5940  strid=6184  tempo=4696
  even        F64 N=2000000000 bins=      16 smem_cooperative_static      conce=5342  conce=4123  conce=4127  conce=4675  conce=5936  hash_=4707  poiso=5341  power=4339  power=4443  sawto=6182  sawto=6183  stale=5939  stale=5939  strid=6182  tempo=4696
  even        F64 N=2000000000 bins=      16 smem_dynamic                 conce=5130  conce=3588  conce=3521  conce=3960  conce=5039  hash_=4206  poiso=5129  power=3818  power=3785  sawto=5218  sawto=5217  stale=5039  stale=5040  strid=5216  tempo=4193
  even        F64 N=2000000000 bins=      16 smem_cooperative_dynamic     conce=5130  conce=3588  conce=3521  conce=3960  conce=5038  hash_=4206  poiso=5129  power=3817  power=3785  sawto=5217  sawto=5217  stale=5038  stale=5039  strid=5215  tempo=4192
  even        F64 N=2000000000 bins=      32 smem_static                  conce=5343  conce=4079  conce=4244  conce=5061  conce=6268  hash_=4697  poiso=5342  power=4249  power=4725  sawto=6371  sawto=6369  stale=6271  stale=6272  strid=6365  tempo=4687
  even        F64 N=2000000000 bins=      32 smem_cooperative_static      conce=5342  conce=4080  conce=4245  conce=5061  conce=6268  hash_=4697  poiso=5341  power=4249  power=4724  sawto=6368  sawto=6369  stale=6273  stale=6269  strid=6365  tempo=4687
  even        F64 N=2000000000 bins=      32 smem_dynamic                 conce=5129  conce=3536  conce=3619  conce=4290  conce=5545  hash_=4200  poiso=5128  power=3718  power=4019  sawto=6102  sawto=6103  stale=5546  stale=5545  strid=6101  tempo=4186
  even        F64 N=2000000000 bins=      32 smem_cooperative_dynamic     conce=5129  conce=3536  conce=3619  conce=4289  conce=5542  hash_=4201  poiso=5128  power=3719  power=4019  sawto=6101  sawto=6102  stale=5545  stale=5544  strid=6100  tempo=4186
  even        F64 N=2000000000 bins=      64 smem_static                  conce=5342  conce=4256  conce=4080  conce=4870  conce=6269  hash_=4672  poiso=5341  power=4186  power=4924  sawto=6353  sawto=6355  stale=6267  stale=6268  strid=6356  tempo=4662
  even        F64 N=2000000000 bins=      64 smem_cooperative_static      conce=5342  conce=4256  conce=4081  conce=4870  conce=6265  hash_=4672  poiso=5341  power=4186  power=4924  sawto=6358  sawto=6358  stale=6268  stale=6270  strid=6353  tempo=4662
  even        F64 N=2000000000 bins=      64 smem_dynamic                 conce=5129  conce=3743  conce=3522  conce=4183  conce=5533  hash_=4181  poiso=5128  power=3648  power=4223  sawto=6099  sawto=6102  stale=5536  stale=5536  strid=6098  tempo=4166
  even        F64 N=2000000000 bins=      64 smem_cooperative_dynamic     conce=5129  conce=3743  conce=3523  conce=4182  conce=5535  hash_=4180  poiso=5129  power=3648  power=4223  sawto=6101  sawto=6103  stale=5533  stale=5535  strid=6098  tempo=4167
  even        F64 N=2000000000 bins=     128 smem_static                  conce=5343  conce=4151  conce=4009  conce=4751  conce=6254  hash_=4660  poiso=5342  power=4146  power=5138  sawto=6358  sawto=6358  stale=6253  stale=6250  strid=6359  tempo=4649
  even        F64 N=2000000000 bins=     128 smem_cooperative_static      conce=5342  conce=4150  conce=4009  conce=4750  conce=6250  hash_=4660  poiso=5341  power=4146  power=5137  sawto=6359  sawto=6360  stale=6251  stale=6252  strid=6362  tempo=4649
  even        F64 N=2000000000 bins=     128 smem_dynamic                 conce=5130  conce=3646  conce=3471  conce=4101  conce=5530  hash_=4170  poiso=5129  power=3601  power=4428  sawto=6102  sawto=6102  stale=5529  stale=5530  strid=6100  tempo=4157
  even        F64 N=2000000000 bins=     128 smem_cooperative_dynamic     conce=5129  conce=3646  conce=3472  conce=4101  conce=5530  hash_=4171  poiso=5130  power=3602  power=4427  sawto=6102  sawto=6100  stale=5529  stale=5529  strid=6105  tempo=4157
  even        F64 N=2000000000 bins=     256 smem_static                  conce=5342  conce=4089  conce=4322  conce=5214  conce=6232  hash_=4654  poiso=5343  power=4126  power=5334  sawto=6363  sawto=6357  stale=6234  stale=6233  strid=6352  tempo=4642
  even        F64 N=2000000000 bins=     256 smem_cooperative_static      conce=5343  conce=4090  conce=4321  conce=5213  conce=6228  hash_=4654  poiso=5342  power=4125  power=5333  sawto=6359  sawto=6361  stale=6235  stale=6234  strid=6354  tempo=4643
  even        F64 N=2000000000 bins=     256 smem_dynamic                 conce=5138  conce=3556  conce=3731  conce=4530  conce=5537  hash_=4172  poiso=5136  power=3577  power=4623  sawto=6106  sawto=6104  stale=5537  stale=5537  strid=6107  tempo=4157
  even        F64 N=2000000000 bins=     256 smem_cooperative_dynamic     conce=5136  conce=3556  conce=3731  conce=4529  conce=5535  hash_=4172  poiso=5136  power=3578  power=4623  sawto=6107  sawto=6109  stale=5535  stale=5536  strid=6105  tempo=4158
  even        F64 N=2000000000 bins=     512 smem_dynamic                 conce=5136  conce=3507  conce=3685  conce=4683  conce=5535  hash_=4169  poiso=5136  power=3564  power=4790  sawto=6111  sawto=6107  stale=5534  stale=5535  strid=6106  tempo=4155
  even        F64 N=2000000000 bins=     512 smem_cooperative_dynamic     conce=5137  conce=3507  conce=3685  conce=4682  conce=5534  hash_=4169  poiso=5136  power=3564  power=4790  sawto=6103  sawto=6106  stale=5533  stale=5533  strid=6107  tempo=4155
  even        F64 N=   1048576 bins=       8 main                              conce=777  conce=703  conce=711  conce=707  conce=777  hash_=733  poiso=804  power=715  power=702  sawto=574  sawto=575  stale=729  stale=761  strid=569  tempo=780
  even        F64 N=   1048576 bins=      16 main                              conce=776  conce=702  conce=721  conce=709  conce=779  hash_=729  poiso=803  power=709  power=704  sawto=678  sawto=679  stale=770  stale=761  strid=637  tempo=778
  even        F64 N=   1048576 bins=      32 main                              conce=781  conce=697  conce=734  conce=716  conce=782  hash_=730  poiso=793  power=710  power=712  sawto=762  sawto=756  stale=789  stale=766  strid=708  tempo=782
  even        F64 N=   1048576 bins=      64 main                              conce=778  conce=710  conce=719  conce=708  conce=783  hash_=720  poiso=797  power=708  power=717  sawto=758  sawto=753  stale=791  stale=765  strid=704  tempo=780
  even        F64 N=   1048576 bins=     128 main                              conce=779  conce=707  conce=709  conce=706  conce=781  hash_=716  poiso=803  power=707  power=728  sawto=733  sawto=751  stale=792  stale=750  strid=701  tempo=781
  even        F64 N=   1048576 bins=     256 main                              conce=772  conce=665  conce=673  conce=667  conce=749  hash_=637  poiso=788  power=709  power=668  sawto=679  sawto=682  stale=700  stale=682  strid=651  tempo=772
  even        F64 N=   1048576 bins=     512 main                              conce=733  conce=478  conce=439  conce=422  conce=484  hash_=516  poiso=707  power=540  power=477  sawto=477  sawto=437  stale=469  stale=469  strid=433  tempo=738
  even        F64 N=  16777216 bins=       8 main                              conce=3673  conce=2960  conce=2826  conce=2955  conce=3403  hash_=3304  poiso=3668  power=3182  power=2945  sawto=1524  sawto=1519  stale=3327  stale=3383  strid=1511  tempo=3672
  even        F64 N=  16777216 bins=      16 main                              conce=3679  conce=2947  conce=2904  conce=3114  conce=3689  hash_=3306  poiso=3672  power=3096  power=3017  sawto=2296  sawto=2294  stale=3645  stale=3655  strid=2268  tempo=3675
  even        F64 N=  16777216 bins=      32 main                              conce=3679  conce=2907  conce=2953  conce=3273  conce=3686  hash_=3309  poiso=3672  power=3066  power=3138  sawto=3105  sawto=3107  stale=3640  stale=3660  strid=3069  tempo=3678
  even        F64 N=  16777216 bins=      64 main                              conce=3677  conce=3059  conce=2899  conce=3211  conce=3690  hash_=3271  poiso=3674  power=2995  power=3258  sawto=3083  sawto=3100  stale=3639  stale=3654  strid=3051  tempo=3679
  even        F64 N=  16777216 bins=     128 main                              conce=3675  conce=2972  conce=2837  conce=3145  conce=3687  hash_=3249  poiso=3674  power=2946  power=3310  sawto=3049  sawto=3045  stale=3644  stale=3657  strid=3012  tempo=3679
  even        F64 N=  16777216 bins=     256 main                              conce=3674  conce=2808  conce=2880  conce=3211  conce=3493  hash_=3169  poiso=3669  power=2864  power=3254  sawto=2903  sawto=2909  stale=3431  stale=3455  strid=2880  tempo=3673
  even        F64 N=  16777216 bins=     512 main                              conce=2027  conce=994  conce=928  conce=889  conce=977  hash_=1473  poiso=2368  power=1114  power=1113  sawto=1054  sawto=886  stale=1110  stale=1006  strid=944  tempo=2013
  even        F64 N=  67108864 bins=       8 main                              conce=4667  conce=3556  conce=3362  conce=3553  conce=4140  hash_=4097  poiso=4662  power=3887  power=3510  sawto=1675  sawto=1675  stale=4112  stale=4117  strid=1673  tempo=4672
  even        F64 N=  67108864 bins=      16 main                              conce=4668  conce=3553  conce=3453  conce=3781  conce=4584  hash_=4077  poiso=4661  power=3761  power=3658  sawto=2640  sawto=2646  stale=4559  stale=4559  strid=2637  tempo=4672
  even        F64 N=  67108864 bins=      32 main                              conce=4668  conce=3501  conce=3530  conce=4026  conce=4786  hash_=4069  poiso=4661  power=3661  power=3832  sawto=3718  sawto=3719  stale=4762  stale=4765  strid=3699  tempo=4672
  even        F64 N=  67108864 bins=      64 main                              conce=4670  conce=3676  conce=3439  conce=3912  conce=4776  hash_=4068  poiso=4664  power=3604  power=3957  sawto=3692  sawto=3698  stale=4757  stale=4756  strid=3679  tempo=4673
  even        F64 N=  67108864 bins=     128 main                              conce=4669  conce=3591  conce=3390  conce=3842  conce=4762  hash_=4055  poiso=4660  power=3551  power=4089  sawto=3634  sawto=3640  stale=4735  stale=4741  strid=3624  tempo=4670
  even        F64 N=  67108864 bins=     256 main                              conce=4667  conce=3450  conce=3528  conce=4089  conce=4678  hash_=4000  poiso=4657  power=3468  power=4155  sawto=3505  sawto=3506  stale=4654  stale=4654  strid=3489  tempo=4671
  even        F64 N=  67108864 bins=     512 main                              conce=2232  conce=1086  conce=947  conce=939  conce=1062  hash_=1653  poiso=2712  power=1151  power=1188  sawto=1127  sawto=914  stale=1199  stale=1079  strid=1007  tempo=2220
  even        F64 N= 268435456 bins=       8 main                              conce=4929  conce=3688  conce=3476  conce=3689  conce=4304  hash_=4284  poiso=4926  power=4038  power=3638  sawto=1699  sawto=1699  stale=4305  stale=4306  strid=1699  tempo=4929
  even        F64 N= 268435456 bins=      16 main                              conce=4929  conce=3675  conce=3566  conce=3930  conce=4820  hash_=4270  poiso=4926  power=3899  power=3788  sawto=2709  sawto=2709  stale=4818  stale=4819  strid=2707  tempo=4929
  even        F64 N= 268435456 bins=      32 main                              conce=4930  conce=3619  conce=3647  conce=4202  conce=5196  hash_=4264  poiso=4925  power=3799  power=3979  sawto=3854  sawto=3854  stale=5192  stale=5191  strid=3852  tempo=4929
  even        F64 N= 268435456 bins=      64 main                              conce=4929  conce=3815  conce=3554  conce=4078  conce=5139  hash_=4243  poiso=4925  power=3723  power=4120  sawto=3823  sawto=3822  stale=5133  stale=5136  strid=3821  tempo=4930
  even        F64 N= 268435456 bins=     128 main                              conce=4930  conce=3716  conce=3499  conce=3996  conce=5100  hash_=4228  poiso=4925  power=3669  power=4272  sawto=3763  sawto=3764  stale=5096  stale=5098  strid=3761  tempo=4929
  even        F64 N= 268435456 bins=     256 main                              conce=4929  conce=3603  conce=3698  conce=4324  conce=5069  hash_=4219  poiso=4925  power=3633  power=4405  sawto=3651  sawto=3652  stale=5067  stale=5070  strid=3653  tempo=4930
  even        F64 N= 268435456 bins=     512 main                              conce=2317  conce=1123  conce=962  conce=948  conce=1088  hash_=1674  poiso=2490  power=1223  power=1215  sawto=1145  sawto=926  stale=1233  stale=1073  strid=1025  tempo=2331
  even        F64 N=1073741824 bins=       8 main                              conce=5020  conce=3738  conce=3519  conce=3737  conce=4373  hash_=4357  poiso=5020  power=4097  power=3687  sawto=1708  sawto=1708  stale=4376  stale=4376  strid=1708  tempo=5021
  even        F64 N=1073741824 bins=      16 main                              conce=5021  conce=3725  conce=3612  conce=3990  conce=4910  hash_=4341  poiso=5020  power=3957  power=3839  sawto=2734  sawto=2734  stale=4913  stale=4913  strid=2733  tempo=5021
  even        F64 N=1073741824 bins=      32 main                              conce=5020  conce=3664  conce=3696  conce=4271  conce=5321  hash_=4331  poiso=5019  power=3852  power=4038  sawto=3908  sawto=3908  stale=5326  stale=5325  strid=3907  tempo=5020
  even        F64 N=1073741824 bins=      64 main                              conce=5020  conce=3869  conce=3599  conce=4142  conce=5255  hash_=4308  poiso=5021  power=3774  power=4184  sawto=3877  sawto=3876  stale=5258  stale=5258  strid=3875  tempo=5022
  even        F64 N=1073741824 bins=     128 main                              conce=5020  conce=3766  conce=3542  conce=4058  conce=5212  hash_=4297  poiso=5020  power=3720  power=4341  sawto=3815  sawto=3815  stale=5215  stale=5216  strid=3814  tempo=5020
  even        F64 N=1073741824 bins=     256 main                              conce=5020  conce=3657  conce=3753  conce=4400  conce=5190  hash_=4291  poiso=5019  power=3685  power=4487  sawto=3700  sawto=3702  stale=5193  stale=5193  strid=3699  tempo=5021
  even        F64 N=1073741824 bins=     512 main                              conce=2336  conce=1132  conce=966  conce=952  conce=1089  hash_=1682  poiso=2517  power=1239  power=1222  sawto=1149  sawto=932  stale=1231  stale=1075  strid=1038  tempo=2359
  even        F64 N=2000000000 bins=       8 main                              conce=5032  conce=3744  conce=3524  conce=3743  conce=4383  hash_=4368  poiso=5033  power=4106  power=3693  sawto=1710  sawto=1710  stale=4386  stale=4387  strid=1710  tempo=5034
  even        F64 N=2000000000 bins=      16 main                              conce=5033  conce=3731  conce=3618  conce=3996  conce=4921  hash_=4351  poiso=5033  power=3964  power=3846  sawto=2737  sawto=2737  stale=4926  stale=4926  strid=2737  tempo=5033
  even        F64 N=2000000000 bins=      32 main                              conce=5033  conce=3671  conce=3702  conce=4281  conce=5341  hash_=4342  poiso=5033  power=3859  power=4046  sawto=3915  sawto=3916  stale=5344  stale=5346  strid=3914  tempo=5034
  even        F64 N=2000000000 bins=      64 main                              conce=5033  conce=3875  conce=3604  conce=4150  conce=5273  hash_=4320  poiso=5033  power=3781  power=4192  sawto=3883  sawto=3884  stale=5276  stale=5276  strid=3882  tempo=5034
  even        F64 N=2000000000 bins=     128 main                              conce=5032  conce=3772  conce=3546  conce=4065  conce=5228  hash_=4308  poiso=5033  power=3727  power=4350  sawto=3821  sawto=3822  stale=5233  stale=5233  strid=3821  tempo=5033
  even        F64 N=2000000000 bins=     256 main                              conce=5033  conce=3663  conce=3759  conce=4409  conce=5205  hash_=4302  poiso=5033  power=3692  power=4499  sawto=3707  sawto=3707  stale=5210  stale=5212  strid=3707  tempo=5033
  even        F64 N=2000000000 bins=     512 main                              conce=2338  conce=1129  conce=965  conce=957  conce=1092  hash_=1683  poiso=2525  power=1247  power=1220  sawto=1149  sawto=937  stale=1238  stale=1076  strid=1039  tempo=2358

wrote autocuda/results/cooperative-direct-output-smem-c32/partial_even.json (396 benchmark invocations; branch_commit=f16c464e64d5786de2e0bf536479e0ef9ae57b30-dirty)
  merged ['even', '_meta'] -> autocuda/results/cooperative-direct-output-smem-c32/algo_sweep_full.json (2 binaries)
=== [12:09:15] FIGURES (cumulative through even) ===
  partial results ready: 32 figs covering ['_meta', 'even']
=== [12:09:47] PERF SWEEP: range ===
main baseline: comparing shapes ['concentrated:0.0', 'concentrated:0.25', 'concentrated:0.5', 'concentrated:0.75', 'concentrated:1.0', 'hash_synonym', 'poison', 'powerlaw:0.25', 'powerlaw:0.75', 'sawtooth', 'sawtooth:8192:2654435761:1', 'stale_resident:0.25', 'stale_resident:0.5', 'strided_sweep', 'temporal_phases:0.10']
  queried input cache: cub.bench.histogram.range.base I32 N=1048576 -> S=4096
  range       I32 N=   1048576 bins=       8 smem_static                  conce=324  conce=283  conce=282  conce=283  conce=283  hash_=274  poiso=324  power=285  power=284  sawto=282  sawto=280  stale=284  stale=284  strid=274  tempo=289
  range       I32 N=   1048576 bins=       8 smem_cooperative_static      conce=332  conce=289  conce=287  conce=289  conce=285  hash_=284  poiso=326  power=289  power=289  sawto=287  sawto=287  stale=289  stale=289  strid=279  tempo=290
  range       I32 N=   1048576 bins=       8 smem_dynamic                 conce=251  conce=227  conce=226  conce=227  conce=238  hash_=229  poiso=248  power=243  power=226  sawto=221  sawto=221  stale=230  stale=232  strid=214  tempo=243
  range       I32 N=   1048576 bins=       8 smem_cooperative_dynamic     conce=244  conce=221  conce=221  conce=222  conce=218  hash_=219  poiso=234  power=225  power=221  sawto=219  sawto=219  stale=221  stale=222  strid=214  tempo=227
  range       I32 N=   1048576 bins=      16 smem_static                  conce=296  conce=284  conce=276  conce=266  conce=274  hash_=274  poiso=298  power=264  power=262  sawto=280  sawto=280  stale=267  stale=270  strid=274  tempo=280
  range       I32 N=   1048576 bins=      16 smem_cooperative_static      conce=293  conce=289  conce=279  conce=262  conce=263  hash_=274  poiso=292  power=262  power=259  sawto=287  sawto=285  stale=261  stale=267  strid=279  tempo=284
  range       I32 N=   1048576 bins=      16 smem_dynamic                 conce=243  conce=227  conce=225  conce=221  conce=228  hash_=227  poiso=241  power=218  power=219  sawto=222  sawto=222  stale=218  stale=221  strid=216  tempo=232
  range       I32 N=   1048576 bins=      16 smem_cooperative_dynamic     conce=226  conce=219  conce=219  conce=211  conce=210  hash_=218  poiso=223  power=209  power=205  sawto=215  sawto=214  stale=210  stale=211  strid=208  tempo=221
  range       I32 N=   1048576 bins=      32 smem_static                  conce=282  conce=262  conce=255  conce=251  conce=262  hash_=262  poiso=282  power=268  power=256  sawto=263  sawto=261  stale=251  stale=253  strid=261  tempo=266
  range       I32 N=   1048576 bins=      32 smem_cooperative_static      conce=289  conce=261  conce=253  conce=252  conce=250  hash_=253  poiso=289  power=268  power=253  sawto=257  sawto=260  stale=252  stale=252  strid=253  tempo=264
  range       I32 N=   1048576 bins=      32 smem_dynamic                 conce=227  conce=218  conce=216  conce=214  conce=214  hash_=213  poiso=224  power=217  power=218  sawto=216  sawto=216  stale=215  stale=215  strid=212  tempo=221
  range       I32 N=   1048576 bins=      32 smem_cooperative_dynamic     conce=218  conce=202  conce=203  conce=200  conce=200  hash_=204  poiso=215  power=206  power=203  sawto=202  sawto=202  stale=200  stale=202  strid=199  tempo=210
  range       I32 N=   1048576 bins=      64 smem_static                  conce=269  conce=246  conce=239  conce=238  conce=241  hash_=241  poiso=261  power=245  power=246  sawto=248  sawto=246  stale=245  stale=244  strid=240  tempo=250
  range       I32 N=   1048576 bins=      64 smem_cooperative_static      conce=260  conce=250  conce=241  conce=243  conce=245  hash_=249  poiso=254  power=251  power=250  sawto=251  sawto=250  stale=250  stale=249  strid=247  tempo=252
  range       I32 N=   1048576 bins=      64 smem_dynamic                 conce=217  conce=202  conce=199  conce=199  conce=211  hash_=208  poiso=216  power=207  power=204  sawto=202  sawto=203  stale=205  stale=205  strid=201  tempo=211
  range       I32 N=   1048576 bins=      64 smem_cooperative_dynamic     conce=202  conce=197  conce=194  conce=196  conce=197  hash_=197  poiso=200  power=198  power=198  sawto=197  sawto=197  stale=198  stale=198  strid=194  tempo=199
  range       I32 N=   1048576 bins=     128 smem_static                  conce=250  conce=232  conce=227  conce=227  conce=236  hash_=236  poiso=246  power=235  power=230  sawto=231  sawto=227  stale=228  stale=229  strid=229  tempo=240
  range       I32 N=   1048576 bins=     128 smem_cooperative_static      conce=251  conce=232  conce=225  conce=223  conce=227  hash_=233  poiso=251  power=234  power=228  sawto=228  sawto=226  stale=224  stale=225  strid=224  tempo=242
  range       I32 N=   1048576 bins=     128 smem_dynamic                 conce=206  conce=197  conce=195  conce=196  conce=198  hash_=192  poiso=203  power=195  power=196  sawto=195  sawto=194  stale=195  stale=197  strid=191  tempo=199
  range       I32 N=   1048576 bins=     128 smem_cooperative_dynamic     conce=198  conce=192  conce=191  conce=191  conce=192  hash_=189  poiso=196  power=193  power=195  sawto=186  sawto=185  stale=194  stale=194  strid=183  tempo=194
  range       I32 N=   1048576 bins=     256 smem_static                  conce=236  conce=219  conce=218  conce=219  conce=215  hash_=215  poiso=228  power=214  power=219  sawto=218  sawto=216  stale=218  stale=217  strid=213  tempo=222
  range       I32 N=   1048576 bins=     256 smem_cooperative_static      conce=235  conce=222  conce=221  conce=222  conce=217  hash_=220  poiso=225  power=219  power=222  sawto=221  sawto=221  stale=221  stale=221  strid=217  tempo=223
  range       I32 N=   1048576 bins=     256 smem_dynamic                 conce=196  conce=185  conce=186  conce=185  conce=191  hash_=188  poiso=194  power=187  power=185  sawto=183  sawto=185  stale=186  stale=189  strid=184  tempo=191
  range       I32 N=   1048576 bins=     256 smem_cooperative_dynamic     conce=189  conce=181  conce=181  conce=181  conce=180  hash_=180  poiso=184  power=181  power=181  sawto=180  sawto=180  stale=181  stale=181  strid=179  tempo=182
  range       I32 N=   1048576 bins=     512 smem_dynamic                 conce=318  conce=179  conce=178  conce=180  conce=186  hash_=196  poiso=319  power=179  power=181  sawto=181  sawto=183  stale=181  stale=182  strid=179  tempo=189
  range       I32 N=   1048576 bins=     512 smem_cooperative_dynamic     conce=302  conce=174  conce=174  conce=175  conce=173  hash_=197  poiso=298  power=175  power=177  sawto=174  sawto=174  stale=174  stale=174  strid=171  tempo=182
  queried input cache: cub.bench.histogram.range.base I32 N=16777216 -> S=4096
  range       I32 N=  16777216 bins=       8 smem_static                  conce=1227  conce=927  conce=898  conce=913  conce=943  hash_=932  poiso=1213  power=997  power=907  sawto=842  sawto=837  stale=935  stale=937  strid=840  tempo=965
  range       I32 N=  16777216 bins=       8 smem_cooperative_static      conce=1146  conce=858  conce=831  conce=843  conce=867  hash_=881  poiso=1129  power=935  power=835  sawto=790  sawto=778  stale=869  stale=873  strid=786  tempo=905
  range       I32 N=  16777216 bins=       8 smem_dynamic                 conce=1051  conce=790  conce=785  conce=787  conce=801  hash_=805  poiso=1036  power=846  power=788  sawto=778  sawto=776  stale=796  stale=797  strid=775  tempo=827
  range       I32 N=  16777216 bins=       8 smem_cooperative_dynamic     conce=972  conce=734  conce=731  conce=733  conce=733  hash_=753  poiso=966  power=787  power=732  sawto=726  sawto=725  stale=735  stale=735  strid=723  tempo=764
  range       I32 N=  16777216 bins=      16 smem_static                  conce=1027  conce=929  conce=847  conce=809  conce=818  hash_=876  poiso=1023  power=808  power=803  sawto=874  sawto=875  stale=814  stale=814  strid=871  tempo=858
  range       I32 N=  16777216 bins=      16 smem_cooperative_static      conce=957  conce=858  conce=783  conce=753  conce=753  hash_=833  poiso=941  power=751  power=748  sawto=812  sawto=811  stale=754  stale=755  strid=810  tempo=796
  range       I32 N=  16777216 bins=      16 smem_dynamic                 conce=909  conce=796  conce=736  conce=708  conce=724  hash_=768  poiso=903  power=713  power=702  sawto=755  sawto=755  stale=719  stale=720  strid=752  tempo=752
  range       I32 N=  16777216 bins=      16 smem_cooperative_dynamic     conce=845  conce=735  conce=684  conce=654  conce=664  hash_=723  poiso=835  power=657  power=651  sawto=700  sawto=700  stale=666  stale=666  strid=699  tempo=696
  range       I32 N=  16777216 bins=      32 smem_static                  conce=883  conce=795  conce=738  conce=724  conce=728  hash_=793  poiso=878  power=807  power=749  sawto=783  sawto=778  stale=730  stale=730  strid=781  tempo=791
  range       I32 N=  16777216 bins=      32 smem_cooperative_static      conce=816  conce=739  conce=690  conce=671  conce=673  hash_=743  poiso=813  power=750  power=697  sawto=721  sawto=719  stale=673  stale=674  strid=719  tempo=734
  range       I32 N=  16777216 bins=      32 smem_dynamic                 conce=798  conce=701  conce=657  conce=645  conce=655  hash_=705  poiso=789  power=712  power=666  sawto=694  sawto=689  stale=653  stale=654  strid=692  tempo=703
  range       I32 N=  16777216 bins=      32 smem_cooperative_dynamic     conce=736  conce=650  conce=609  conce=596  conce=604  hash_=656  poiso=733  power=655  power=614  sawto=640  sawto=638  stale=604  stale=604  strid=637  tempo=650
  range       I32 N=  16777216 bins=      64 smem_static                  conce=776  conce=668  conce=643  conce=649  conce=667  hash_=714  poiso=772  power=708  power=664  sawto=695  sawto=694  stale=667  stale=668  strid=693  tempo=714
  range       I32 N=  16777216 bins=      64 smem_cooperative_static      conce=719  conce=620  conce=598  conce=603  conce=617  hash_=667  poiso=717  power=655  power=616  sawto=642  sawto=642  stale=618  stale=618  strid=642  tempo=664
  range       I32 N=  16777216 bins=      64 smem_dynamic                 conce=711  conce=603  conce=582  conce=587  conce=604  hash_=644  poiso=706  power=635  power=600  sawto=624  sawto=624  stale=603  stale=603  strid=622  tempo=642
  range       I32 N=  16777216 bins=      64 smem_cooperative_dynamic     conce=656  conce=559  conce=539  conce=543  conce=558  hash_=601  poiso=655  power=585  power=555  sawto=579  sawto=578  stale=559  stale=559  strid=576  tempo=593
  range       I32 N=  16777216 bins=     128 smem_static                  conce=688  conce=636  conce=613  conce=613  conce=620  hash_=646  poiso=686  power=644  power=636  sawto=624  sawto=624  stale=618  stale=618  strid=623  tempo=646
  range       I32 N=  16777216 bins=     128 smem_cooperative_static      conce=642  conce=591  conce=572  conce=569  conce=573  hash_=603  poiso=641  power=599  power=592  sawto=580  sawto=579  stale=573  stale=574  strid=578  tempo=601
  range       I32 N=  16777216 bins=     128 smem_dynamic                 conce=637  conce=576  conce=558  conce=556  conce=564  hash_=587  poiso=634  power=583  power=576  sawto=566  sawto=566  stale=562  stale=563  strid=565  tempo=587
  range       I32 N=  16777216 bins=     128 smem_cooperative_dynamic     conce=591  conce=533  conce=520  conce=514  conce=521  hash_=548  poiso=591  power=540  power=533  sawto=523  sawto=524  stale=521  stale=521  strid=522  tempo=544
  range       I32 N=  16777216 bins=     256 smem_static                  conce=621  conce=579  conce=576  conce=579  conce=574  hash_=587  poiso=619  power=583  power=579  sawto=571  sawto=571  stale=572  stale=573  strid=570  tempo=588
  range       I32 N=  16777216 bins=     256 smem_cooperative_static      conce=580  conce=539  conce=539  conce=541  conce=533  hash_=548  poiso=579  power=542  power=539  sawto=533  sawto=532  stale=533  stale=534  strid=532  tempo=546
  range       I32 N=  16777216 bins=     256 smem_dynamic                 conce=578  conce=529  conce=527  conce=528  conce=526  hash_=538  poiso=577  power=534  power=529  sawto=522  sawto=522  stale=525  stale=525  strid=520  tempo=539
  range       I32 N=  16777216 bins=     256 smem_cooperative_dynamic     conce=538  conce=491  conce=489  conce=489  conce=485  hash_=503  poiso=537  power=495  power=489  sawto=484  sawto=484  stale=487  stale=487  strid=481  tempo=500
  range       I32 N=  16777216 bins=     512 smem_dynamic                 conce=2216  conce=969  conce=965  conce=1009  conce=1050  hash_=1017  poiso=2208  power=976  power=1017  sawto=1037  sawto=1037  stale=1040  stale=1044  strid=1031  tempo=1015
  range       I32 N=  16777216 bins=     512 smem_cooperative_dynamic     conce=2174  conce=910  conce=909  conce=944  conce=967  hash_=1012  poiso=2155  power=919  power=945  sawto=969  sawto=968  stale=967  stale=968  strid=965  tempo=938
  queried input cache: cub.bench.histogram.range.base I32 N=67108864 -> S=4096
  range       I32 N=  67108864 bins=       8 smem_static                  conce=1472  conce=1066  conce=1046  conce=1061  conce=1088  hash_=1088  poiso=1468  power=1174  power=1059  sawto=982  sawto=991  stale=1086  stale=1086  strid=980  tempo=1127
  range       I32 N=  67108864 bins=       8 smem_cooperative_static      conce=1473  conce=1066  conce=1045  conce=1062  conce=1085  hash_=1088  poiso=1466  power=1171  power=1059  sawto=992  sawto=992  stale=1085  stale=1086  strid=991  tempo=1126
  range       I32 N=  67108864 bins=       8 smem_dynamic                 conce=1214  conce=908  conce=904  conce=906  conce=911  hash_=913  poiso=1211  power=967  power=906  sawto=930  sawto=933  stale=910  stale=911  strid=928  tempo=937
  range       I32 N=  67108864 bins=       8 smem_cooperative_dynamic     conce=1215  conce=910  conce=905  conce=907  conce=912  hash_=913  poiso=1214  power=970  power=909  sawto=932  sawto=934  stale=912  stale=912  strid=930  tempo=937
  range       I32 N=  67108864 bins=      16 smem_static                  conce=1204  conce=1080  conce=985  conce=935  conce=938  hash_=1018  poiso=1204  power=933  power=925  sawto=1016  sawto=1017  stale=936  stale=937  strid=1014  tempo=996
  range       I32 N=  67108864 bins=      16 smem_cooperative_static      conce=1204  conce=1081  conce=984  conce=935  conce=937  hash_=1019  poiso=1202  power=933  power=926  sawto=1018  sawto=1016  stale=937  stale=937  strid=1016  tempo=996
  range       I32 N=  67108864 bins=      16 smem_dynamic                 conce=1031  conce=921  conce=849  conce=804  conce=806  hash_=867  poiso=1029  power=802  power=800  sawto=867  sawto=867  stale=805  stale=805  strid=866  tempo=847
  range       I32 N=  67108864 bins=      16 smem_cooperative_dynamic     conce=1031  conce=921  conce=850  conce=805  conce=806  hash_=864  poiso=1030  power=803  power=802  sawto=868  sawto=869  stale=806  stale=806  strid=867  tempo=848
  range       I32 N=  67108864 bins=      32 smem_static                  conce=1021  conce=924  conce=850  conce=827  conce=828  hash_=910  poiso=1018  power=937  power=859  sawto=892  sawto=892  stale=828  stale=828  strid=891  tempo=909
  range       I32 N=  67108864 bins=      32 smem_cooperative_static      conce=1021  conce=924  conce=853  conce=827  conce=828  hash_=910  poiso=1019  power=937  power=862  sawto=894  sawto=891  stale=829  stale=829  strid=892  tempo=911
  range       I32 N=  67108864 bins=      32 smem_dynamic                 conce=897  conce=802  conce=745  conce=724  conce=727  hash_=788  poiso=894  power=806  power=747  sawto=773  sawto=772  stale=727  stale=727  strid=771  tempo=787
  range       I32 N=  67108864 bins=      32 smem_cooperative_dynamic     conce=897  conce=803  conce=747  conce=725  conce=727  hash_=787  poiso=895  power=808  power=750  sawto=774  sawto=773  stale=727  stale=727  strid=772  tempo=787
  range       I32 N=  67108864 bins=      64 smem_static                  conce=885  conce=761  conce=736  conce=736  conce=753  hash_=814  poiso=883  power=812  power=752  sawto=786  sawto=786  stale=754  stale=754  strid=785  tempo=813
  range       I32 N=  67108864 bins=      64 smem_cooperative_static      conce=886  conce=762  conce=737  conce=737  conce=754  hash_=814  poiso=884  power=812  power=753  sawto=788  sawto=786  stale=755  stale=755  strid=787  tempo=814
  range       I32 N=  67108864 bins=      64 smem_dynamic                 conce=791  conce=675  conce=655  conce=654  conce=670  hash_=716  poiso=789  power=713  power=667  sawto=693  sawto=693  stale=669  stale=669  strid=693  tempo=716
  range       I32 N=  67108864 bins=      64 smem_cooperative_dynamic     conce=791  conce=675  conce=656  conce=654  conce=670  hash_=715  poiso=790  power=714  power=667  sawto=693  sawto=694  stale=669  stale=669  strid=693  tempo=715
  range       I32 N=  67108864 bins=     128 smem_static                  conce=781  conce=724  conce=702  conce=692  conce=694  hash_=731  poiso=779  power=734  power=719  sawto=701  sawto=701  stale=696  stale=696  strid=701  tempo=730
  range       I32 N=  67108864 bins=     128 smem_cooperative_static      conce=782  conce=725  conce=705  conce=693  conce=695  hash_=731  poiso=780  power=735  power=720  sawto=703  sawto=702  stale=697  stale=697  strid=703  tempo=731
  range       I32 N=  67108864 bins=     128 smem_dynamic                 conce=707  conce=646  conce=630  conce=620  conce=624  hash_=652  poiso=706  power=654  power=642  sawto=627  sawto=627  stale=623  stale=623  strid=627  tempo=650
  range       I32 N=  67108864 bins=     128 smem_cooperative_dynamic     conce=708  conce=647  conce=631  conce=621  conce=623  hash_=651  poiso=706  power=655  power=642  sawto=627  sawto=628  stale=624  stale=623  strid=627  tempo=650
  range       I32 N=  67108864 bins=     256 smem_static                  conce=698  conce=658  conce=654  conce=653  conce=644  hash_=661  poiso=697  power=661  power=651  sawto=641  sawto=641  stale=643  stale=643  strid=640  tempo=661
  range       I32 N=  67108864 bins=     256 smem_cooperative_static      conce=699  conce=659  conce=655  conce=654  conce=644  hash_=661  poiso=699  power=662  power=652  sawto=642  sawto=641  stale=644  stale=644  strid=642  tempo=661
  range       I32 N=  67108864 bins=     256 smem_dynamic                 conce=640  conce=594  conce=592  conce=588  conce=582  hash_=596  poiso=639  power=596  power=587  sawto=578  sawto=578  stale=581  stale=581  strid=578  tempo=595
  range       I32 N=  67108864 bins=     256 smem_cooperative_dynamic     conce=640  conce=594  conce=592  conce=588  conce=581  hash_=595  poiso=639  power=597  power=588  sawto=578  sawto=578  stale=581  stale=581  strid=578  tempo=595
  range       I32 N=  67108864 bins=     512 smem_dynamic                 conce=3308  conce=1165  conce=1160  conce=1194  conce=1229  hash_=1199  poiso=3299  power=1171  power=1197  sawto=1227  sawto=1225  stale=1228  stale=1227  strid=1223  tempo=1189
  range       I32 N=  67108864 bins=     512 smem_cooperative_dynamic     conce=3315  conce=1165  conce=1159  conce=1194  conce=1225  hash_=1200  poiso=3305  power=1171  power=1196  sawto=1224  sawto=1222  stale=1225  stale=1225  strid=1220  tempo=1190
  queried input cache: cub.bench.histogram.range.base I32 N=268435456 -> S=4096
  range       I32 N= 268435456 bins=       8 smem_static                  conce=1565  conce=1115  conce=1103  conce=1116  conce=1145  hash_=1149  poiso=1562  power=1239  power=1111  sawto=1042  sawto=1058  stale=1144  stale=1145  strid=1042  tempo=1186
  range       I32 N= 268435456 bins=       8 smem_cooperative_static      conce=1565  conce=1115  conce=1103  conce=1116  conce=1144  hash_=1150  poiso=1562  power=1239  power=1113  sawto=1051  sawto=1057  stale=1145  stale=1145  strid=1051  tempo=1187
  range       I32 N= 268435456 bins=       8 smem_dynamic                 conce=1298  conce=961  conce=960  conce=960  conce=961  hash_=967  poiso=1296  power=1026  power=960  sawto=1010  sawto=1013  stale=961  stale=961  strid=1010  tempo=992
  range       I32 N= 268435456 bins=       8 smem_cooperative_dynamic     conce=1297  conce=960  conce=959  conce=959  conce=960  hash_=966  poiso=1295  power=1026  power=959  sawto=1011  sawto=1013  stale=961  stale=961  strid=1011  tempo=991
  range       I32 N= 268435456 bins=      16 smem_static                  conce=1272  conce=1131  conce=1043  conce=982  conce=982  hash_=1076  poiso=1270  power=980  power=974  sawto=1072  sawto=1075  stale=982  stale=982  strid=1072  tempo=1047
  range       I32 N= 268435456 bins=      16 smem_cooperative_static      conce=1272  conce=1132  conce=1043  conce=984  conce=982  hash_=1076  poiso=1271  power=981  power=973  sawto=1074  sawto=1074  stale=982  stale=983  strid=1074  tempo=1048
  range       I32 N= 268435456 bins=      16 smem_dynamic                 conce=1093  conce=975  conce=895  conce=846  conce=846  hash_=915  poiso=1092  power=845  power=843  sawto=915  sawto=916  stale=846  stale=846  strid=915  tempo=894
  range       I32 N= 268435456 bins=      16 smem_cooperative_dynamic     conce=1093  conce=974  conce=894  conce=846  conce=846  hash_=914  poiso=1091  power=844  power=842  sawto=915  sawto=915  stale=845  stale=845  strid=915  tempo=894
  range       I32 N= 268435456 bins=      32 smem_static                  conce=1070  conce=971  conce=898  conce=866  conce=866  hash_=957  poiso=1069  power=985  power=902  sawto=933  sawto=934  stale=865  stale=865  strid=933  tempo=953
  range       I32 N= 268435456 bins=      32 smem_cooperative_static      conce=1072  conce=970  conce=900  conce=867  conce=867  hash_=957  poiso=1071  power=986  power=903  sawto=936  sawto=933  stale=866  stale=866  strid=935  tempo=953
  range       I32 N= 268435456 bins=      32 smem_dynamic                 conce=943  conce=846  conce=783  conce=759  conce=760  hash_=829  poiso=942  power=849  power=786  sawto=810  sawto=810  stale=759  stale=759  strid=810  tempo=826
  range       I32 N= 268435456 bins=      32 smem_cooperative_dynamic     conce=943  conce=844  conce=784  conce=758  conce=759  hash_=828  poiso=942  power=848  power=786  sawto=810  sawto=809  stale=759  stale=758  strid=809  tempo=825
  range       I32 N= 268435456 bins=      64 smem_static                  conce=924  conce=797  conce=773  conce=768  conce=786  hash_=853  poiso=924  power=851  power=787  sawto=820  sawto=821  stale=786  stale=787  strid=820  tempo=851
  range       I32 N= 268435456 bins=      64 smem_cooperative_static      conce=926  conce=799  conce=773  conce=769  conce=787  hash_=853  poiso=925  power=851  power=788  sawto=822  sawto=821  stale=787  stale=787  strid=822  tempo=851
  range       I32 N= 268435456 bins=      64 smem_dynamic                 conce=829  conce=706  conce=687  conce=683  conce=698  hash_=751  poiso=829  power=748  power=698  sawto=725  sawto=725  stale=699  stale=699  strid=724  tempo=749
  range       I32 N= 268435456 bins=      64 smem_cooperative_dynamic     conce=829  conce=707  conce=686  conce=683  conce=697  hash_=750  poiso=828  power=747  power=698  sawto=724  sawto=724  stale=698  stale=697  strid=724  tempo=748
  range       I32 N= 268435456 bins=     128 smem_static                  conce=814  conce=759  conce=740  conce=724  conce=726  hash_=764  poiso=813  power=769  power=752  sawto=731  sawto=731  stale=726  stale=726  strid=731  tempo=763
  range       I32 N= 268435456 bins=     128 smem_cooperative_static      conce=815  conce=759  conce=741  conce=725  conce=727  hash_=764  poiso=814  power=770  power=753  sawto=733  sawto=731  stale=727  stale=727  strid=733  tempo=763
  range       I32 N= 268435456 bins=     128 smem_dynamic                 conce=740  conce=677  conce=661  conce=649  conce=651  hash_=682  poiso=739  power=685  power=671  sawto=654  sawto=655  stale=651  stale=651  strid=654  tempo=680
  range       I32 N= 268435456 bins=     128 smem_cooperative_dynamic     conce=740  conce=675  conce=661  conce=648  conce=650  hash_=681  poiso=739  power=684  power=670  sawto=654  sawto=654  stale=651  stale=651  strid=654  tempo=680
  range       I32 N= 268435456 bins=     256 smem_static                  conce=726  conce=688  conce=685  conce=681  conce=670  hash_=688  poiso=726  power=690  power=679  sawto=667  sawto=668  stale=670  stale=670  strid=667  tempo=688
  range       I32 N= 268435456 bins=     256 smem_cooperative_static      conce=728  conce=690  conce=686  conce=682  conce=671  hash_=689  poiso=727  power=691  power=679  sawto=669  sawto=668  stale=671  stale=671  strid=669  tempo=689
  range       I32 N= 268435456 bins=     256 smem_dynamic                 conce=668  conce=621  conce=618  conce=614  conce=606  hash_=622  poiso=667  power=622  power=613  sawto=604  sawto=604  stale=606  stale=606  strid=604  tempo=621
  range       I32 N= 268435456 bins=     256 smem_cooperative_dynamic     conce=668  conce=621  conce=618  conce=614  conce=606  hash_=621  poiso=667  power=622  power=612  sawto=603  sawto=603  stale=606  stale=606  strid=603  tempo=620
  range       I32 N= 268435456 bins=     512 smem_dynamic                 conce=3916  conce=1261  conce=1258  conce=1285  conce=1314  hash_=1279  poiso=3910  power=1265  power=1282  sawto=1314  sawto=1315  stale=1314  stale=1314  strid=1313  tempo=1269
  range       I32 N= 268435456 bins=     512 smem_cooperative_dynamic     conce=3922  conce=1260  conce=1258  conce=1285  conce=1313  hash_=1279  poiso=3917  power=1265  power=1283  sawto=1313  sawto=1313  stale=1314  stale=1312  strid=1313  tempo=1269
  queried input cache: cub.bench.histogram.range.base I32 N=1073741824 -> S=4096
  range       I32 N=1073741824 bins=       8 smem_static                  conce=1586  conce=1126  conce=1115  conce=1133  conce=1157  hash_=1162  poiso=1585  power=1254  power=1127  sawto=1058  sawto=1074  stale=1157  stale=1157  strid=1058  tempo=1199
  range       I32 N=1073741824 bins=       8 smem_cooperative_static      conce=1587  conce=1126  conce=1115  conce=1133  conce=1158  hash_=1163  poiso=1586  power=1254  power=1128  sawto=1062  sawto=1073  stale=1158  stale=1158  strid=1065  tempo=1200
  range       I32 N=1073741824 bins=       8 smem_dynamic                 conce=1315  conce=971  conce=969  conce=970  conce=971  hash_=976  poiso=1314  power=1038  power=970  sawto=1035  sawto=1038  stale=971  stale=971  strid=1034  tempo=1001
  range       I32 N=1073741824 bins=       8 smem_cooperative_dynamic     conce=1314  conce=970  conce=969  conce=969  conce=971  hash_=976  poiso=1313  power=1037  power=970  sawto=1034  sawto=1037  stale=971  stale=971  strid=1034  tempo=1001
  range       I32 N=1073741824 bins=      16 smem_static                  conce=1286  conce=1143  conce=1061  conce=994  conce=991  hash_=1088  poiso=1285  power=990  power=989  sawto=1091  sawto=1092  stale=991  stale=991  strid=1091  tempo=1059
  range       I32 N=1073741824 bins=      16 smem_cooperative_static      conce=1287  conce=1145  conce=1061  conce=995  conce=992  hash_=1089  poiso=1287  power=991  power=990  sawto=1094  sawto=1091  stale=992  stale=992  strid=1094  tempo=1060
  range       I32 N=1073741824 bins=      16 smem_dynamic                 conce=1104  conce=985  conce=904  conce=854  conce=853  hash_=924  poiso=1103  power=852  power=851  sawto=925  sawto=925  stale=853  stale=853  strid=925  tempo=903
  range       I32 N=1073741824 bins=      16 smem_cooperative_dynamic     conce=1104  conce=985  conce=904  conce=854  conce=853  hash_=924  poiso=1103  power=852  power=850  sawto=925  sawto=925  stale=853  stale=853  strid=924  tempo=903
  range       I32 N=1073741824 bins=      32 smem_static                  conce=1081  conce=990  conce=908  conce=873  conce=873  hash_=966  poiso=1081  power=997  power=910  sawto=942  sawto=943  stale=873  stale=873  strid=942  tempo=964
  range       I32 N=1073741824 bins=      32 smem_cooperative_static      conce=1083  conce=991  conce=910  conce=874  conce=875  hash_=968  poiso=1082  power=998  power=912  sawto=945  sawto=942  stale=874  stale=874  strid=945  tempo=965
  range       I32 N=1073741824 bins=      32 smem_dynamic                 conce=952  conce=853  conce=791  conce=765  conce=765  hash_=836  poiso=951  power=858  power=793  sawto=816  sawto=817  stale=765  stale=765  strid=816  tempo=834
  range       I32 N=1073741824 bins=      32 smem_cooperative_dynamic     conce=952  conce=853  conce=791  conce=765  conce=765  hash_=836  poiso=950  power=858  power=793  sawto=817  sawto=817  stale=765  stale=765  strid=816  tempo=834
  range       I32 N=1073741824 bins=      64 smem_static                  conce=933  conce=804  conce=779  conce=775  conce=793  hash_=860  poiso=932  power=859  power=793  sawto=827  sawto=828  stale=793  stale=793  strid=827  tempo=859
  range       I32 N=1073741824 bins=      64 smem_cooperative_static      conce=934  conce=805  conce=781  conce=776  conce=794  hash_=862  poiso=934  power=860  power=794  sawto=830  sawto=828  stale=794  stale=794  strid=830  tempo=860
  range       I32 N=1073741824 bins=      64 smem_dynamic                 conce=836  conce=712  conce=692  conce=689  conce=703  hash_=756  poiso=835  power=754  power=703  sawto=730  sawto=730  stale=704  stale=704  strid=730  tempo=755
  range       I32 N=1073741824 bins=      64 smem_cooperative_dynamic     conce=836  conce=712  conce=692  conce=689  conce=703  hash_=756  poiso=835  power=754  power=703  sawto=730  sawto=730  stale=703  stale=703  strid=730  tempo=755
  range       I32 N=1073741824 bins=     128 smem_static                  conce=820  conce=766  conce=746  conce=730  conce=732  hash_=770  poiso=820  power=775  power=758  sawto=737  sawto=737  stale=732  stale=732  strid=736  tempo=769
  range       I32 N=1073741824 bins=     128 smem_cooperative_static      conce=822  conce=767  conce=747  conce=731  conce=733  hash_=771  poiso=821  power=777  power=759  sawto=739  sawto=737  stale=733  stale=733  strid=739  tempo=770
  range       I32 N=1073741824 bins=     128 smem_dynamic                 conce=746  conce=682  conce=667  conce=654  conce=656  hash_=686  poiso=745  power=690  power=676  sawto=659  sawto=659  stale=656  stale=655  strid=659  tempo=685
  range       I32 N=1073741824 bins=     128 smem_cooperative_dynamic     conce=745  conce=682  conce=666  conce=653  conce=655  hash_=686  poiso=745  power=690  power=676  sawto=659  sawto=659  stale=655  stale=655  strid=659  tempo=685
  range       I32 N=1073741824 bins=     256 smem_static                  conce=732  conce=695  conce=691  conce=686  conce=675  hash_=694  poiso=732  power=696  power=684  sawto=672  sawto=673  stale=675  stale=676  strid=672  tempo=693
  range       I32 N=1073741824 bins=     256 smem_cooperative_static      conce=733  conce=696  conce=692  conce=687  conce=676  hash_=695  poiso=733  power=697  power=685  sawto=674  sawto=673  stale=677  stale=677  strid=674  tempo=694
  range       I32 N=1073741824 bins=     256 smem_dynamic                 conce=673  conce=626  conce=623  conce=619  conce=610  hash_=626  poiso=672  power=627  power=617  sawto=608  sawto=608  stale=610  stale=610  strid=608  tempo=625
  range       I32 N=1073741824 bins=     256 smem_cooperative_dynamic     conce=673  conce=626  conce=623  conce=619  conce=610  hash_=626  poiso=672  power=627  power=617  sawto=608  sawto=608  stale=610  stale=610  strid=608  tempo=625
  range       I32 N=1073741824 bins=     512 smem_dynamic                 conce=4090  conce=1280  conce=1280  conce=1304  conce=1334  hash_=1299  poiso=4087  power=1285  power=1301  sawto=1334  sawto=1334  stale=1334  stale=1333  strid=1333  tempo=1287
  range       I32 N=1073741824 bins=     512 smem_cooperative_dynamic     conce=4098  conce=1281  conce=1279  conce=1304  conce=1333  hash_=1300  poiso=4095  power=1284  power=1301  sawto=1332  sawto=1332  stale=1333  stale=1332  strid=1331  tempo=1287
  queried input cache: cub.bench.histogram.range.base I32 N=2000000000 -> S=4096
  range       I32 N=2000000000 bins=       8 smem_static                  conce=1590  conce=1129  conce=1119  conce=1145  conce=1160  hash_=1164  poiso=1589  power=1257  power=1131  sawto=1059  sawto=1078  stale=1159  stale=1160  strid=1060  tempo=1202
  range       I32 N=2000000000 bins=       8 smem_cooperative_static      conce=1591  conce=1130  conce=1116  conce=1143  conce=1160  hash_=1165  poiso=1590  power=1257  power=1132  sawto=1064  sawto=1079  stale=1161  stale=1161  strid=1064  tempo=1203
  range       I32 N=2000000000 bins=       8 smem_dynamic                 conce=1317  conce=972  conce=971  conce=972  conce=973  hash_=978  poiso=1316  power=1040  power=972  sawto=1039  sawto=1043  stale=973  stale=973  strid=1039  tempo=1003
  range       I32 N=2000000000 bins=       8 smem_cooperative_dynamic     conce=1316  conce=972  conce=971  conce=971  conce=973  hash_=978  poiso=1316  power=1040  power=972  sawto=1039  sawto=1042  stale=973  stale=973  strid=1039  tempo=1003
  range       I32 N=2000000000 bins=      16 smem_static                  conce=1288  conce=1146  conce=1064  conce=995  conce=993  hash_=1090  poiso=1288  power=992  power=990  sawto=1094  sawto=1095  stale=993  stale=993  strid=1093  tempo=1061
  range       I32 N=2000000000 bins=      16 smem_cooperative_static      conce=1290  conce=1148  conce=1064  conce=996  conce=994  hash_=1091  poiso=1290  power=993  power=991  sawto=1097  sawto=1094  stale=994  stale=994  strid=1097  tempo=1062
  range       I32 N=2000000000 bins=      16 smem_dynamic                 conce=1106  conce=987  conce=906  conce=856  conce=855  hash_=925  poiso=1106  power=854  power=852  sawto=926  sawto=927  stale=855  stale=855  strid=926  tempo=905
  range       I32 N=2000000000 bins=      16 smem_cooperative_dynamic     conce=1106  conce=987  conce=906  conce=856  conce=855  hash_=925  poiso=1105  power=854  power=852  sawto=926  sawto=927  stale=855  stale=855  strid=926  tempo=904
  range       I32 N=2000000000 bins=      32 smem_static                  conce=1083  conce=992  conce=910  conce=875  conce=875  hash_=968  poiso=1083  power=999  power=912  sawto=944  sawto=944  stale=875  stale=875  strid=943  tempo=966
  range       I32 N=2000000000 bins=      32 smem_cooperative_static      conce=1085  conce=993  conce=912  conce=876  conce=876  hash_=969  poiso=1084  power=1000  power=913  sawto=946  sawto=944  stale=876  stale=876  strid=946  tempo=967
  range       I32 N=2000000000 bins=      32 smem_dynamic                 conce=954  conce=855  conce=793  conce=766  conce=766  hash_=837  poiso=953  power=860  power=794  sawto=818  sawto=819  stale=767  stale=767  strid=818  tempo=836
  range       I32 N=2000000000 bins=      32 smem_cooperative_dynamic     conce=953  conce=855  conce=793  conce=766  conce=766  hash_=837  poiso=952  power=860  power=794  sawto=818  sawto=818  stale=766  stale=766  strid=818  tempo=835
  range       I32 N=2000000000 bins=      64 smem_static                  conce=934  conce=806  conce=781  conce=776  conce=794  hash_=862  poiso=934  power=860  power=794  sawto=829  sawto=829  stale=794  stale=794  strid=829  tempo=861
  range       I32 N=2000000000 bins=      64 smem_cooperative_static      conce=936  conce=807  conce=782  conce=777  conce=796  hash_=863  poiso=936  power=862  power=796  sawto=831  sawto=829  stale=796  stale=796  strid=831  tempo=862
  range       I32 N=2000000000 bins=      64 smem_dynamic                 conce=838  conce=713  conce=694  conce=690  conce=705  hash_=758  poiso=837  power=756  power=705  sawto=731  sawto=732  stale=705  stale=705  strid=731  tempo=756
  range       I32 N=2000000000 bins=      64 smem_cooperative_dynamic     conce=837  conce=713  conce=694  conce=690  conce=705  hash_=758  poiso=836  power=755  power=704  sawto=731  sawto=732  stale=705  stale=705  strid=731  tempo=756
  range       I32 N=2000000000 bins=     128 smem_static                  conce=822  conce=767  conce=748  conce=731  conce=733  hash_=771  poiso=821  power=777  power=759  sawto=738  sawto=738  stale=733  stale=733  strid=738  tempo=770
  range       I32 N=2000000000 bins=     128 smem_cooperative_static      conce=823  conce=768  conce=749  conce=733  conce=734  hash_=772  poiso=823  power=778  power=760  sawto=740  sawto=738  stale=735  stale=734  strid=740  tempo=772
  range       I32 N=2000000000 bins=     128 smem_dynamic                 conce=747  conce=683  conce=668  conce=655  conce=657  hash_=687  poiso=746  power=691  power=677  sawto=660  sawto=661  stale=657  stale=657  strid=660  tempo=686
  range       I32 N=2000000000 bins=     128 smem_cooperative_dynamic     conce=747  conce=683  conce=668  conce=655  conce=657  hash_=687  poiso=746  power=691  power=677  sawto=660  sawto=661  stale=657  stale=657  strid=660  tempo=686
  range       I32 N=2000000000 bins=     256 smem_static                  conce=733  conce=696  conce=692  conce=687  conce=677  hash_=695  poiso=733  power=697  power=685  sawto=674  sawto=674  stale=677  stale=677  strid=674  tempo=694
  range       I32 N=2000000000 bins=     256 smem_cooperative_static      conce=735  conce=697  conce=694  conce=688  conce=678  hash_=696  poiso=734  power=698  power=686  sawto=675  sawto=674  stale=678  stale=678  strid=675  tempo=695
  range       I32 N=2000000000 bins=     256 smem_dynamic                 conce=674  conce=627  conce=624  conce=620  conce=612  hash_=627  poiso=673  power=628  power=618  sawto=609  sawto=609  stale=612  stale=612  strid=609  tempo=626
  range       I32 N=2000000000 bins=     256 smem_cooperative_dynamic     conce=674  conce=627  conce=624  conce=620  conce=612  hash_=627  poiso=673  power=628  power=618  sawto=609  sawto=609  stale=612  stale=612  strid=609  tempo=626
  range       I32 N=2000000000 bins=     512 smem_dynamic                 conce=4116  conce=1283  conce=1282  conce=1307  conce=1336  hash_=1304  poiso=4116  power=1286  power=1304  sawto=1337  sawto=1336  stale=1335  stale=1337  strid=1335  tempo=1289
  range       I32 N=2000000000 bins=     512 smem_cooperative_dynamic     conce=4126  conce=1283  conce=1281  conce=1306  conce=1334  hash_=1304  poiso=4124  power=1287  power=1303  sawto=1335  sawto=1334  stale=1334  stale=1334  strid=1334  tempo=1289
  range       I32 N=   1048576 bins=       8 main                              conce=279  conce=239  conce=248  conce=246  conce=249  hash_=247  poiso=277  power=248  power=245  sawto=206  sawto=206  stale=246  stale=246  strid=204  tempo=283
  range       I32 N=   1048576 bins=      16 main                              conce=254  conce=239  conce=238  conce=227  conce=238  hash_=234  poiso=257  power=229  power=227  sawto=197  sawto=197  stale=228  stale=226  strid=191  tempo=255
  range       I32 N=   1048576 bins=      32 main                              conce=242  conce=222  conce=221  conce=219  conce=220  hash_=213  poiso=245  power=227  power=220  sawto=219  sawto=219  stale=220  stale=219  strid=212  tempo=246
  range       I32 N=   1048576 bins=      64 main                              conce=222  conce=203  conce=199  conce=200  conce=213  hash_=212  poiso=224  power=217  power=203  sawto=199  sawto=199  stale=203  stale=203  strid=193  tempo=222
  range       I32 N=   1048576 bins=     128 main                              conce=212  conce=191  conce=194  conce=196  conce=196  hash_=192  poiso=210  power=200  power=196  sawto=184  sawto=186  stale=197  stale=196  strid=183  tempo=212
  range       I32 N=   1048576 bins=     256 main                              conce=197  conce=181  conce=183  conce=182  conce=188  hash_=184  poiso=196  power=183  power=182  sawto=170  sawto=172  stale=181  stale=181  strid=168  tempo=198
  range       I32 N=   1048576 bins=     512 main                              conce=180  conce=139  conce=131  conce=133  conce=138  hash_=166  poiso=178  power=151  power=139  sawto=127  sawto=122  stale=138  stale=136  strid=125  tempo=180
  range       I32 N=  16777216 bins=       8 main                              conce=1202  conce=904  conce=894  conce=901  conce=917  hash_=954  poiso=1189  power=973  power=892  sawto=625  sawto=624  stale=907  stale=909  strid=622  tempo=1203
  range       I32 N=  16777216 bins=      16 main                              conce=1005  conce=910  conce=831  conce=794  conce=804  hash_=857  poiso=1002  power=795  power=788  sawto=575  sawto=581  stale=795  stale=797  strid=574  tempo=1008
  range       I32 N=  16777216 bins=      32 main                              conce=861  conce=783  conce=727  conce=709  conce=712  hash_=769  poiso=859  power=796  power=733  sawto=693  sawto=694  stale=714  stale=713  strid=691  tempo=861
  range       I32 N=  16777216 bins=      64 main                              conce=753  conce=654  conce=630  conce=634  conce=651  hash_=694  poiso=751  power=696  power=648  sawto=619  sawto=623  stale=649  stale=650  strid=618  tempo=753
  range       I32 N=  16777216 bins=     128 main                              conce=670  conce=623  conce=602  conce=596  conce=603  hash_=625  poiso=667  power=632  power=619  sawto=558  sawto=559  stale=601  stale=601  strid=556  tempo=669
  range       I32 N=  16777216 bins=     256 main                              conce=602  conce=565  conce=562  conce=563  conce=558  hash_=568  poiso=600  power=571  power=562  sawto=503  sawto=503  stale=557  stale=557  strid=500  tempo=602
  range       I32 N=  16777216 bins=     512 main                              conce=555  conce=423  conce=379  conce=381  conce=401  hash_=515  poiso=551  power=464  power=434  sawto=321  sawto=305  stale=403  stale=405  strid=317  tempo=556
  range       I32 N=  67108864 bins=       8 main                              conce=1404  conce=1018  conce=1002  conce=1011  conce=1026  hash_=1080  poiso=1395  power=1107  power=1005  sawto=707  sawto=707  stale=1025  stale=1026  strid=705  tempo=1405
  range       I32 N=  67108864 bins=      16 main                              conce=1149  conce=1027  conce=928  conce=881  conce=885  hash_=961  poiso=1143  power=880  power=873  sawto=658  sawto=662  stale=883  stale=884  strid=658  tempo=1148
  range       I32 N=  67108864 bins=      32 main                              conce=968  conce=873  conce=803  conce=780  conce=783  hash_=857  poiso=966  power=883  power=811  sawto=797  sawto=798  stale=781  stale=782  strid=797  tempo=969
  range       I32 N=  67108864 bins=      64 main                              conce=838  conce=718  conce=695  conce=694  conce=710  hash_=767  poiso=836  power=765  power=711  sawto=714  sawto=715  stale=711  stale=711  strid=713  tempo=838
  range       I32 N=  67108864 bins=     128 main                              conce=738  conce=682  conce=663  conce=653  conce=657  hash_=688  poiso=737  power=693  power=678  sawto=638  sawto=639  stale=656  stale=656  strid=638  tempo=738
  range       I32 N=  67108864 bins=     256 main                              conce=659  conce=619  conce=615  conce=614  conce=605  hash_=621  poiso=658  power=622  power=612  sawto=561  sawto=562  stale=605  stale=605  strid=561  tempo=659
  range       I32 N=  67108864 bins=     512 main                              conce=605  conce=517  conce=448  conce=451  conce=480  hash_=570  poiso=603  power=552  power=519  sawto=395  sawto=375  stale=485  stale=476  strid=391  tempo=605
  range       I32 N= 268435456 bins=       8 main                              conce=1485  conce=1060  conce=1042  conce=1056  conce=1075  hash_=1136  poiso=1483  power=1162  power=1054  sawto=742  sawto=743  stale=1076  stale=1076  strid=741  tempo=1485
  range       I32 N= 268435456 bins=      16 main                              conce=1204  conce=1075  conce=975  conce=921  conce=923  hash_=1006  poiso=1203  power=918  power=915  sawto=696  sawto=697  stale=923  stale=923  strid=695  tempo=1204
  range       I32 N= 268435456 bins=      32 main                              conce=1011  conce=912  conce=841  conce=812  conce=812  hash_=895  poiso=1010  power=923  power=845  sawto=844  sawto=844  stale=813  stale=812  strid=842  tempo=1011
  range       I32 N= 268435456 bins=      64 main                              conce=871  conce=746  conce=722  conce=720  conce=737  hash_=797  poiso=870  power=796  power=737  sawto=753  sawto=754  stale=737  stale=737  strid=753  tempo=871
  range       I32 N= 268435456 bins=     128 main                              conce=765  conce=709  conce=690  conce=677  conce=679  hash_=714  poiso=764  power=719  power=704  sawto=671  sawto=671  stale=680  stale=680  strid=671  tempo=765
  range       I32 N= 268435456 bins=     256 main                              conce=682  conce=643  conce=639  conce=636  conce=627  hash_=643  poiso=681  power=645  power=635  sawto=591  sawto=591  stale=627  stale=627  strid=590  tempo=682
  range       I32 N= 268435456 bins=     512 main                              conce=628  conce=553  conce=482  conce=485  conce=514  hash_=594  poiso=626  power=589  power=553  sawto=421  sawto=401  stale=522  stale=514  strid=414  tempo=628
  range       I32 N=1073741824 bins=       8 main                              conce=1504  conce=1072  conce=1057  conce=1070  conce=1084  hash_=1149  poiso=1503  power=1175  power=1069  sawto=757  sawto=758  stale=1086  stale=1086  strid=756  tempo=1504
  range       I32 N=1073741824 bins=      16 main                              conce=1215  conce=1087  conce=989  conce=930  conce=929  hash_=1016  poiso=1215  power=927  power=924  sawto=711  sawto=712  stale=930  stale=930  strid=711  tempo=1215
  range       I32 N=1073741824 bins=      32 main                              conce=1018  conce=923  conce=849  conce=817  conce=817  hash_=902  poiso=1018  power=932  power=852  sawto=862  sawto=862  stale=817  stale=817  strid=861  tempo=1019
  range       I32 N=1073741824 bins=      64 main                              conce=876  conce=752  conce=728  conce=724  conce=741  hash_=803  poiso=876  power=802  power=741  sawto=770  sawto=768  stale=741  stale=741  strid=769  tempo=876
  range       I32 N=1073741824 bins=     128 main                              conce=769  conce=715  conce=696  conce=682  conce=683  hash_=718  poiso=769  power=724  power=708  sawto=684  sawto=684  stale=684  stale=684  strid=684  tempo=769
  range       I32 N=1073741824 bins=     256 main                              conce=685  conce=647  conce=643  conce=640  conce=631  hash_=647  poiso=685  power=649  power=638  sawto=600  sawto=600  stale=631  stale=631  strid=600  tempo=685
  range       I32 N=1073741824 bins=     512 main                              conce=628  conce=564  conce=464  conce=496  conce=525  hash_=596  poiso=627  power=593  power=564  sawto=428  sawto=407  stale=531  stale=531  strid=421  tempo=628
  range       I32 N=2000000000 bins=       8 main                              conce=1507  conce=1073  conce=1060  conce=1073  conce=1086  hash_=1150  poiso=1506  power=1177  power=1071  sawto=758  sawto=760  stale=1087  stale=1087  strid=758  tempo=1507
  range       I32 N=2000000000 bins=      16 main                              conce=1217  conce=1089  conce=991  conce=931  conce=930  hash_=1017  poiso=1216  power=928  power=925  sawto=714  sawto=714  stale=931  stale=931  strid=713  tempo=1217
  range       I32 N=2000000000 bins=      32 main                              conce=1020  conce=925  conce=850  conce=818  conce=818  hash_=903  poiso=1019  power=933  power=853  sawto=864  sawto=864  stale=818  stale=818  strid=864  tempo=1020
  range       I32 N=2000000000 bins=      64 main                              conce=877  conce=753  conce=729  conce=725  conce=742  hash_=804  poiso=877  power=803  power=742  sawto=771  sawto=771  stale=742  stale=742  strid=771  tempo=877
  range       I32 N=2000000000 bins=     128 main                              conce=770  conce=715  conce=697  conce=683  conce=684  hash_=719  poiso=769  power=725  power=709  sawto=686  sawto=686  stale=684  stale=684  strid=686  tempo=770
  range       I32 N=2000000000 bins=     256 main                              conce=686  conce=648  conce=644  conce=641  conce=631  hash_=647  poiso=686  power=650  power=639  sawto=602  sawto=601  stale=631  stale=631  strid=602  tempo=686
  range       I32 N=2000000000 bins=     512 main                              conce=628  conce=566  conce=464  conce=496  conce=527  hash_=597  poiso=627  power=595  power=567  sawto=430  sawto=411  stale=532  stale=533  strid=421  tempo=628
  queried input cache: cub.bench.histogram.range.base F64 N=1048576 -> S=4096
  range       F64 N=   1048576 bins=       8 smem_static                  conce=618  conce=562  conce=563  conce=564  conce=557  hash_=547  poiso=610  power=561  power=563  sawto=492  sawto=492  stale=564  stale=565  strid=479  tempo=563
  range       F64 N=   1048576 bins=       8 smem_cooperative_static      conce=587  conce=528  conce=541  conce=538  conce=538  hash_=535  poiso=584  power=570  power=523  sawto=473  sawto=475  stale=550  stale=558  strid=455  tempo=567
  range       F64 N=   1048576 bins=       8 smem_dynamic                 conce=589  conce=536  conce=547  conce=548  conce=549  hash_=539  poiso=589  power=559  power=541  sawto=558  sawto=555  stale=554  stale=555  strid=545  tempo=549
  range       F64 N=   1048576 bins=       8 smem_cooperative_dynamic     conce=578  conce=505  conce=516  conce=506  conce=514  hash_=504  poiso=577  power=519  power=506  sawto=531  sawto=527  stale=512  stale=529  strid=508  tempo=511
  range       F64 N=   1048576 bins=      16 smem_static                  conce=574  conce=560  conce=535  conce=517  conce=533  hash_=536  poiso=565  power=521  power=519  sawto=522  sawto=518  stale=518  stale=519  strid=521  tempo=537
  range       F64 N=   1048576 bins=      16 smem_cooperative_static      conce=576  conce=526  conce=508  conce=504  conce=499  hash_=509  poiso=571  power=503  power=503  sawto=505  sawto=504  stale=504  stale=505  strid=497  tempo=512
  range       F64 N=   1048576 bins=      16 smem_dynamic                 conce=568  conce=535  conce=522  conce=511  conce=527  hash_=524  poiso=562  power=508  power=515  sawto=516  sawto=511  stale=513  stale=506  strid=513  tempo=521
  range       F64 N=   1048576 bins=      16 smem_cooperative_dynamic     conce=563  conce=506  conce=505  conce=502  conce=497  hash_=499  poiso=521  power=499  power=502  sawto=504  sawto=502  stale=501  stale=503  strid=497  tempo=504
  range       F64 N=   1048576 bins=      32 smem_static                  conce=539  conce=505  conce=496  conce=494  conce=488  hash_=497  poiso=532  power=518  power=491  sawto=506  sawto=509  stale=491  stale=493  strid=497  tempo=507
  range       F64 N=   1048576 bins=      32 smem_cooperative_static      conce=512  conce=502  conce=497  conce=493  conce=482  hash_=497  poiso=507  power=500  power=500  sawto=503  sawto=503  stale=496  stale=498  strid=494  tempo=501
  range       F64 N=   1048576 bins=      32 smem_dynamic                 conce=523  conce=495  conce=489  conce=489  conce=483  hash_=481  poiso=521  power=493  power=492  sawto=494  sawto=489  stale=492  stale=491  strid=479  tempo=494
  range       F64 N=   1048576 bins=      32 smem_cooperative_dynamic     conce=505  conce=499  conce=473  conce=457  conce=470  hash_=483  poiso=503  power=498  power=478  sawto=479  sawto=473  stale=470  stale=475  strid=462  tempo=497
  range       F64 N=   1048576 bins=      64 smem_static                  conce=501  conce=457  conce=454  conce=455  conce=478  hash_=479  poiso=493  power=489  power=457  sawto=485  sawto=482  stale=458  stale=472  strid=477  tempo=486
  range       F64 N=   1048576 bins=      64 smem_cooperative_static      conce=501  conce=447  conce=446  conce=446  conce=449  hash_=466  poiso=501  power=474  power=447  sawto=469  sawto=466  stale=448  stale=452  strid=452  tempo=479
  range       F64 N=   1048576 bins=      64 smem_dynamic                 conce=496  conce=451  conce=444  conce=448  conce=470  hash_=471  poiso=491  power=471  power=457  sawto=456  sawto=451  stale=456  stale=459  strid=450  tempo=474
  range       F64 N=   1048576 bins=      64 smem_cooperative_dynamic     conce=496  conce=444  conce=443  conce=444  conce=443  hash_=446  poiso=488  power=451  power=445  sawto=446  sawto=445  stale=446  stale=446  strid=439  tempo=449
  range       F64 N=   1048576 bins=     128 smem_static                  conce=475  conce=449  conce=439  conce=434  conce=450  hash_=452  poiso=462  power=462  power=451  sawto=434  sawto=429  stale=434  stale=441  strid=425  tempo=454
  range       F64 N=   1048576 bins=     128 smem_cooperative_static      conce=456  conce=442  conce=438  conce=440  conce=436  hash_=444  poiso=452  power=440  power=443  sawto=423  sawto=424  stale=441  stale=442  strid=408  tempo=446
  range       F64 N=   1048576 bins=     128 smem_dynamic                 conce=471  conce=434  conce=431  conce=433  conce=434  hash_=430  poiso=467  power=440  power=440  sawto=427  sawto=429  stale=432  stale=433  strid=425  tempo=443
  range       F64 N=   1048576 bins=     128 smem_cooperative_dynamic     conce=448  conce=442  conce=433  conce=425  conce=426  hash_=437  poiso=447  power=441  power=443  sawto=418  sawto=430  stale=431  stale=437  strid=425  tempo=434
  range       F64 N=   1048576 bins=     256 smem_static                  conce=442  conce=428  conce=423  conce=411  conce=412  hash_=425  poiso=433  power=429  power=423  sawto=322  sawto=349  stale=401  stale=402  strid=378  tempo=429
  range       F64 N=   1048576 bins=     256 smem_cooperative_static      conce=440  conce=411  conce=412  conce=400  conce=394  hash_=417  poiso=438  power=417  power=406  sawto=317  sawto=344  stale=395  stale=398  strid=364  tempo=426
  range       F64 N=   1048576 bins=     256 smem_dynamic                 conce=441  conce=415  conce=412  conce=397  conce=396  hash_=420  poiso=431  power=420  power=414  sawto=409  sawto=388  stale=390  stale=394  strid=395  tempo=423
  range       F64 N=   1048576 bins=     256 smem_cooperative_dynamic     conce=442  conce=401  conce=400  conce=398  conce=388  hash_=402  poiso=435  power=404  power=400  sawto=400  sawto=389  stale=396  stale=396  strid=394  tempo=408
  range       F64 N=   1048576 bins=     512 smem_dynamic                 conce=636  conce=514  conce=506  conce=511  conce=527  hash_=515  poiso=627  power=522  power=518  sawto=530  sawto=511  stale=514  stale=510  strid=503  tempo=520
  range       F64 N=   1048576 bins=     512 smem_cooperative_dynamic     conce=601  conce=501  conce=502  conce=499  conce=500  hash_=502  poiso=595  power=506  power=500  sawto=510  sawto=503  stale=500  stale=503  strid=495  tempo=506
  queried input cache: cub.bench.histogram.range.base F64 N=16777216 -> S=4096
  range       F64 N=  16777216 bins=       8 smem_static                  conce=2187  conce=1687  conce=1667  conce=1694  conce=1741  hash_=1721  poiso=2188  power=1823  power=1687  sawto=1238  sawto=1238  stale=1737  stale=1739  strid=1235  tempo=1777
  range       F64 N=  16777216 bins=       8 smem_cooperative_static      conce=2107  conce=1624  conce=1611  conce=1628  conce=1661  hash_=1673  poiso=2108  power=1752  power=1624  sawto=1192  sawto=1192  stale=1666  stale=1667  strid=1188  tempo=1714
  range       F64 N=  16777216 bins=       8 smem_dynamic                 conce=1952  conce=1530  conce=1524  conce=1539  conce=1566  hash_=1551  poiso=1951  power=1629  power=1535  sawto=1570  sawto=1567  stale=1563  stale=1565  strid=1565  tempo=1591
  range       F64 N=  16777216 bins=       8 smem_cooperative_dynamic     conce=1876  conce=1469  conce=1465  conce=1478  conce=1497  hash_=1510  poiso=1875  power=1570  power=1471  sawto=1505  sawto=1503  stale=1501  stale=1500  strid=1501  tempo=1539
  range       F64 N=  16777216 bins=      16 smem_static                  conce=1864  conce=1700  conce=1578  conce=1518  conce=1532  hash_=1627  poiso=1856  power=1498  power=1499  sawto=1491  sawto=1489  stale=1529  stale=1530  strid=1488  tempo=1597
  range       F64 N=  16777216 bins=      16 smem_cooperative_static      conce=1805  conce=1631  conce=1517  conce=1465  conce=1471  hash_=1580  poiso=1786  power=1450  power=1444  sawto=1443  sawto=1441  stale=1476  stale=1477  strid=1439  tempo=1538
  range       F64 N=  16777216 bins=      16 smem_dynamic                 conce=1709  conce=1542  conce=1447  conce=1398  conce=1412  hash_=1485  poiso=1697  power=1386  power=1388  sawto=1422  sawto=1419  stale=1405  stale=1407  strid=1419  tempo=1460
  range       F64 N=  16777216 bins=      16 smem_cooperative_dynamic     conce=1642  conce=1482  conce=1395  conce=1341  conce=1347  hash_=1436  poiso=1630  power=1331  power=1336  sawto=1368  sawto=1363  stale=1349  stale=1350  strid=1363  tempo=1394
  range       F64 N=  16777216 bins=      32 smem_static                  conce=1611  conce=1482  conce=1386  conce=1355  conce=1368  hash_=1459  poiso=1608  power=1496  power=1399  sawto=1473  sawto=1476  stale=1366  stale=1368  strid=1472  tempo=1470
  range       F64 N=  16777216 bins=      32 smem_cooperative_static      conce=1568  conce=1430  conce=1342  conce=1312  conce=1320  hash_=1425  poiso=1561  power=1444  power=1359  sawto=1429  sawto=1429  stale=1320  stale=1322  strid=1426  tempo=1428
  range       F64 N=  16777216 bins=      32 smem_dynamic                 conce=1517  conce=1369  conce=1300  conce=1276  conce=1281  hash_=1358  poiso=1511  power=1385  power=1311  sawto=1284  sawto=1280  stale=1279  stale=1279  strid=1278  tempo=1364
  range       F64 N=  16777216 bins=      32 smem_cooperative_dynamic     conce=1463  conce=1323  conce=1253  conce=1225  conce=1228  hash_=1314  poiso=1455  power=1336  power=1260  sawto=1231  sawto=1230  stale=1230  stale=1230  strid=1229  tempo=1313
  range       F64 N=  16777216 bins=      64 smem_static                  conce=1427  conce=1234  conce=1185  conce=1198  conce=1244  hash_=1319  poiso=1423  power=1310  power=1233  sawto=1276  sawto=1273  stale=1240  stale=1241  strid=1271  tempo=1322
  range       F64 N=  16777216 bins=      64 smem_cooperative_static      conce=1376  conce=1201  conce=1144  conce=1159  conce=1196  hash_=1281  poiso=1371  power=1277  power=1191  sawto=1229  sawto=1228  stale=1200  stale=1201  strid=1226  tempo=1284
  range       F64 N=  16777216 bins=      64 smem_dynamic                 conce=1362  conce=1179  conce=1145  conce=1156  conce=1188  hash_=1245  poiso=1356  power=1244  power=1180  sawto=1168  sawto=1165  stale=1182  stale=1183  strid=1166  tempo=1249
  range       F64 N=  16777216 bins=      64 smem_cooperative_dynamic     conce=1311  conce=1138  conce=1104  conce=1114  conce=1138  hash_=1205  poiso=1308  power=1199  power=1137  sawto=1120  sawto=1118  stale=1140  stale=1140  strid=1117  tempo=1206
  range       F64 N=  16777216 bins=     128 smem_static                  conce=1280  conce=1158  conce=1096  conce=1081  conce=1107  hash_=1188  poiso=1275  power=1192  power=1137  sawto=997  sawto=998  stale=1103  stale=1105  strid=994  tempo=1188
  range       F64 N=  16777216 bins=     128 smem_cooperative_static      conce=1234  conce=1120  conce=1059  conce=1044  conce=1061  hash_=1154  poiso=1231  power=1161  power=1098  sawto=961  sawto=961  stale=1060  stale=1061  strid=959  tempo=1159
  range       F64 N=  16777216 bins=     128 smem_dynamic                 conce=1237  conce=1121  conce=1083  conce=1074  conce=1092  hash_=1147  poiso=1229  power=1148  power=1123  sawto=1077  sawto=1080  stale=1094  stale=1094  strid=1089  tempo=1146
  range       F64 N=  16777216 bins=     128 smem_cooperative_dynamic     conce=1189  conce=1087  conce=1044  conce=1035  conce=1049  hash_=1102  poiso=1184  power=1109  power=1080  sawto=1038  sawto=1041  stale=1054  stale=1054  strid=1044  tempo=1107
  range       F64 N=  16777216 bins=     256 smem_static                  conce=1156  conce=1042  conce=996  conce=946  conce=919  hash_=1077  poiso=1151  power=1086  power=1024  sawto=607  sawto=686  stale=918  stale=919  strid=785  tempo=1078
  range       F64 N=  16777216 bins=     256 smem_cooperative_static      conce=1120  conce=1007  conce=958  conce=912  conce=884  hash_=1043  poiso=1118  power=1053  power=989  sawto=591  sawto=668  stale=887  stale=887  strid=766  tempo=1047
  range       F64 N=  16777216 bins=     256 smem_dynamic                 conce=1129  conce=1033  conce=987  conce=942  conce=921  hash_=1053  poiso=1122  power=1055  power=1020  sawto=991  sawto=927  stale=919  stale=920  strid=971  tempo=1056
  range       F64 N=  16777216 bins=     256 smem_cooperative_dynamic     conce=1089  conce=994  conce=956  conce=914  conce=888  hash_=1017  poiso=1082  power=1022  power=983  sawto=958  sawto=893  stale=889  stale=889  strid=941  tempo=1020
  range       F64 N=  16777216 bins=     512 smem_dynamic                 conce=3167  conce=1726  conce=1715  conce=1761  conce=1798  hash_=1785  poiso=3158  power=1755  power=1778  sawto=1850  sawto=1825  stale=1800  stale=1799  strid=1817  tempo=1794
  range       F64 N=  16777216 bins=     512 smem_cooperative_dynamic     conce=3091  conce=1667  conce=1657  conce=1700  conce=1721  hash_=1763  poiso=3085  power=1697  power=1714  sawto=1768  sawto=1761  stale=1721  stale=1722  strid=1755  tempo=1723
  queried input cache: cub.bench.histogram.range.base F64 N=67108864 -> S=4096
  range       F64 N=  67108864 bins=       8 smem_static                  conce=2572  conce=1907  conce=1887  conce=1917  conce=1968  hash_=1952  poiso=2569  power=2081  power=1911  sawto=1357  sawto=1356  stale=1966  stale=1966  strid=1355  tempo=2012
  range       F64 N=  67108864 bins=       8 smem_cooperative_static      conce=2574  conce=1909  conce=1887  conce=1918  conce=1963  hash_=1960  poiso=2573  power=2081  power=1911  sawto=1344  sawto=1344  stale=1968  stale=1968  strid=1342  tempo=2014
  range       F64 N=  67108864 bins=       8 smem_dynamic                 conce=2263  conce=1719  conce=1708  conce=1729  conce=1759  hash_=1749  poiso=2260  power=1848  power=1724  sawto=1762  sawto=1762  stale=1760  stale=1760  strid=1759  tempo=1798
  range       F64 N=  67108864 bins=       8 smem_cooperative_dynamic     conce=2249  conce=1706  conce=1698  conce=1717  conce=1743  hash_=1747  poiso=2247  power=1838  power=1712  sawto=1750  sawto=1748  stale=1746  stale=1746  strid=1746  tempo=1787
  range       F64 N=  67108864 bins=      16 smem_static                  conce=2137  conce=1927  conce=1770  conce=1691  conce=1710  hash_=1836  poiso=2130  power=1672  power=1672  sawto=1677  sawto=1676  stale=1709  stale=1709  strid=1676  tempo=1794
  range       F64 N=  67108864 bins=      16 smem_cooperative_static      conce=2144  conce=1928  conce=1770  conce=1697  conce=1713  hash_=1843  poiso=2139  power=1677  power=1676  sawto=1672  sawto=1673  stale=1717  stale=1718  strid=1670  tempo=1801
  range       F64 N=  67108864 bins=      16 smem_dynamic                 conce=1944  conce=1738  conce=1621  conce=1558  conce=1559  hash_=1664  poiso=1939  power=1543  power=1545  sawto=1577  sawto=1573  stale=1560  stale=1560  strid=1574  tempo=1637
  range       F64 N=  67108864 bins=      16 smem_cooperative_dynamic     conce=1935  conce=1727  conce=1611  conce=1547  conce=1549  hash_=1663  poiso=1928  power=1534  power=1534  sawto=1566  sawto=1564  stale=1551  stale=1551  strid=1564  tempo=1625
  range       F64 N=  67108864 bins=      32 smem_static                  conce=1818  conce=1649  conce=1537  conce=1504  conce=1516  hash_=1639  poiso=1817  power=1670  power=1558  sawto=1645  sawto=1646  stale=1516  stale=1516  strid=1643  tempo=1637
  range       F64 N=  67108864 bins=      32 smem_cooperative_static      conce=1833  conce=1657  conce=1545  conce=1513  conce=1523  hash_=1649  poiso=1830  power=1677  power=1567  sawto=1654  sawto=1657  stale=1524  stale=1524  strid=1653  tempo=1649
  range       F64 N=  67108864 bins=      32 smem_dynamic                 conce=1702  conce=1531  conce=1442  conce=1407  conce=1410  hash_=1517  poiso=1699  power=1546  power=1453  sawto=1412  sawto=1411  stale=1408  stale=1409  strid=1411  tempo=1518
  range       F64 N=  67108864 bins=      32 smem_cooperative_dynamic     conce=1694  conce=1525  conce=1435  conce=1399  conce=1400  hash_=1514  poiso=1691  power=1538  power=1447  sawto=1403  sawto=1403  stale=1402  stale=1403  strid=1403  tempo=1510
  range       F64 N=  67108864 bins=      64 smem_static                  conce=1587  conce=1360  conce=1295  conce=1307  conce=1360  hash_=1463  poiso=1583  power=1453  power=1350  sawto=1399  sawto=1399  stale=1360  stale=1360  strid=1397  tempo=1461
  range       F64 N=  67108864 bins=      64 smem_cooperative_static      conce=1600  conce=1367  conce=1301  conce=1315  conce=1366  hash_=1471  poiso=1596  power=1461  power=1358  sawto=1404  sawto=1404  stale=1368  stale=1368  strid=1403  tempo=1472
  range       F64 N=  67108864 bins=      64 smem_dynamic                 conce=1514  conce=1302  conce=1263  conce=1270  conce=1299  hash_=1384  poiso=1509  power=1375  power=1299  sawto=1276  sawto=1276  stale=1298  stale=1299  strid=1275  tempo=1380
  range       F64 N=  67108864 bins=      64 smem_cooperative_dynamic     conce=1507  conce=1299  conce=1258  conce=1265  conce=1291  hash_=1378  poiso=1503  power=1368  power=1293  sawto=1269  sawto=1268  stale=1293  stale=1293  strid=1268  tempo=1375
  range       F64 N=  67108864 bins=     128 smem_static                  conce=1407  conce=1260  conce=1186  conce=1171  conce=1196  hash_=1307  poiso=1404  power=1310  power=1235  sawto=1075  sawto=1076  stale=1196  stale=1195  strid=1075  tempo=1304
  range       F64 N=  67108864 bins=     128 smem_cooperative_static      conce=1421  conce=1268  conce=1191  conce=1172  conce=1195  hash_=1314  poiso=1417  power=1320  power=1237  sawto=1068  sawto=1068  stale=1197  stale=1197  strid=1068  tempo=1314
  range       F64 N=  67108864 bins=     128 smem_dynamic                 conce=1364  conce=1239  conce=1189  conce=1175  conce=1195  hash_=1263  poiso=1360  power=1262  power=1233  sawto=1182  sawto=1183  stale=1197  stale=1197  strid=1189  tempo=1260
  range       F64 N=  67108864 bins=     128 smem_cooperative_dynamic     conce=1358  conce=1237  conce=1185  conce=1171  conce=1190  hash_=1258  poiso=1353  power=1259  power=1228  sawto=1177  sawto=1178  stale=1192  stale=1193  strid=1184  tempo=1256
  range       F64 N=  67108864 bins=     256 smem_static                  conce=1263  conce=1126  conce=1067  conce=1015  conce=986  hash_=1179  poiso=1259  power=1183  power=1102  sawto=644  sawto=732  stale=986  stale=986  strid=846  tempo=1177
  range       F64 N=  67108864 bins=     256 smem_cooperative_static      conce=1276  conce=1132  conce=1064  conce=1010  conce=978  hash_=1182  poiso=1272  power=1190  power=1102  sawto=638  sawto=724  stale=978  stale=978  strid=837  tempo=1183
  range       F64 N=  67108864 bins=     256 smem_dynamic                 conce=1242  conce=1131  conce=1080  conce=1022  conce=995  hash_=1158  poiso=1237  power=1155  power=1113  sawto=1077  sawto=1004  stale=995  stale=995  strid=1058  tempo=1157
  range       F64 N=  67108864 bins=     256 smem_cooperative_dynamic     conce=1236  conce=1127  conce=1075  conce=1017  conce=988  hash_=1152  poiso=1231  power=1153  power=1107  sawto=1073  sawto=998  stale=990  stale=990  strid=1053  tempo=1152
  range       F64 N=  67108864 bins=     512 smem_dynamic                 conce=4200  conce=2027  conce=2013  conce=2060  conce=2100  hash_=2080  poiso=4193  power=2041  power=2079  sawto=2150  sawto=2134  stale=2099  stale=2100  strid=2131  tempo=2075
  range       F64 N=  67108864 bins=     512 smem_cooperative_dynamic     conce=4170  conce=2016  conce=2004  conce=2054  conce=2088  hash_=2076  poiso=4166  power=2033  power=2065  sawto=2137  sawto=2124  stale=2091  stale=2090  strid=2120  tempo=2066
  queried input cache: cub.bench.histogram.range.base F64 N=268435456 -> S=4096
  range       F64 N= 268435456 bins=       8 smem_static                  conce=2712  conce=1987  conce=1966  conce=1998  conce=2049  hash_=2033  poiso=2709  power=2175  power=1991  sawto=1391  sawto=1391  stale=2048  stale=2050  strid=1391  tempo=2098
  range       F64 N= 268435456 bins=       8 smem_cooperative_static      conce=2731  conce=2001  conce=1979  conce=2010  conce=2064  hash_=2049  poiso=2729  power=2188  power=2004  sawto=1393  sawto=1392  stale=2066  stale=2065  strid=1392  tempo=2113
  range       F64 N= 268435456 bins=       8 smem_dynamic                 conce=2374  conce=1784  conce=1773  conce=1794  conce=1823  hash_=1818  poiso=2370  power=1925  power=1789  sawto=1827  sawto=1828  stale=1823  stale=1824  strid=1827  tempo=1868
  range       F64 N= 268435456 bins=       8 smem_cooperative_dynamic     conce=2370  conce=1783  conce=1774  conce=1792  conce=1821  hash_=1818  poiso=2368  power=1923  power=1787  sawto=1827  sawto=1826  stale=1822  stale=1822  strid=1826  tempo=1867
  range       F64 N= 268435456 bins=      16 smem_static                  conce=2233  conce=2009  conce=1838  conce=1753  conce=1773  hash_=1909  poiso=2231  power=1732  power=1732  sawto=1740  sawto=1741  stale=1774  stale=1773  strid=1740  tempo=1862
  range       F64 N= 268435456 bins=      16 smem_cooperative_static      conce=2257  conce=2023  conce=1853  conce=1770  conce=1792  hash_=1928  poiso=2254  power=1749  power=1749  sawto=1748  sawto=1749  stale=1793  stale=1794  strid=1748  tempo=1880
  range       F64 N= 268435456 bins=      16 smem_dynamic                 conce=2026  conce=1807  conce=1679  conce=1610  conce=1612  hash_=1730  poiso=2023  power=1597  power=1597  sawto=1628  sawto=1627  stale=1612  stale=1612  strid=1627  tempo=1695
  range       F64 N= 268435456 bins=      16 smem_cooperative_dynamic     conce=2025  conce=1807  conce=1678  conce=1609  conce=1611  hash_=1730  poiso=2022  power=1596  power=1595  sawto=1627  sawto=1626  stale=1612  stale=1611  strid=1626  tempo=1693
  range       F64 N= 268435456 bins=      32 smem_static                  conce=1894  conce=1711  conce=1592  conce=1557  conce=1566  hash_=1702  poiso=1893  power=1731  power=1613  sawto=1707  sawto=1710  stale=1567  stale=1568  strid=1708  tempo=1697
  range       F64 N= 268435456 bins=      32 smem_cooperative_static      conce=1921  conce=1728  conce=1610  conce=1576  conce=1585  hash_=1721  poiso=1918  power=1749  power=1633  sawto=1727  sawto=1729  stale=1587  stale=1587  strid=1727  tempo=1718
  range       F64 N= 268435456 bins=      32 smem_dynamic                 conce=1768  conce=1587  conce=1491  conce=1452  conce=1453  hash_=1575  poiso=1765  power=1602  power=1502  sawto=1455  sawto=1455  stale=1453  stale=1453  strid=1454  tempo=1572
  range       F64 N= 268435456 bins=      32 smem_cooperative_dynamic     conce=1768  conce=1587  conce=1489  conce=1452  conce=1452  hash_=1573  poiso=1764  power=1602  power=1501  sawto=1454  sawto=1454  stale=1452  stale=1452  strid=1454  tempo=1571
  range       F64 N= 268435456 bins=      64 smem_static                  conce=1646  conce=1402  conce=1336  conce=1347  conce=1403  hash_=1512  poiso=1643  power=1500  power=1393  sawto=1445  sawto=1445  stale=1404  stale=1404  strid=1445  tempo=1509
  range       F64 N= 268435456 bins=      64 smem_cooperative_static      conce=1669  conce=1420  conce=1349  conce=1362  conce=1420  hash_=1531  poiso=1666  power=1518  power=1408  sawto=1458  sawto=1458  stale=1420  stale=1421  strid=1457  tempo=1528
  range       F64 N= 268435456 bins=      64 smem_dynamic                 conce=1566  conce=1346  conce=1303  conce=1310  conce=1340  hash_=1430  poiso=1563  power=1420  power=1339  sawto=1313  sawto=1313  stale=1338  stale=1339  strid=1313  tempo=1428
  range       F64 N= 268435456 bins=      64 smem_cooperative_dynamic     conce=1566  conce=1346  conce=1303  conce=1310  conce=1338  hash_=1429  poiso=1563  power=1420  power=1338  sawto=1313  sawto=1312  stale=1338  stale=1338  strid=1312  tempo=1427
  range       F64 N= 268435456 bins=     128 smem_static                  conce=1454  conce=1299  conce=1222  conce=1203  conce=1228  hash_=1346  poiso=1450  power=1350  power=1272  sawto=1099  sawto=1100  stale=1228  stale=1228  strid=1099  tempo=1343
  range       F64 N= 268435456 bins=     128 smem_cooperative_static      conce=1477  conce=1313  conce=1232  conce=1212  conce=1236  hash_=1362  poiso=1474  power=1367  power=1282  sawto=1100  sawto=1101  stale=1236  stale=1236  strid=1100  tempo=1359
  range       F64 N= 268435456 bins=     128 smem_dynamic                 conce=1407  conce=1281  conce=1230  conce=1214  conce=1233  hash_=1303  poiso=1404  power=1302  power=1273  sawto=1219  sawto=1218  stale=1233  stale=1233  strid=1224  tempo=1301
  range       F64 N= 268435456 bins=     128 smem_cooperative_dynamic     conce=1407  conce=1279  conce=1229  conce=1213  conce=1232  hash_=1302  poiso=1404  power=1302  power=1271  sawto=1219  sawto=1217  stale=1233  stale=1233  strid=1223  tempo=1301
  range       F64 N= 268435456 bins=     256 smem_static                  conce=1301  conce=1158  conce=1093  conce=1038  conce=1006  hash_=1211  poiso=1298  power=1216  power=1131  sawto=652  sawto=742  stale=1007  stale=1007  strid=859  tempo=1209
  range       F64 N= 268435456 bins=     256 smem_cooperative_static      conce=1324  conce=1170  conce=1098  conce=1040  conce=1007  hash_=1225  poiso=1320  power=1230  power=1138  sawto=652  sawto=742  stale=1008  stale=1008  strid=859  tempo=1222
  range       F64 N= 268435456 bins=     256 smem_dynamic                 conce=1279  conce=1166  conce=1112  conce=1047  conce=1019  hash_=1193  poiso=1275  power=1191  power=1148  sawto=1107  sawto=1028  stale=1019  stale=1019  strid=1086  tempo=1191
  range       F64 N= 268435456 bins=     256 smem_cooperative_dynamic     conce=1278  conce=1166  conce=1112  conce=1047  conce=1018  hash_=1192  poiso=1275  power=1190  power=1147  sawto=1107  sawto=1028  stale=1019  stale=1019  strid=1085  tempo=1191
  range       F64 N= 268435456 bins=     512 smem_dynamic                 conce=4603  conce=2130  conce=2112  conce=2164  conce=2206  hash_=2194  poiso=4603  power=2144  power=2182  sawto=2253  sawto=2239  stale=2205  stale=2206  strid=2237  tempo=2172
  range       F64 N= 268435456 bins=     512 smem_cooperative_dynamic     conce=4601  conce=2128  conce=2111  conce=2161  conce=2203  hash_=2191  poiso=4599  power=2142  power=2178  sawto=2248  sawto=2236  stale=2205  stale=2205  strid=2234  tempo=2171
  queried input cache: cub.bench.histogram.range.base F64 N=1073741824 -> S=4096
  range       F64 N=1073741824 bins=       8 smem_static                  conce=2754  conce=2011  conce=1990  conce=2023  conce=2075  hash_=2058  poiso=2752  power=2204  power=2016  sawto=1401  sawto=1400  stale=2075  stale=2074  strid=1401  tempo=2124
  range       F64 N=1073741824 bins=       8 smem_cooperative_static      conce=2776  conce=2025  conce=2002  conce=2036  conce=2092  hash_=2074  poiso=2773  power=2218  power=2029  sawto=1403  sawto=1402  stale=2092  stale=2091  strid=1403  tempo=2141
  range       F64 N=1073741824 bins=       8 smem_dynamic                 conce=2407  conce=1803  conce=1793  conce=1812  conce=1841  hash_=1839  poiso=2404  power=1947  power=1807  sawto=1847  sawto=1847  stale=1841  stale=1842  strid=1847  tempo=1888
  range       F64 N=1073741824 bins=       8 smem_cooperative_dynamic     conce=2404  conce=1802  conce=1792  conce=1812  conce=1841  hash_=1838  poiso=2401  power=1947  power=1807  sawto=1846  sawto=1846  stale=1840  stale=1840  strid=1847  tempo=1887
  range       F64 N=1073741824 bins=      16 smem_static                  conce=2264  conce=2034  conce=1860  conce=1772  conce=1793  hash_=1933  poiso=2262  power=1750  power=1751  sawto=1758  sawto=1760  stale=1793  stale=1793  strid=1759  tempo=1883
  range       F64 N=1073741824 bins=      16 smem_cooperative_static      conce=2288  conce=2049  conce=1875  conce=1790  conce=1813  hash_=1950  poiso=2286  power=1768  power=1768  sawto=1767  sawto=1769  stale=1813  stale=1814  strid=1767  tempo=1901
  range       F64 N=1073741824 bins=      16 smem_dynamic                 conce=2050  conce=1827  conce=1697  conce=1624  conce=1626  hash_=1749  poiso=2048  power=1611  power=1611  sawto=1641  sawto=1641  stale=1626  stale=1626  strid=1641  tempo=1711
  range       F64 N=1073741824 bins=      16 smem_cooperative_dynamic     conce=2048  conce=1825  conce=1697  conce=1624  conce=1625  hash_=1747  poiso=2046  power=1611  power=1610  sawto=1641  sawto=1640  stale=1625  stale=1625  strid=1640  tempo=1710
  range       F64 N=1073741824 bins=      32 smem_static                  conce=1918  conce=1731  conce=1609  conce=1573  conce=1584  hash_=1720  poiso=1915  power=1751  power=1631  sawto=1726  sawto=1730  stale=1583  stale=1583  strid=1728  tempo=1717
  range       F64 N=1073741824 bins=      32 smem_cooperative_static      conce=1944  conce=1747  conce=1628  conce=1593  conce=1603  hash_=1740  poiso=1941  power=1769  power=1651  sawto=1746  sawto=1749  stale=1604  stale=1603  strid=1748  tempo=1736
  range       F64 N=1073741824 bins=      32 smem_dynamic                 conce=1786  conce=1603  conce=1504  conce=1464  conce=1465  hash_=1589  poiso=1784  power=1618  power=1515  sawto=1466  sawto=1466  stale=1464  stale=1465  strid=1466  tempo=1587
  range       F64 N=1073741824 bins=      32 smem_cooperative_dynamic     conce=1786  conce=1602  conce=1503  conce=1464  conce=1464  hash_=1588  poiso=1783  power=1616  power=1515  sawto=1466  sawto=1466  stale=1464  stale=1464  strid=1465  tempo=1586
  range       F64 N=1073741824 bins=      64 smem_static                  conce=1664  conce=1417  conce=1347  conce=1360  conce=1418  hash_=1528  poiso=1661  power=1514  power=1406  sawto=1459  sawto=1459  stale=1417  stale=1417  strid=1459  tempo=1525
  range       F64 N=1073741824 bins=      64 smem_cooperative_static      conce=1688  conce=1434  conce=1361  conce=1374  conce=1435  hash_=1547  poiso=1685  power=1534  power=1422  sawto=1472  sawto=1472  stale=1435  stale=1435  strid=1472  tempo=1544
  range       F64 N=1073741824 bins=      64 smem_dynamic                 conce=1581  conce=1359  conce=1315  conce=1321  conce=1349  hash_=1443  poiso=1579  power=1434  power=1349  sawto=1322  sawto=1323  stale=1349  stale=1349  strid=1322  tempo=1440
  range       F64 N=1073741824 bins=      64 smem_cooperative_dynamic     conce=1580  conce=1358  conce=1315  conce=1320  conce=1349  hash_=1442  poiso=1577  power=1433  power=1348  sawto=1322  sawto=1322  stale=1348  stale=1348  strid=1322  tempo=1440
  range       F64 N=1073741824 bins=     128 smem_static                  conce=1468  conce=1310  conce=1233  conce=1214  conce=1238  hash_=1358  poiso=1465  power=1362  power=1283  sawto=1106  sawto=1106  stale=1238  stale=1238  strid=1106  tempo=1355
  range       F64 N=1073741824 bins=     128 smem_cooperative_static      conce=1493  conce=1325  conce=1242  conce=1222  conce=1248  hash_=1375  poiso=1490  power=1379  power=1293  sawto=1108  sawto=1108  stale=1248  stale=1248  strid=1108  tempo=1372
  range       F64 N=1073741824 bins=     128 smem_dynamic                 conce=1420  conce=1293  conce=1241  conce=1224  conce=1243  hash_=1314  poiso=1417  power=1313  power=1283  sawto=1229  sawto=1227  stale=1243  stale=1243  strid=1233  tempo=1312
  range       F64 N=1073741824 bins=     128 smem_cooperative_dynamic     conce=1419  conce=1292  conce=1240  conce=1224  conce=1243  hash_=1313  poiso=1416  power=1313  power=1283  sawto=1229  sawto=1226  stale=1243  stale=1243  strid=1232  tempo=1311
  range       F64 N=1073741824 bins=     256 smem_static                  conce=1312  conce=1168  conce=1101  conce=1044  conce=1012  hash_=1221  poiso=1310  power=1226  power=1139  sawto=655  sawto=745  stale=1012  stale=1012  strid=863  tempo=1219
  range       F64 N=1073741824 bins=     256 smem_cooperative_static      conce=1337  conce=1180  conce=1106  conce=1046  conce=1014  hash_=1234  poiso=1334  power=1241  power=1148  sawto=655  sawto=745  stale=1014  stale=1014  strid=863  tempo=1232
  range       F64 N=1073741824 bins=     256 smem_dynamic                 conce=1289  conce=1175  conce=1120  conce=1053  conce=1024  hash_=1202  poiso=1285  power=1201  power=1156  sawto=1115  sawto=1034  stale=1024  stale=1024  strid=1092  tempo=1200
  range       F64 N=1073741824 bins=     256 smem_cooperative_dynamic     conce=1289  conce=1175  conce=1120  conce=1053  conce=1024  hash_=1202  poiso=1285  power=1201  power=1156  sawto=1115  sawto=1034  stale=1024  stale=1024  strid=1092  tempo=1200
  range       F64 N=1073741824 bins=     512 smem_dynamic                 conce=4732  conce=2159  conce=2141  conce=2194  conce=2236  hash_=2221  poiso=4731  power=2173  power=2212  sawto=2284  sawto=2271  stale=2237  stale=2236  strid=2270  tempo=2200
  range       F64 N=1073741824 bins=     512 smem_cooperative_dynamic     conce=4730  conce=2159  conce=2140  conce=2192  conce=2235  hash_=2219  poiso=4730  power=2170  power=2209  sawto=2282  sawto=2267  stale=2234  stale=2234  strid=2267  tempo=2199
  queried input cache: cub.bench.histogram.range.base F64 N=2000000000 -> S=4096
  range       F64 N=2000000000 bins=       8 smem_static                  conce=2761  conce=2015  conce=1994  conce=2026  conce=2079  hash_=2062  poiso=2758  power=2208  power=2020  sawto=1403  sawto=1402  stale=2079  stale=2079  strid=1403  tempo=2129
  range       F64 N=2000000000 bins=       8 smem_cooperative_static      conce=2782  conce=2028  conce=2007  conce=2040  conce=2096  hash_=2078  poiso=2779  power=2224  power=2034  sawto=1404  sawto=1403  stale=2096  stale=2096  strid=1404  tempo=2146
  range       F64 N=2000000000 bins=       8 smem_dynamic                 conce=2412  conce=1807  conce=1796  conce=1816  conce=1845  hash_=1842  poiso=2410  power=1951  power=1811  sawto=1849  sawto=1850  stale=1844  stale=1845  strid=1850  tempo=1891
  range       F64 N=2000000000 bins=       8 smem_cooperative_dynamic     conce=2409  conce=1806  conce=1796  conce=1815  conce=1844  hash_=1841  poiso=2408  power=1950  power=1810  sawto=1849  sawto=1850  stale=1843  stale=1843  strid=1849  tempo=1890
  range       F64 N=2000000000 bins=      16 smem_static                  conce=2268  conce=2038  conce=1863  conce=1776  conce=1797  hash_=1937  poiso=2266  power=1753  power=1755  sawto=1762  sawto=1763  stale=1796  stale=1797  strid=1762  tempo=1888
  range       F64 N=2000000000 bins=      16 smem_cooperative_static      conce=2292  conce=2052  conce=1879  conce=1794  conce=1817  hash_=1955  poiso=2291  power=1771  power=1772  sawto=1770  sawto=1771  stale=1817  stale=1817  strid=1771  tempo=1906
  range       F64 N=2000000000 bins=      16 smem_dynamic                 conce=2054  conce=1830  conce=1701  conce=1627  conce=1629  hash_=1752  poiso=2051  power=1614  power=1613  sawto=1644  sawto=1644  stale=1629  stale=1629  strid=1644  tempo=1714
  range       F64 N=2000000000 bins=      16 smem_cooperative_dynamic     conce=2053  conce=1830  conce=1699  conce=1626  conce=1628  hash_=1751  poiso=2050  power=1614  power=1613  sawto=1643  sawto=1643  stale=1628  stale=1628  strid=1643  tempo=1714
  range       F64 N=2000000000 bins=      32 smem_static                  conce=1922  conce=1734  conce=1613  conce=1576  conce=1586  hash_=1725  poiso=1919  power=1755  power=1635  sawto=1730  sawto=1733  stale=1586  stale=1587  strid=1731  tempo=1721
  range       F64 N=2000000000 bins=      32 smem_cooperative_static      conce=1948  conce=1751  conce=1632  conce=1596  conce=1606  hash_=1744  poiso=1945  power=1772  power=1655  sawto=1750  sawto=1753  stale=1606  stale=1606  strid=1751  tempo=1740
  range       F64 N=2000000000 bins=      32 smem_dynamic                 conce=1789  conce=1606  conce=1506  conce=1467  conce=1467  hash_=1592  poiso=1787  power=1620  power=1518  sawto=1468  sawto=1468  stale=1467  stale=1467  strid=1468  tempo=1589
  range       F64 N=2000000000 bins=      32 smem_cooperative_dynamic     conce=1789  conce=1605  conce=1506  conce=1466  conce=1466  hash_=1592  poiso=1786  power=1620  power=1517  sawto=1468  sawto=1468  stale=1466  stale=1466  strid=1468  tempo=1589
  range       F64 N=2000000000 bins=      64 smem_static                  conce=1668  conce=1419  conce=1350  conce=1362  conce=1420  hash_=1531  poiso=1665  power=1517  power=1409  sawto=1461  sawto=1462  stale=1420  stale=1420  strid=1461  tempo=1528
  range       F64 N=2000000000 bins=      64 smem_cooperative_static      conce=1691  conce=1437  conce=1364  conce=1376  conce=1437  hash_=1550  poiso=1689  power=1537  power=1425  sawto=1474  sawto=1475  stale=1437  stale=1437  strid=1475  tempo=1547
  range       F64 N=2000000000 bins=      64 smem_dynamic                 conce=1583  conce=1361  conce=1317  conce=1323  conce=1352  hash_=1446  poiso=1581  power=1436  power=1351  sawto=1324  sawto=1325  stale=1351  stale=1351  strid=1325  tempo=1443
  range       F64 N=2000000000 bins=      64 smem_cooperative_dynamic     conce=1583  conce=1361  conce=1317  conce=1322  conce=1351  hash_=1445  poiso=1581  power=1436  power=1351  sawto=1324  sawto=1324  stale=1351  stale=1351  strid=1324  tempo=1443
  range       F64 N=2000000000 bins=     128 smem_static                  conce=1471  conce=1312  conce=1235  conce=1215  conce=1240  hash_=1360  poiso=1468  power=1364  power=1284  sawto=1107  sawto=1107  stale=1240  stale=1240  strid=1107  tempo=1358
  range       F64 N=2000000000 bins=     128 smem_cooperative_static      conce=1496  conce=1327  conce=1245  conce=1224  conce=1250  hash_=1377  poiso=1493  power=1382  power=1295  sawto=1109  sawto=1109  stale=1250  stale=1250  strid=1109  tempo=1374
  range       F64 N=2000000000 bins=     128 smem_dynamic                 conce=1422  conce=1295  conce=1243  conce=1226  conce=1245  hash_=1316  poiso=1419  power=1317  power=1286  sawto=1231  sawto=1229  stale=1245  stale=1245  strid=1235  tempo=1314
  range       F64 N=2000000000 bins=     128 smem_cooperative_dynamic     conce=1421  conce=1294  conce=1243  conce=1226  conce=1245  hash_=1316  poiso=1418  power=1316  power=1285  sawto=1230  sawto=1228  stale=1245  stale=1245  strid=1234  tempo=1313
  range       F64 N=2000000000 bins=     256 smem_static                  conce=1314  conce=1170  conce=1103  conce=1045  conce=1013  hash_=1223  poiso=1312  power=1229  power=1141  sawto=655  sawto=745  stale=1013  stale=1013  strid=864  tempo=1221
  range       F64 N=2000000000 bins=     256 smem_cooperative_static      conce=1339  conce=1182  conce=1107  conce=1047  conce=1015  hash_=1237  poiso=1336  power=1243  power=1149  sawto=655  sawto=745  stale=1015  stale=1015  strid=864  tempo=1235
  range       F64 N=2000000000 bins=     256 smem_dynamic                 conce=1291  conce=1177  conce=1122  conce=1054  conce=1025  hash_=1204  poiso=1287  power=1203  power=1158  sawto=1116  sawto=1035  stale=1025  stale=1025  strid=1094  tempo=1202
  range       F64 N=2000000000 bins=     256 smem_cooperative_dynamic     conce=1291  conce=1177  conce=1122  conce=1054  conce=1025  hash_=1204  poiso=1287  power=1203  power=1158  sawto=1116  sawto=1035  stale=1025  stale=1025  strid=1093  tempo=1202
  range       F64 N=2000000000 bins=     512 smem_dynamic                 conce=4749  conce=2164  conce=2145  conce=2197  conce=2240  hash_=2226  poiso=4748  power=2176  power=2215  sawto=2288  sawto=2274  stale=2239  stale=2240  strid=2274  tempo=2203
  range       F64 N=2000000000 bins=     512 smem_cooperative_dynamic     conce=4750  conce=2161  conce=2144  conce=2196  conce=2238  hash_=2224  poiso=4749  power=2175  power=2213  sawto=2285  sawto=2272  stale=2238  stale=2239  strid=2271  tempo=2202
  range       F64 N=   1048576 bins=       8 main                              conce=576  conce=494  conce=506  conce=509  conce=540  hash_=508  poiso=564  power=520  power=511  sawto=443  sawto=447  stale=517  stale=508  strid=433  tempo=576
  range       F64 N=   1048576 bins=      16 main                              conce=542  conce=492  conce=498  conce=494  conce=497  hash_=478  poiso=527  power=491  power=493  sawto=496  sawto=491  stale=491  stale=497  strid=478  tempo=542
  range       F64 N=   1048576 bins=      32 main                              conce=501  conce=475  conce=468  conce=454  conce=479  hash_=472  poiso=493  power=489  power=456  sawto=485  sawto=483  stale=457  stale=458  strid=476  tempo=501
  range       F64 N=   1048576 bins=      64 main                              conce=475  conce=425  conce=435  conce=437  conce=441  hash_=433  poiso=460  power=448  power=438  sawto=442  sawto=444  stale=436  stale=440  strid=425  tempo=475
  range       F64 N=   1048576 bins=     128 main                              conce=443  conce=422  conce=415  conce=405  conce=424  hash_=424  poiso=437  power=436  power=423  sawto=396  sawto=397  stale=408  stale=411  strid=387  tempo=443
  range       F64 N=   1048576 bins=     256 main                              conce=417  conce=384  conce=394  conce=378  conce=383  hash_=388  poiso=410  power=401  power=393  sawto=302  sawto=324  stale=368  stale=370  strid=346  tempo=417
  range       F64 N=   1048576 bins=     512 main                              conce=394  conce=303  conce=279  conce=266  conce=284  hash_=319  poiso=388  power=327  power=290  sawto=255  sawto=255  stale=278  stale=279  strid=253  tempo=395
  range       F64 N=  16777216 bins=       8 main                              conce=1993  conce=1492  conce=1487  conce=1501  conce=1551  hash_=1614  poiso=1987  power=1634  power=1500  sawto=1157  sawto=1170  stale=1547  stale=1548  strid=1155  tempo=1993
  range       F64 N=  16777216 bins=      16 main                              conce=1671  conce=1501  conce=1400  conce=1363  conce=1401  hash_=1467  poiso=1668  power=1356  power=1338  sawto=1345  sawto=1363  stale=1403  stale=1404  strid=1344  tempo=1671
  range       F64 N=  16777216 bins=      32 main                              conce=1474  conce=1318  conce=1257  conce=1250  conce=1272  hash_=1343  poiso=1470  power=1343  power=1283  sawto=1315  sawto=1335  stale=1266  stale=1268  strid=1311  tempo=1474
  range       F64 N=  16777216 bins=      64 main                              conce=1317  conce=1122  conce=1061  conce=1072  conce=1129  hash_=1209  poiso=1312  power=1201  power=1116  sawto=1141  sawto=1140  stale=1133  stale=1131  strid=1136  tempo=1318
  range       F64 N=  16777216 bins=     128 main                              conce=1173  conce=1037  conce=989  conce=972  conce=992  hash_=1095  poiso=1165  power=1090  power=1023  sawto=900  sawto=912  stale=991  stale=991  strid=901  tempo=1174
  range       F64 N=  16777216 bins=     256 main                              conce=1059  conce=935  conce=897  conce=849  conce=823  hash_=988  poiso=1055  power=997  power=918  sawto=566  sawto=624  stale=821  stale=821  strid=717  tempo=1060
  range       F64 N=  16777216 bins=     512 main                              conce=978  conce=744  conce=589  conce=548  conce=548  hash_=876  poiso=973  power=832  power=718  sawto=479  sawto=480  stale=556  stale=556  strid=477  tempo=978
  range       F64 N=  67108864 bins=       8 main                              conce=2365  conce=1724  conce=1704  conce=1723  conce=1786  hash_=1875  poiso=2361  power=1897  power=1723  sawto=1283  sawto=1301  stale=1787  stale=1786  strid=1283  tempo=2367
  range       F64 N=  67108864 bins=      16 main                              conce=1953  conce=1735  conce=1605  conce=1549  conce=1593  hash_=1691  poiso=1949  power=1538  power=1524  sawto=1527  sawto=1543  stale=1594  stale=1593  strid=1524  tempo=1952
  range       F64 N=  67108864 bins=      32 main                              conce=1690  conce=1503  conce=1418  conce=1396  conce=1415  hash_=1517  poiso=1688  power=1529  power=1443  sawto=1494  sawto=1509  stale=1415  stale=1415  strid=1493  tempo=1691
  range       F64 N=  67108864 bins=      64 main                              conce=1477  conce=1257  conce=1185  conce=1199  conce=1258  hash_=1355  poiso=1474  power=1343  power=1246  sawto=1277  sawto=1285  stale=1258  stale=1258  strid=1274  tempo=1477
  range       F64 N=  67108864 bins=     128 main                              conce=1307  conce=1161  conce=1095  conce=1082  conce=1105  hash_=1206  poiso=1302  power=1209  power=1137  sawto=973  sawto=984  stale=1105  stale=1105  strid=972  tempo=1308
  range       F64 N=  67108864 bins=     256 main                              conce=1175  conce=1037  conce=980  conce=918  conce=889  hash_=1089  poiso=1171  power=1096  power=1017  sawto=600  sawto=665  stale=889  stale=889  strid=768  tempo=1175
  range       F64 N=  67108864 bins=     512 main                              conce=1087  conce=819  conce=654  conce=620  conce=623  hash_=978  poiso=1081  power=968  power=788  sawto=547  sawto=530  stale=627  stale=626  strid=530  tempo=1086
  range       F64 N= 268435456 bins=       8 main                              conce=2463  conce=1775  conce=1765  conce=1784  conce=1848  hash_=1942  poiso=2462  power=1961  power=1780  sawto=1329  sawto=1348  stale=1849  stale=1850  strid=1328  tempo=2463
  range       F64 N= 268435456 bins=      16 main                              conce=2026  conce=1790  conce=1658  conce=1608  conce=1645  hash_=1756  poiso=2026  power=1590  power=1579  sawto=1578  sawto=1599  stale=1647  stale=1646  strid=1578  tempo=2028
  range       F64 N= 268435456 bins=      32 main                              conce=1742  conce=1559  conce=1469  conce=1437  conce=1458  hash_=1573  poiso=1741  power=1585  power=1492  sawto=1553  sawto=1568  stale=1460  stale=1459  strid=1550  tempo=1743
  range       F64 N= 268435456 bins=      64 main                              conce=1512  conce=1295  conce=1224  conce=1239  conce=1303  hash_=1394  poiso=1510  power=1383  power=1290  sawto=1318  sawto=1328  stale=1305  stale=1305  strid=1316  tempo=1513
  range       F64 N= 268435456 bins=     128 main                              conce=1342  conce=1196  conce=1128  conce=1117  conce=1147  hash_=1237  poiso=1340  power=1241  power=1177  sawto=996  sawto=1007  stale=1149  stale=1148  strid=996  tempo=1343
  range       F64 N= 268435456 bins=     256 main                              conce=1207  conce=1065  conce=1008  conce=939  conce=907  hash_=1116  poiso=1204  power=1121  power=1051  sawto=606  sawto=672  stale=908  stale=908  strid=780  tempo=1206
  range       F64 N= 268435456 bins=     512 main                              conce=1124  conce=849  conce=679  conce=639  conce=644  hash_=1013  poiso=1120  power=1018  power=810  sawto=569  sawto=543  stale=645  stale=645  strid=544  tempo=1125
  range       F64 N=1073741824 bins=       8 main                              conce=2505  conce=1801  conce=1790  conce=1811  conce=1871  hash_=1968  poiso=2504  power=1991  power=1806  sawto=1340  sawto=1359  stale=1872  stale=1871  strid=1339  tempo=2506
  range       F64 N=1073741824 bins=      16 main                              conce=2053  conce=1817  conce=1679  conce=1630  conce=1667  hash_=1779  poiso=2052  power=1612  power=1598  sawto=1601  sawto=1622  stale=1669  stale=1668  strid=1600  tempo=2053
  range       F64 N=1073741824 bins=      32 main                              conce=1767  conce=1574  conce=1489  conce=1455  conce=1476  hash_=1594  poiso=1764  power=1603  power=1512  sawto=1572  sawto=1590  stale=1477  stale=1477  strid=1572  tempo=1767
  range       F64 N=1073741824 bins=      64 main                              conce=1530  conce=1309  conce=1233  conce=1249  conce=1320  hash_=1413  poiso=1529  power=1400  power=1304  sawto=1332  sawto=1342  stale=1321  stale=1322  strid=1329  tempo=1530
  range       F64 N=1073741824 bins=     128 main                              conce=1357  conce=1206  conce=1142  conce=1133  conce=1160  hash_=1249  poiso=1354  power=1251  power=1191  sawto=1001  sawto=1012  stale=1162  stale=1161  strid=1001  tempo=1357
  range       F64 N=1073741824 bins=     256 main                              conce=1217  conce=1075  conce=1017  conce=944  conce=912  hash_=1123  poiso=1215  power=1127  power=1064  sawto=609  sawto=675  stale=912  stale=913  strid=783  tempo=1217
  range       F64 N=1073741824 bins=     512 main                              conce=1139  conce=864  conce=682  conce=644  conce=651  hash_=1025  poiso=1134  power=981  power=816  sawto=576  sawto=546  stale=651  stale=651  strid=548  tempo=1138
  range       F64 N=2000000000 bins=       8 main                              conce=2514  conce=1808  conce=1796  conce=1816  conce=1877  hash_=1975  poiso=2511  power=1996  power=1812  sawto=1342  sawto=1361  stale=1877  stale=1878  strid=1341  tempo=2514
  range       F64 N=2000000000 bins=      16 main                              conce=2058  conce=1824  conce=1683  conce=1633  conce=1673  hash_=1784  poiso=2058  power=1617  power=1602  sawto=1606  sawto=1626  stale=1673  stale=1673  strid=1605  tempo=2059
  range       F64 N=2000000000 bins=      32 main                              conce=1771  conce=1578  conce=1495  conce=1458  conce=1480  hash_=1599  poiso=1769  power=1607  power=1516  sawto=1576  sawto=1595  stale=1481  stale=1481  strid=1576  tempo=1772
  range       F64 N=2000000000 bins=      64 main                              conce=1534  conce=1315  conce=1236  conce=1253  conce=1325  hash_=1416  poiso=1533  power=1402  power=1308  sawto=1334  sawto=1346  stale=1326  stale=1326  strid=1333  tempo=1535
  range       F64 N=2000000000 bins=     128 main                              conce=1360  conce=1208  conce=1145  conce=1136  conce=1164  hash_=1253  poiso=1358  power=1253  power=1195  sawto=1002  sawto=1014  stale=1165  stale=1165  strid=1002  tempo=1359
  range       F64 N=2000000000 bins=     256 main                              conce=1219  conce=1078  conce=1019  conce=945  conce=914  hash_=1125  poiso=1217  power=1130  power=1067  sawto=609  sawto=676  stale=914  stale=914  strid=784  tempo=1219
  range       F64 N=2000000000 bins=     512 main                              conce=1143  conce=866  conce=683  conce=645  conce=652  hash_=1030  poiso=1137  power=1022  power=817  sawto=577  sawto=546  stale=653  stale=653  strid=549  tempo=1142

wrote autocuda/results/cooperative-direct-output-smem-c32/partial_range.json (396 benchmark invocations; branch_commit=f16c464e64d5786de2e0bf536479e0ef9ae57b30-dirty)
  merged ['range', '_meta'] -> autocuda/results/cooperative-direct-output-smem-c32/algo_sweep_full.json (3 binaries)
=== [13:46:52] FIGURES (cumulative through range) ===
  partial results ready: 64 figs covering ['_meta', 'even', 'range']
=== [13:47:54] PERF SWEEP: multi_even ===
main baseline: comparing shapes ['concentrated:0.0', 'concentrated:0.25', 'concentrated:0.5', 'concentrated:0.75', 'concentrated:1.0', 'hash_synonym', 'poison', 'powerlaw:0.25', 'powerlaw:0.75', 'sawtooth', 'sawtooth:8192:2654435761:1', 'stale_resident:0.25', 'stale_resident:0.5', 'strided_sweep', 'temporal_phases:0.10']
  queried input cache: cub.bench.histogram.multi.even.base I32 N=1048576 -> S=1024
  multi_even  I32 N=   1048576 bins=       8 smem_static                  conce=704  conce=740  conce=816  conce=855  conce=939  hash_=696  poiso=683  power=730  power=847  sawto=941  sawto=936  stale=911  stale=932  strid=921  tempo=719
  multi_even  I32 N=   1048576 bins=       8 smem_cooperative_static      conce=669  conce=726  conce=762  conce=860  conce=862  hash_=665  poiso=667  power=677  power=782  sawto=873  sawto=873  stale=872  stale=872  strid=860  tempo=673
  multi_even  I32 N=   1048576 bins=       8 smem_dynamic                 conce=675  conce=664  conce=714  conce=772  conce=847  hash_=652  poiso=678  power=663  power=739  sawto=855  sawto=855  stale=847  stale=856  strid=820  tempo=670
  multi_even  I32 N=   1048576 bins=       8 smem_cooperative_dynamic     conce=667  conce=665  conce=673  conce=753  conce=826  hash_=658  poiso=664  power=663  power=729  sawto=805  sawto=805  stale=854  stale=853  strid=768  tempo=664
  multi_even  I32 N=   1048576 bins=      16 smem_static                  conce=704  conce=740  conce=839  conce=893  conce=941  hash_=697  poiso=683  power=731  power=853  sawto=944  sawto=942  stale=918  stale=931  strid=925  tempo=719
  multi_even  I32 N=   1048576 bins=      16 smem_cooperative_static      conce=669  conce=744  conce=787  conce=865  conce=862  hash_=666  poiso=667  power=697  power=858  sawto=874  sawto=882  stale=873  stale=875  strid=862  tempo=679
  multi_even  I32 N=   1048576 bins=      16 smem_dynamic                 conce=677  conce=675  conce=732  conce=798  conce=906  hash_=652  poiso=678  power=665  power=775  sawto=889  sawto=892  stale=884  stale=878  strid=876  tempo=670
  multi_even  I32 N=   1048576 bins=      16 smem_cooperative_dynamic     conce=667  conce=666  conce=729  conce=759  conce=855  hash_=658  poiso=664  power=662  power=753  sawto=869  sawto=869  stale=864  stale=869  strid=852  tempo=663
  multi_even  I32 N=   1048576 bins=      32 smem_static                  conce=711  conce=774  conce=849  conce=910  conce=946  hash_=702  poiso=686  power=732  power=898  sawto=950  sawto=947  stale=921  stale=942  strid=929  tempo=724
  multi_even  I32 N=   1048576 bins=      32 smem_cooperative_static      conce=668  conce=753  conce=847  conce=870  conce=863  hash_=666  poiso=668  power=746  power=866  sawto=874  sawto=874  stale=873  stale=877  strid=860  tempo=678
  multi_even  I32 N=   1048576 bins=      32 smem_dynamic                 conce=682  conce=685  conce=755  conce=847  conce=920  hash_=660  poiso=681  power=688  power=814  sawto=906  sawto=908  stale=896  stale=902  strid=890  tempo=672
  multi_even  I32 N=   1048576 bins=      32 smem_cooperative_dynamic     conce=668  conce=667  conce=750  conce=813  conce=858  hash_=658  poiso=665  power=663  power=758  sawto=870  sawto=871  stale=869  stale=870  strid=856  tempo=664
  multi_even  I32 N=   1048576 bins=      64 smem_static                  conce=709  conce=740  conce=825  conce=896  conce=944  hash_=697  poiso=684  power=753  power=901  sawto=951  sawto=945  stale=921  stale=941  strid=928  tempo=722
  multi_even  I32 N=   1048576 bins=      64 smem_cooperative_static      conce=669  conce=732  conce=767  conce=867  conce=864  hash_=666  poiso=668  power=750  power=868  sawto=874  sawto=876  stale=873  stale=877  strid=861  tempo=677
  multi_even  I32 N=   1048576 bins=      64 smem_dynamic                 conce=682  conce=682  conce=733  conce=848  conce=918  hash_=655  poiso=680  power=691  power=848  sawto=903  sawto=906  stale=899  stale=899  strid=885  tempo=670
  multi_even  I32 N=   1048576 bins=      64 smem_cooperative_dynamic     conce=668  conce=666  conce=709  conce=787  conce=858  hash_=657  poiso=664  power=663  power=790  sawto=870  sawto=870  stale=869  stale=870  strid=855  tempo=664
  multi_even  I32 N=   1048576 bins=     128 smem_static                  conce=711  conce=737  conce=818  conce=894  conce=944  hash_=695  poiso=683  power=780  power=906  sawto=943  sawto=940  stale=919  stale=939  strid=924  tempo=717
  multi_even  I32 N=   1048576 bins=     128 smem_cooperative_static      conce=670  conce=734  conce=766  conce=865  conce=867  hash_=667  poiso=669  power=748  power=869  sawto=876  sawto=877  stale=876  stale=878  strid=863  tempo=683
  multi_even  I32 N=   1048576 bins=     128 smem_dynamic                 conce=689  conce=682  conce=730  conce=843  conce=919  hash_=652  poiso=681  power=700  power=849  sawto=898  sawto=902  stale=899  stale=900  strid=882  tempo=670
  multi_even  I32 N=   1048576 bins=     128 smem_cooperative_dynamic     conce=668  conce=664  conce=698  conce=771  conce=858  hash_=652  poiso=662  power=669  power=841  sawto=871  sawto=870  stale=866  stale=872  strid=852  tempo=657
  multi_even  I32 N=   1048576 bins=     256 smem_static                  conce=711  conce=780  conce=835  conce=898  conce=935  hash_=692  poiso=685  power=798  power=904  sawto=916  sawto=920  stale=906  stale=913  strid=902  tempo=710
  multi_even  I32 N=   1048576 bins=     256 smem_cooperative_static      conce=673  conce=750  conce=833  conce=859  conce=863  hash_=672  poiso=671  power=746  power=863  sawto=877  sawto=877  stale=871  stale=873  strid=861  tempo=679
  multi_even  I32 N=   1048576 bins=     256 smem_dynamic                 conce=691  conce=695  conce=765  conce=836  conce=915  hash_=647  poiso=683  power=707  power=839  sawto=879  sawto=882  stale=900  stale=887  strid=861  tempo=670
  multi_even  I32 N=   1048576 bins=     256 smem_cooperative_dynamic     conce=668  conce=672  conce=748  conce=842  conce=856  hash_=654  poiso=662  power=677  power=854  sawto=870  sawto=868  stale=856  stale=871  strid=843  tempo=658
  multi_even  I32 N=   1048576 bins=     512 smem_dynamic                 conce=673  conce=686  conce=756  conce=847  conce=890  hash_=641  poiso=676  power=695  power=849  sawto=872  sawto=870  stale=875  stale=869  strid=843  tempo=665
  multi_even  I32 N=   1048576 bins=     512 smem_cooperative_dynamic     conce=666  conce=666  conce=747  conce=835  conce=852  hash_=653  poiso=661  power=676  power=847  sawto=863  sawto=862  stale=855  stale=866  strid=843  tempo=657
  queried input cache: cub.bench.histogram.multi.even.base I32 N=16777216 -> S=1024
  multi_even  I32 N=  16777216 bins=       8 smem_static                  conce=1486  conce=1689  conce=2090  conce=2546  conce=3049  hash_=1528  poiso=1485  power=1586  power=2261  sawto=3013  sawto=3019  stale=3043  stale=3048  strid=3002  tempo=1536
  multi_even  I32 N=  16777216 bins=       8 smem_cooperative_static      conce=1485  conce=1679  conce=2085  conce=2522  conce=3011  hash_=1528  poiso=1484  power=1583  power=2254  sawto=2988  sawto=2992  stale=3011  stale=3017  strid=2975  tempo=1534
  multi_even  I32 N=  16777216 bins=       8 smem_dynamic                 conce=1452  conce=1416  conce=1582  conce=1852  conce=2392  hash_=1413  poiso=1449  power=1413  power=1706  sawto=2192  sawto=2189  stale=2388  stale=2391  strid=2180  tempo=1417
  multi_even  I32 N=  16777216 bins=       8 smem_cooperative_dynamic     conce=1444  conce=1416  conce=1577  conce=1846  conce=2372  hash_=1413  poiso=1443  power=1413  power=1706  sawto=2188  sawto=2187  stale=2375  stale=2376  strid=2175  tempo=1415
  multi_even  I32 N=  16777216 bins=      16 smem_static                  conce=1486  conce=1740  conce=2280  conce=2801  conce=3066  hash_=1538  poiso=1483  power=1644  power=2528  sawto=3082  sawto=3081  stale=3055  stale=3061  strid=3065  tempo=1545
  multi_even  I32 N=  16777216 bins=      16 smem_cooperative_static      conce=1484  conce=1738  conce=2266  conce=2790  conce=3034  hash_=1533  poiso=1483  power=1641  power=2508  sawto=3057  sawto=3057  stale=3031  stale=3035  strid=3039  tempo=1537
  multi_even  I32 N=  16777216 bins=      16 smem_dynamic                 conce=1452  conce=1446  conce=1697  conce=2070  conce=2745  hash_=1418  poiso=1450  power=1431  power=1878  sawto=2853  sawto=2854  stale=2733  stale=2736  strid=2852  tempo=1422
  multi_even  I32 N=  16777216 bins=      16 smem_cooperative_dynamic     conce=1443  conce=1441  conce=1691  conce=2058  conce=2716  hash_=1415  poiso=1443  power=1425  power=1881  sawto=2822  sawto=2824  stale=2720  stale=2722  strid=2813  tempo=1417
  multi_even  I32 N=  16777216 bins=      32 smem_static                  conce=1487  conce=1817  conce=2390  conce=2985  conce=3073  hash_=1541  poiso=1486  power=1707  power=2753  sawto=3087  sawto=3086  stale=3068  stale=3070  strid=3064  tempo=1548
  multi_even  I32 N=  16777216 bins=      32 smem_cooperative_static      conce=1485  conce=1810  conce=2374  conce=2978  conce=3041  hash_=1535  poiso=1485  power=1705  power=2729  sawto=3064  sawto=3061  stale=3044  stale=3048  strid=3042  tempo=1541
  multi_even  I32 N=  16777216 bins=      32 smem_dynamic                 conce=1452  conce=1480  conce=1773  conce=2284  conce=2876  hash_=1421  poiso=1452  power=1452  power=2065  sawto=2945  sawto=2946  stale=2872  stale=2878  strid=2935  tempo=1425
  multi_even  I32 N=  16777216 bins=      32 smem_cooperative_dynamic     conce=1445  conce=1476  conce=1772  conce=2266  conce=2852  hash_=1417  poiso=1443  power=1446  power=2055  sawto=2912  sawto=2912  stale=2864  stale=2864  strid=2901  tempo=1420
  multi_even  I32 N=  16777216 bins=      64 smem_static                  conce=1487  conce=1683  conce=2128  conce=2848  conce=3078  hash_=1537  poiso=1485  power=1770  power=2844  sawto=3083  sawto=3083  stale=3066  stale=3074  strid=3064  tempo=1544
  multi_even  I32 N=  16777216 bins=      64 smem_cooperative_static      conce=1483  conce=1676  conce=2117  conce=2817  conce=3045  hash_=1533  poiso=1484  power=1767  power=2816  sawto=3059  sawto=3059  stale=3049  stale=3054  strid=3042  tempo=1537
  multi_even  I32 N=  16777216 bins=      64 smem_dynamic                 conce=1453  conce=1447  conce=1650  conce=2213  conce=2886  hash_=1417  poiso=1451  power=1476  power=2215  sawto=2943  sawto=2942  stale=2878  stale=2883  strid=2934  tempo=1421
  multi_even  I32 N=  16777216 bins=      64 smem_cooperative_dynamic     conce=1442  conce=1441  conce=1646  conce=2202  conce=2864  hash_=1415  poiso=1441  power=1468  power=2203  sawto=2908  sawto=2908  stale=2871  stale=2877  strid=2898  tempo=1417
  multi_even  I32 N=  16777216 bins=     128 smem_static                  conce=1487  conce=1695  conce=2093  conce=2748  conce=3075  hash_=1533  poiso=1486  power=1835  power=2937  sawto=3080  sawto=3080  stale=3072  stale=3074  strid=3060  tempo=1540
  multi_even  I32 N=  16777216 bins=     128 smem_cooperative_static      conce=1486  conce=1682  conce=2092  conce=2728  conce=3043  hash_=1532  poiso=1485  power=1830  power=2907  sawto=3061  sawto=3058  stale=3049  stale=3057  strid=3037  tempo=1536
  multi_even  I32 N=  16777216 bins=     128 smem_dynamic                 conce=1452  conce=1443  conce=1636  conce=2162  conce=2887  hash_=1413  poiso=1450  power=1501  power=2358  sawto=2939  sawto=2939  stale=2884  stale=2887  strid=2928  tempo=1418
  multi_even  I32 N=  16777216 bins=     128 smem_cooperative_dynamic     conce=1443  conce=1440  conce=1631  conce=2152  conce=2867  hash_=1414  poiso=1442  power=1495  power=2346  sawto=2908  sawto=2907  stale=2879  stale=2878  strid=2895  tempo=1417
  multi_even  I32 N=  16777216 bins=     256 smem_static                  conce=1487  conce=1881  conce=2427  conce=2962  conce=3070  hash_=1530  poiso=1485  power=1902  power=2990  sawto=3079  sawto=3079  stale=3071  stale=3074  strid=3059  tempo=1538
  multi_even  I32 N=  16777216 bins=     256 smem_cooperative_static      conce=1485  conce=1881  conce=2419  conce=2931  conce=3045  hash_=1530  poiso=1486  power=1891  power=2977  sawto=3056  sawto=3056  stale=3050  stale=3055  strid=3039  tempo=1535
  multi_even  I32 N=  16777216 bins=     256 smem_dynamic                 conce=1453  conce=1531  conce=1872  conce=2440  conce=2884  hash_=1413  poiso=1451  power=1530  power=2482  sawto=2932  sawto=2934  stale=2885  stale=2889  strid=2924  tempo=1419
  multi_even  I32 N=  16777216 bins=     256 smem_cooperative_dynamic     conce=1444  conce=1528  conce=1868  conce=2434  conce=2867  hash_=1415  poiso=1442  power=1532  power=2461  sawto=2904  sawto=2905  stale=2878  stale=2883  strid=2891  tempo=1417
  multi_even  I32 N=  16777216 bins=     512 smem_dynamic                 conce=1452  conce=1504  conce=1849  conce=2518  conce=2877  hash_=1410  poiso=1449  power=1560  power=2567  sawto=2922  sawto=2924  stale=2879  stale=2881  strid=2910  tempo=1416
  multi_even  I32 N=  16777216 bins=     512 smem_cooperative_dynamic     conce=1443  conce=1503  conce=1846  conce=2505  conce=2860  hash_=1413  poiso=1442  power=1560  power=2567  sawto=2899  sawto=2900  stale=2867  stale=2873  strid=2887  tempo=1416
  queried input cache: cub.bench.histogram.multi.even.base I32 N=67108864 -> S=1024
  multi_even  I32 N=  67108864 bins=       8 smem_static                  conce=1586  conce=1825  conce=2298  conce=2879  conce=3674  hash_=1644  poiso=1585  power=1705  power=2514  sawto=3559  sawto=3569  stale=3677  stale=3677  strid=3554  tempo=1646
  multi_even  I32 N=  67108864 bins=       8 smem_cooperative_static      conce=1584  conce=1824  conce=2296  conce=2876  conce=3664  hash_=1643  poiso=1584  power=1704  power=2510  sawto=3555  sawto=3564  stale=3672  stale=3672  strid=3546  tempo=1645
  multi_even  I32 N=  67108864 bins=       8 smem_dynamic                 conce=1545  conce=1511  conce=1698  conce=2024  conce=2692  hash_=1510  poiso=1545  power=1507  power=1849  sawto=2437  sawto=2437  stale=2694  stale=2695  strid=2434  tempo=1509
  multi_even  I32 N=  67108864 bins=       8 smem_cooperative_dynamic     conce=1544  conce=1510  conce=1698  conce=2022  conce=2688  hash_=1509  poiso=1543  power=1506  power=1846  sawto=2434  sawto=2433  stale=2690  stale=2693  strid=2432  tempo=1509
  multi_even  I32 N=  67108864 bins=      16 smem_static                  conce=1586  conce=1886  conce=2536  conce=3246  conce=3723  hash_=1651  poiso=1585  power=1773  power=2862  sawto=3755  sawto=3755  stale=3706  stale=3707  strid=3750  tempo=1654
  multi_even  I32 N=  67108864 bins=      16 smem_cooperative_static      conce=1585  conce=1884  conce=2533  conce=3244  conce=3713  hash_=1649  poiso=1584  power=1772  power=2858  sawto=3740  sawto=3740  stale=3694  stale=3696  strid=3734  tempo=1653
  multi_even  I32 N=  67108864 bins=      16 smem_dynamic                 conce=1545  conce=1545  conce=1834  conce=2288  conce=3162  hash_=1513  poiso=1545  power=1526  power=2057  sawto=3338  sawto=3339  stale=3162  stale=3164  strid=3331  tempo=1514
  multi_even  I32 N=  67108864 bins=      16 smem_cooperative_dynamic     conce=1544  conce=1544  conce=1834  conce=2286  conce=3158  hash_=1512  poiso=1543  power=1524  power=2054  sawto=3334  sawto=3333  stale=3161  stale=3163  strid=3329  tempo=1513
  multi_even  I32 N=  67108864 bins=      32 smem_static                  conce=1586  conce=1976  conce=2674  conce=3528  conce=3742  hash_=1655  poiso=1586  power=1846  power=3175  sawto=3751  sawto=3749  stale=3714  stale=3716  strid=3748  tempo=1657
  multi_even  I32 N=  67108864 bins=      32 smem_cooperative_static      conce=1586  conce=1973  conce=2673  conce=3525  conce=3733  hash_=1654  poiso=1585  power=1845  power=3168  sawto=3737  sawto=3737  stale=3702  stale=3703  strid=3729  tempo=1656
  multi_even  I32 N=  67108864 bins=      32 smem_dynamic                 conce=1545  conce=1580  conce=1925  conce=2558  conce=3380  hash_=1515  poiso=1545  power=1549  power=2280  sawto=3460  sawto=3460  stale=3380  stale=3380  strid=3456  tempo=1516
  multi_even  I32 N=  67108864 bins=      32 smem_cooperative_dynamic     conce=1545  conce=1580  conce=1924  conce=2555  conce=3370  hash_=1514  poiso=1544  power=1548  power=2279  sawto=3457  sawto=3456  stale=3374  stale=3376  strid=3452  tempo=1515
  multi_even  I32 N=  67108864 bins=      64 smem_static                  conce=1586  conce=1817  conce=2341  conce=3308  conce=3757  hash_=1650  poiso=1586  power=1922  power=3305  sawto=3753  sawto=3751  stale=3728  stale=3731  strid=3750  tempo=1653
  multi_even  I32 N=  67108864 bins=      64 smem_cooperative_static      conce=1585  conce=1816  conce=2340  conce=3304  conce=3748  hash_=1649  poiso=1584  power=1919  power=3304  sawto=3738  sawto=3736  stale=3717  stale=3719  strid=3731  tempo=1652
  multi_even  I32 N=  67108864 bins=      64 smem_dynamic                 conce=1545  conce=1544  conce=1778  conce=2468  conce=3391  hash_=1513  poiso=1545  power=1576  power=2471  sawto=3460  sawto=3458  stale=3394  stale=3396  strid=3453  tempo=1512
  multi_even  I32 N=  67108864 bins=      64 smem_cooperative_dynamic     conce=1544  conce=1543  conce=1777  conce=2466  conce=3386  hash_=1510  poiso=1543  power=1575  power=2469  sawto=3457  sawto=3455  stale=3392  stale=3392  strid=3450  tempo=1511
  multi_even  I32 N=  67108864 bins=     128 smem_static                  conce=1586  conce=1830  conce=2305  conce=3179  conce=3766  hash_=1647  poiso=1586  power=1996  power=3442  sawto=3752  sawto=3750  stale=3738  stale=3743  strid=3746  tempo=1650
  multi_even  I32 N=  67108864 bins=     128 smem_cooperative_static      conce=1585  conce=1828  conce=2304  conce=3174  conce=3755  hash_=1646  poiso=1584  power=1995  power=3438  sawto=3738  sawto=3737  stale=3726  stale=3730  strid=3730  tempo=1649
  multi_even  I32 N=  67108864 bins=     128 smem_dynamic                 conce=1545  conce=1540  conce=1762  conce=2411  conce=3404  hash_=1511  poiso=1545  power=1607  power=2651  sawto=3458  sawto=3456  stale=3405  stale=3409  strid=3450  tempo=1511
  multi_even  I32 N=  67108864 bins=     128 smem_cooperative_dynamic     conce=1544  conce=1541  conce=1762  conce=2409  conce=3397  hash_=1510  poiso=1543  power=1607  power=2651  sawto=3454  sawto=3454  stale=3404  stale=3406  strid=3449  tempo=1510
  multi_even  I32 N=  67108864 bins=     256 smem_static                  conce=1586  conce=2052  conce=2730  conce=3479  conce=3765  hash_=1646  poiso=1586  power=2074  power=3547  sawto=3750  sawto=3747  stale=3745  stale=3744  strid=3744  tempo=1649
  multi_even  I32 N=  67108864 bins=     256 smem_cooperative_static      conce=1585  conce=2051  conce=2727  conce=3476  conce=3756  hash_=1646  poiso=1586  power=2072  power=3541  sawto=3742  sawto=3736  stale=3735  stale=3736  strid=3733  tempo=1648
  multi_even  I32 N=  67108864 bins=     256 smem_dynamic                 conce=1546  conce=1640  conce=2046  conce=2775  conce=3412  hash_=1511  poiso=1546  power=1643  power=2816  sawto=3461  sawto=3457  stale=3419  stale=3415  strid=3451  tempo=1512
  multi_even  I32 N=  67108864 bins=     256 smem_cooperative_dynamic     conce=1547  conce=1638  conce=2043  conce=2769  conce=3403  hash_=1510  poiso=1546  power=1643  power=2814  sawto=3456  sawto=3454  stale=3409  stale=3413  strid=3446  tempo=1511
  multi_even  I32 N=  67108864 bins=     512 smem_dynamic                 conce=1546  conce=1611  conce=2023  conce=2889  conce=3410  hash_=1510  poiso=1546  power=1679  power=2952  sawto=3452  sawto=3452  stale=3413  stale=3415  strid=3448  tempo=1511
  multi_even  I32 N=  67108864 bins=     512 smem_cooperative_dynamic     conce=1546  conce=1610  conce=2022  conce=2889  conce=3403  hash_=1509  poiso=1546  power=1678  power=2947  sawto=3449  sawto=3449  stale=3408  stale=3409  strid=3443  tempo=1510
  queried input cache: cub.bench.histogram.multi.even.base I32 N=268435456 -> S=1024
  multi_even  I32 N= 268435456 bins=       8 smem_static                  conce=1613  conce=1865  conce=2364  conce=2988  conce=3913  hash_=1676  poiso=1613  power=1740  power=2591  sawto=3760  sawto=3770  stale=3911  stale=3915  strid=3755  tempo=1678
  multi_even  I32 N= 268435456 bins=       8 smem_cooperative_static      conce=1612  conce=1864  conce=2363  conce=2987  conce=3912  hash_=1675  poiso=1612  power=1740  power=2590  sawto=3758  sawto=3771  stale=3910  stale=3916  strid=3751  tempo=1677
  multi_even  I32 N= 268435456 bins=       8 smem_dynamic                 conce=1572  conce=1538  conce=1732  conce=2072  conce=2793  hash_=1536  poiso=1571  power=1533  power=1889  sawto=2513  sawto=2512  stale=2794  stale=2795  strid=2511  tempo=1535
  multi_even  I32 N= 268435456 bins=       8 smem_cooperative_dynamic     conce=1571  conce=1537  conce=1731  conce=2072  conce=2793  hash_=1535  poiso=1571  power=1533  power=1888  sawto=2512  sawto=2512  stale=2794  stale=2795  strid=2510  tempo=1535
  multi_even  I32 N= 268435456 bins=      16 smem_static                  conce=1613  conce=1930  conce=2618  conce=3402  conce=3977  hash_=1684  poiso=1613  power=1812  power=2969  sawto=4085  sawto=4084  stale=3978  stale=3979  strid=4083  tempo=1686
  multi_even  I32 N= 268435456 bins=      16 smem_cooperative_static      conce=1612  conce=1929  conce=2617  conce=3402  conce=3972  hash_=1684  poiso=1612  power=1811  power=2967  sawto=4081  sawto=4081  stale=3976  stale=3977  strid=4079  tempo=1686
  multi_even  I32 N= 268435456 bins=      16 smem_dynamic                 conce=1572  conce=1572  conce=1875  conce=2355  conce=3320  hash_=1540  poiso=1571  power=1552  power=2107  sawto=3517  sawto=3518  stale=3319  stale=3321  strid=3513  tempo=1540
  multi_even  I32 N= 268435456 bins=      16 smem_cooperative_dynamic     conce=1572  conce=1572  conce=1874  conce=2354  conce=3319  hash_=1539  poiso=1571  power=1552  power=2108  sawto=3516  sawto=3516  stale=3318  stale=3322  strid=3512  tempo=1539
  multi_even  I32 N= 268435456 bins=      32 smem_static                  conce=1613  conce=2024  conce=2765  conce=3730  conce=4003  hash_=1688  poiso=1613  power=1888  power=3319  sawto=4083  sawto=4082  stale=4005  stale=4004  strid=4083  tempo=1690
  multi_even  I32 N= 268435456 bins=      32 smem_cooperative_static      conce=1613  conce=2023  conce=2764  conce=3729  conce=4001  hash_=1687  poiso=1613  power=1887  power=3317  sawto=4079  sawto=4080  stale=4005  stale=4004  strid=4079  tempo=1690
  multi_even  I32 N= 268435456 bins=      32 smem_dynamic                 conce=1572  conce=1609  conce=1969  conce=2645  conce=3569  hash_=1542  poiso=1572  power=1577  power=2345  sawto=3659  sawto=3657  stale=3566  stale=3570  strid=3653  tempo=1542
  multi_even  I32 N= 268435456 bins=      32 smem_cooperative_dynamic     conce=1571  conce=1609  conce=1969  conce=2644  conce=3568  hash_=1541  poiso=1571  power=1576  power=2345  sawto=3655  sawto=3655  stale=3570  stale=3569  strid=3654  tempo=1541
  multi_even  I32 N= 268435456 bins=      64 smem_static                  conce=1613  conce=1857  conce=2411  conce=3473  conce=4032  hash_=1684  poiso=1613  power=1965  power=3466  sawto=4081  sawto=4080  stale=4034  stale=4036  strid=4084  tempo=1685
  multi_even  I32 N= 268435456 bins=      64 smem_cooperative_static      conce=1613  conce=1856  conce=2411  conce=3472  conce=4032  hash_=1683  poiso=1613  power=1966  power=3468  sawto=4079  sawto=4079  stale=4034  stale=4033  strid=4078  tempo=1685
  multi_even  I32 N= 268435456 bins=      64 smem_dynamic                 conce=1572  conce=1572  conce=1815  conce=2548  conce=3589  hash_=1538  poiso=1571  power=1605  power=2552  sawto=3656  sawto=3657  stale=3589  stale=3593  strid=3653  tempo=1538
  multi_even  I32 N= 268435456 bins=      64 smem_cooperative_dynamic     conce=1571  conce=1572  conce=1815  conce=2548  conce=3586  hash_=1538  poiso=1571  power=1605  power=2551  sawto=3656  sawto=3655  stale=3589  stale=3589  strid=3651  tempo=1538
  multi_even  I32 N= 268435456 bins=     128 smem_static                  conce=1613  conce=1871  conce=2373  conce=3325  conce=4045  hash_=1681  poiso=1613  power=2046  power=3625  sawto=4079  sawto=4079  stale=4049  stale=4049  strid=4080  tempo=1683
  multi_even  I32 N= 268435456 bins=     128 smem_cooperative_static      conce=1613  conce=1870  conce=2373  conce=3324  conce=4046  hash_=1680  poiso=1612  power=2046  power=3627  sawto=4079  sawto=4078  stale=4046  stale=4050  strid=4077  tempo=1682
  multi_even  I32 N= 268435456 bins=     128 smem_dynamic                 conce=1572  conce=1568  conce=1799  conce=2485  conce=3603  hash_=1537  poiso=1571  power=1637  power=2748  sawto=3657  sawto=3654  stale=3602  stale=3605  strid=3651  tempo=1537
  multi_even  I32 N= 268435456 bins=     128 smem_cooperative_dynamic     conce=1571  conce=1568  conce=1798  conce=2484  conce=3601  hash_=1536  poiso=1571  power=1637  power=2748  sawto=3655  sawto=3654  stale=3602  stale=3606  strid=3648  tempo=1537
  multi_even  I32 N= 268435456 bins=     256 smem_static                  conce=1612  conce=2105  conce=2827  conce=3672  conce=4052  hash_=1679  poiso=1612  power=2127  power=3754  sawto=4082  sawto=4079  stale=4055  stale=4054  strid=4081  tempo=1682
  multi_even  I32 N= 268435456 bins=     256 smem_cooperative_static      conce=1612  conce=2105  conce=2826  conce=3669  conce=4049  hash_=1678  poiso=1612  power=2127  power=3753  sawto=4078  sawto=4076  stale=4052  stale=4052  strid=4078  tempo=1680
  multi_even  I32 N= 268435456 bins=     256 smem_dynamic                 conce=1573  conce=1671  conce=2096  conce=2882  conce=3612  hash_=1537  poiso=1573  power=1674  power=2930  sawto=3656  sawto=3657  stale=3611  stale=3614  strid=3651  tempo=1537
  multi_even  I32 N= 268435456 bins=     256 smem_cooperative_dynamic     conce=1573  conce=1671  conce=2095  conce=2883  conce=3609  hash_=1537  poiso=1573  power=1674  power=2929  sawto=3657  sawto=3656  stale=3611  stale=3613  strid=3652  tempo=1537
  multi_even  I32 N= 268435456 bins=     512 smem_dynamic                 conce=1573  conce=1642  conce=2075  conce=3013  conce=3613  hash_=1537  poiso=1573  power=1713  power=3082  sawto=3655  sawto=3655  stale=3614  stale=3618  strid=3650  tempo=1537
  multi_even  I32 N= 268435456 bins=     512 smem_cooperative_dynamic     conce=1573  conce=1642  conce=2074  conce=3012  conce=3612  hash_=1537  poiso=1572  power=1713  power=3080  sawto=3652  sawto=3655  stale=3616  stale=3616  strid=3649  tempo=1537
Traceback (most recent call last):
  File "/home/shadeform/cccl-cooperative-direct-output-smem/cub/benchmarks/bench/histogram/histogram_algo_sweep.py", line 862, in <module>
    main()
  File "/home/shadeform/cccl-cooperative-direct-output-smem/cub/benchmarks/bench/histogram/histogram_algo_sweep.py", line 666, in main
    cache_slots = args.generator_cache_slots or query_cache_slots_for_cell(
                                                ^^^^^^^^^^^^^^^^^^^^^^^^^^^
  File "/home/shadeform/cccl-cooperative-direct-output-smem/cub/benchmarks/bench/histogram/histogram_algo_sweep.py", line 398, in query_cache_slots_for_cell
    raise RuntimeError(
RuntimeError: cache-slot query failed for cub.bench.histogram.multi.even.base I32 N=1073741824: exit=0, slots=[], stderr=
!! multi_even produced no JSON; skipping
=== [14:01:17] PERF SWEEP: multi_range ===
main baseline: comparing shapes ['concentrated:0.0', 'concentrated:0.25', 'concentrated:0.5', 'concentrated:0.75', 'concentrated:1.0', 'hash_synonym', 'poison', 'powerlaw:0.25', 'powerlaw:0.75', 'sawtooth', 'sawtooth:8192:2654435761:1', 'stale_resident:0.25', 'stale_resident:0.5', 'strided_sweep', 'temporal_phases:0.10']
  queried input cache: cub.bench.histogram.multi.range.base I32 N=1048576 -> S=1024
  multi_range I32 N=   1048576 bins=       8 smem_static                  conce=595  conce=508  conce=517  conce=519  conce=507  hash_=522  poiso=557  power=530  power=490  sawto=508  sawto=509  stale=501  stale=501  strid=502  tempo=523
  multi_range I32 N=   1048576 bins=       8 smem_cooperative_static      conce=476  conce=396  conce=400  conce=416  conce=400  hash_=412  poiso=456  power=424  power=394  sawto=413  sawto=413  stale=400  stale=406  strid=404  tempo=420
  multi_range I32 N=   1048576 bins=       8 smem_dynamic                 conce=393  conce=347  conce=348  conce=351  conce=362  hash_=347  poiso=393  power=368  power=349  sawto=367  sawto=367  stale=363  stale=363  strid=361  tempo=362
  multi_range I32 N=   1048576 bins=       8 smem_cooperative_dynamic     conce=398  conce=357  conce=352  conce=361  conce=367  hash_=354  poiso=396  power=372  power=359  sawto=372  sawto=372  stale=368  stale=368  strid=369  tempo=368
  multi_range I32 N=   1048576 bins=      16 smem_static                  conce=542  conce=487  conce=474  conce=459  conce=467  hash_=479  poiso=510  power=462  power=455  sawto=459  sawto=460  stale=459  stale=458  strid=455  tempo=468
  multi_range I32 N=   1048576 bins=      16 smem_cooperative_static      conce=423  conce=393  conce=385  conce=366  conce=365  hash_=389  poiso=415  power=365  power=366  sawto=368  sawto=368  stale=366  stale=368  strid=364  tempo=389
  multi_range I32 N=   1048576 bins=      16 smem_dynamic                 conce=366  conce=352  conce=344  conce=338  conce=342  hash_=344  poiso=366  power=331  power=335  sawto=344  sawto=344  stale=341  stale=342  strid=339  tempo=344
  multi_range I32 N=   1048576 bins=      16 smem_cooperative_dynamic     conce=372  conce=359  conce=349  conce=343  conce=344  hash_=348  poiso=370  power=334  power=337  sawto=347  sawto=347  stale=345  stale=345  strid=345  tempo=345
  multi_range I32 N=   1048576 bins=      32 smem_static                  conce=479  conce=450  conce=433  conce=423  conce=432  hash_=449  poiso=463  power=447  power=434  sawto=418  sawto=418  stale=428  stale=427  strid=410  tempo=447
  multi_range I32 N=   1048576 bins=      32 smem_cooperative_static      conce=370  conce=365  conce=345  conce=336  conce=339  hash_=356  poiso=368  power=365  power=346  sawto=341  sawto=340  stale=343  stale=343  strid=334  tempo=361
  multi_range I32 N=   1048576 bins=      32 smem_dynamic                 conce=345  conce=333  conce=327  conce=324  conce=327  hash_=330  poiso=344  power=333  power=328  sawto=325  sawto=325  stale=324  stale=325  strid=320  tempo=333
  multi_range I32 N=   1048576 bins=      32 smem_cooperative_dynamic     conce=348  conce=334  conce=327  conce=326  conce=326  hash_=330  poiso=346  power=338  power=327  sawto=326  sawto=326  stale=326  stale=326  strid=324  tempo=336
  multi_range I32 N=   1048576 bins=      64 smem_static                  conce=439  conce=390  conce=385  conce=384  conce=400  hash_=414  poiso=424  power=413  power=398  sawto=389  sawto=390  stale=398  stale=398  strid=382  tempo=415
  multi_range I32 N=   1048576 bins=      64 smem_cooperative_static      conce=343  conce=309  conce=308  conce=308  conce=313  hash_=324  poiso=340  power=326  power=310  sawto=309  sawto=309  stale=313  stale=316  strid=307  tempo=327
  multi_range I32 N=   1048576 bins=      64 smem_dynamic                 conce=325  conce=305  conce=302  conce=305  conce=316  hash_=313  poiso=323  power=314  power=309  sawto=306  sawto=306  stale=312  stale=312  strid=302  tempo=317
  multi_range I32 N=   1048576 bins=      64 smem_cooperative_dynamic     conce=326  conce=308  conce=303  conce=308  conce=312  hash_=311  poiso=326  power=312  power=309  sawto=308  sawto=308  stale=310  stale=312  strid=306  tempo=315
  multi_range I32 N=   1048576 bins=     128 smem_static                  conce=395  conce=378  conce=368  conce=364  conce=369  hash_=383  poiso=388  power=386  power=372  sawto=365  sawto=362  stale=367  stale=367  strid=359  tempo=382
  multi_range I32 N=   1048576 bins=     128 smem_cooperative_static      conce=309  conce=306  conce=294  conce=293  conce=292  hash_=299  poiso=308  power=307  power=307  sawto=293  sawto=292  stale=293  stale=294  strid=291  tempo=307
  multi_range I32 N=   1048576 bins=     128 smem_dynamic                 conce=307  conce=294  conce=292  conce=294  conce=300  hash_=296  poiso=305  power=297  power=303  sawto=298  sawto=294  stale=299  stale=300  strid=298  tempo=298
  multi_range I32 N=   1048576 bins=     128 smem_cooperative_dynamic     conce=308  conce=293  conce=292  conce=293  conce=298  hash_=293  poiso=307  power=295  power=303  sawto=300  sawto=295  stale=302  stale=304  strid=298  tempo=297
  multi_range I32 N=   1048576 bins=     256 smem_static                  conce=364  conce=346  conce=343  conce=342  conce=338  hash_=352  poiso=356  power=349  power=342  sawto=342  sawto=336  stale=340  stale=341  strid=337  tempo=346
  multi_range I32 N=   1048576 bins=     256 smem_cooperative_static      conce=290  conce=278  conce=279  conce=279  conce=276  hash_=277  poiso=284  power=279  power=278  sawto=278  sawto=277  stale=278  stale=278  strid=276  tempo=279
  multi_range I32 N=   1048576 bins=     256 smem_dynamic                 conce=291  conce=278  conce=278  conce=281  conce=285  hash_=278  poiso=289  power=282  power=282  sawto=284  sawto=283  stale=283  stale=284  strid=284  tempo=280
  multi_range I32 N=   1048576 bins=     256 smem_cooperative_dynamic     conce=292  conce=279  conce=279  conce=281  conce=283  hash_=277  poiso=291  power=280  power=283  sawto=285  sawto=283  stale=281  stale=283  strid=283  tempo=280
  multi_range I32 N=   1048576 bins=     512 smem_dynamic                 conce=494  conce=329  conce=329  conce=336  conce=339  hash_=347  poiso=486  power=332  power=338  sawto=344  sawto=341  stale=338  stale=339  strid=336  tempo=357
  multi_range I32 N=   1048576 bins=     512 smem_cooperative_dynamic     conce=471  conce=308  conce=310  conce=321  conce=325  hash_=337  poiso=467  power=312  power=323  sawto=328  sawto=326  stale=325  stale=326  strid=324  tempo=347
  queried input cache: cub.bench.histogram.multi.range.base I32 N=16777216 -> S=1024
  multi_range I32 N=  16777216 bins=       8 smem_static                  conce=1304  conce=992  conce=997  conce=1007  conce=1007  hash_=998  poiso=1289  power=1075  power=998  sawto=1021  sawto=1021  stale=1007  stale=1007  strid=1019  tempo=1035
  multi_range I32 N=  16777216 bins=       8 smem_cooperative_static      conce=1296  conce=988  conce=992  conce=1003  conce=1002  hash_=996  poiso=1281  power=1070  power=995  sawto=1016  sawto=1016  stale=1002  stale=1004  strid=1014  tempo=1029
  multi_range I32 N=  16777216 bins=       8 smem_dynamic                 conce=1185  conce=912  conce=912  conce=916  conce=920  hash_=916  poiso=1178  power=974  power=915  sawto=934  sawto=934  stale=919  stale=920  strid=933  tempo=940
  multi_range I32 N=  16777216 bins=       8 smem_cooperative_dynamic     conce=1135  conce=876  conce=875  conce=879  conce=886  hash_=885  poiso=1135  power=937  power=878  sawto=899  sawto=899  stale=885  stale=885  strid=897  tempo=907
  multi_range I32 N=  16777216 bins=      16 smem_static                  conce=1089  conce=997  conce=926  conce=871  conce=870  hash_=934  poiso=1077  power=865  power=867  sawto=879  sawto=879  stale=870  stale=870  strid=878  tempo=922
  multi_range I32 N=  16777216 bins=      16 smem_cooperative_static      conce=1081  conce=995  conce=924  conce=867  conce=865  hash_=935  poiso=1070  power=860  power=862  sawto=874  sawto=874  stale=866  stale=866  strid=873  tempo=919
  multi_range I32 N=  16777216 bins=      16 smem_dynamic                 conce=1012  conce=925  conce=855  conce=814  conce=815  hash_=871  poiso=1011  power=810  power=811  sawto=823  sawto=822  stale=815  stale=816  strid=822  tempo=855
  multi_range I32 N=  16777216 bins=      16 smem_cooperative_dynamic     conce=974  conce=885  conce=820  conce=783  conce=783  hash_=842  poiso=969  power=781  power=778  sawto=791  sawto=791  stale=784  stale=784  strid=790  tempo=825
  multi_range I32 N=  16777216 bins=      32 smem_static                  conce=923  conce=860  conce=801  conce=771  conce=771  hash_=838  poiso=923  power=865  power=803  sawto=773  sawto=773  stale=771  stale=771  strid=772  tempo=843
  multi_range I32 N=  16777216 bins=      32 smem_cooperative_static      conce=918  conce=857  conce=796  conce=767  conce=766  hash_=834  poiso=917  power=859  power=797  sawto=769  sawto=769  stale=766  stale=766  strid=768  tempo=838
  multi_range I32 N=  16777216 bins=      32 smem_dynamic                 conce=886  conce=806  conce=752  conce=732  conce=733  hash_=793  poiso=883  power=811  power=757  sawto=734  sawto=733  stale=732  stale=733  strid=733  tempo=793
  multi_range I32 N=  16777216 bins=      32 smem_cooperative_dynamic     conce=852  conce=775  conce=727  conce=705  conce=704  hash_=763  poiso=848  power=781  power=729  sawto=706  sawto=707  stale=705  stale=704  strid=705  tempo=763
  multi_range I32 N=  16777216 bins=      64 smem_static                  conce=807  conce=711  conce=691  conce=689  conce=704  hash_=750  poiso=805  power=753  power=703  sawto=688  sawto=688  stale=703  stale=703  strid=687  tempo=754
  multi_range I32 N=  16777216 bins=      64 smem_cooperative_static      conce=803  conce=706  conce=688  conce=685  conce=699  hash_=747  poiso=800  power=748  power=700  sawto=685  sawto=685  stale=699  stale=699  strid=683  tempo=748
  multi_range I32 N=  16777216 bins=      64 smem_dynamic                 conce=786  conce=679  conce=663  conce=662  conce=675  hash_=719  poiso=782  power=719  power=675  sawto=663  sawto=663  stale=675  stale=675  strid=663  tempo=720
  multi_range I32 N=  16777216 bins=      64 smem_cooperative_dynamic     conce=756  conce=656  conce=639  conce=637  conce=649  hash_=692  poiso=753  power=691  power=649  sawto=637  sawto=638  stale=649  stale=649  strid=637  tempo=693
  multi_range I32 N=  16777216 bins=     128 smem_static                  conce=716  conce=676  conce=662  conce=651  conce=651  hash_=676  poiso=715  power=685  power=674  sawto=643  sawto=636  stale=652  stale=652  strid=641  tempo=680
  multi_range I32 N=  16777216 bins=     128 smem_cooperative_static      conce=712  conce=674  conce=659  conce=647  conce=648  hash_=673  poiso=711  power=681  power=671  sawto=639  sawto=632  stale=648  stale=648  strid=637  tempo=676
  multi_range I32 N=  16777216 bins=     128 smem_dynamic                 conce=705  conce=652  conce=638  conce=626  conce=628  hash_=655  poiso=702  power=660  power=647  sawto=620  sawto=615  stale=630  stale=630  strid=620  tempo=655
  multi_range I32 N=  16777216 bins=     128 smem_cooperative_dynamic     conce=679  conce=628  conce=615  conce=605  conce=607  hash_=629  poiso=676  power=637  power=626  sawto=598  sawto=593  stale=607  stale=607  strid=598  tempo=632
  multi_range I32 N=  16777216 bins=     256 smem_static                  conce=643  conce=615  conce=614  conce=611  conce=601  hash_=611  poiso=643  power=619  power=608  sawto=596  sawto=595  stale=602  stale=602  strid=602  tempo=616
  multi_range I32 N=  16777216 bins=     256 smem_cooperative_static      conce=640  conce=613  conce=612  conce=608  conce=598  hash_=610  poiso=639  power=616  power=607  sawto=592  sawto=592  stale=599  stale=599  strid=599  tempo=612
  multi_range I32 N=  16777216 bins=     256 smem_dynamic                 conce=639  conce=599  conce=597  conce=595  conce=587  hash_=599  poiso=636  power=602  power=594  sawto=581  sawto=578  stale=587  stale=587  strid=585  tempo=599
  multi_range I32 N=  16777216 bins=     256 smem_cooperative_dynamic     conce=616  conce=576  conce=574  conce=572  conce=565  hash_=575  poiso=613  power=580  power=571  sawto=560  sawto=556  stale=565  stale=566  strid=564  tempo=578
  multi_range I32 N=  16777216 bins=     512 smem_dynamic                 conce=2079  conce=1021  conce=1026  conce=1068  conce=1088  hash_=1052  poiso=2074  power=1031  power=1073  sawto=1099  sawto=1093  stale=1090  stale=1090  strid=1090  tempo=1020
  multi_range I32 N=  16777216 bins=     512 smem_cooperative_dynamic     conce=2026  conce=980  conce=986  conce=1018  conce=1036  hash_=1040  poiso=2018  power=988  power=1018  sawto=1048  sawto=1039  stale=1035  stale=1034  strid=1038  tempo=997
  queried input cache: cub.bench.histogram.multi.range.base I32 N=67108864 -> S=1024
  multi_range I32 N=  67108864 bins=       8 smem_static                  conce=1411  conce=1055  conce=1059  conce=1068  conce=1070  hash_=1064  poiso=1407  power=1147  power=1065  sawto=1086  sawto=1086  stale=1070  stale=1071  strid=1085  tempo=1099
  multi_range I32 N=  67108864 bins=       8 smem_cooperative_static      conce=1408  conce=1052  conce=1056  conce=1065  conce=1067  hash_=1061  poiso=1404  power=1145  power=1063  sawto=1082  sawto=1082  stale=1067  stale=1067  strid=1082  tempo=1097
  multi_range I32 N=  67108864 bins=       8 smem_dynamic                 conce=1308  conce=992  conce=991  conce=1001  conce=1006  hash_=1002  poiso=1304  power=1064  power=998  sawto=1021  sawto=1021  stale=1006  stale=1006  strid=1021  tempo=1030
  multi_range I32 N=  67108864 bins=       8 smem_cooperative_dynamic     conce=1301  conce=988  conce=986  conce=995  conce=1000  hash_=997  poiso=1300  power=1060  power=993  sawto=1014  sawto=1014  stale=1000  stale=1000  strid=1014  tempo=1026
  multi_range I32 N=  67108864 bins=      16 smem_static                  conce=1161  conce=1069  conce=982  conce=920  conce=918  hash_=999  poiso=1159  power=913  power=916  sawto=928  sawto=928  stale=918  stale=919  strid=928  tempo=976
  multi_range I32 N=  67108864 bins=      16 smem_cooperative_static      conce=1157  conce=1067  conce=979  conce=917  conce=914  hash_=996  poiso=1155  power=910  power=913  sawto=925  sawto=925  stale=915  stale=915  strid=924  tempo=973
  multi_range I32 N=  67108864 bins=      16 smem_dynamic                 conce=1114  conce=1006  conce=931  conce=885  conce=884  hash_=950  poiso=1113  power=879  power=880  sawto=894  sawto=894  stale=884  stale=884  strid=893  tempo=930
  multi_range I32 N=  67108864 bins=      16 smem_cooperative_dynamic     conce=1109  conce=1001  conce=926  conce=878  conce=877  hash_=944  poiso=1106  power=874  power=874  sawto=887  sawto=887  stale=877  stale=878  strid=886  tempo=925
  multi_range I32 N=  67108864 bins=      32 smem_static                  conce=985  conce=913  conce=842  conce=810  conce=809  hash_=889  poiso=984  power=918  power=844  sawto=811  sawto=810  stale=810  stale=810  strid=810  tempo=889
  multi_range I32 N=  67108864 bins=      32 smem_cooperative_static      conce=982  conce=910  conce=839  conce=807  conce=806  hash_=887  poiso=979  power=914  power=841  sawto=807  sawto=807  stale=807  stale=807  strid=807  tempo=886
  multi_range I32 N=  67108864 bins=      32 smem_dynamic                 conce=968  conce=878  conce=818  conce=792  conce=793  hash_=861  poiso=967  power=883  power=821  sawto=794  sawto=794  stale=793  stale=792  strid=794  tempo=860
  multi_range I32 N=  67108864 bins=      32 smem_cooperative_dynamic     conce=963  conce=873  conce=813  conce=786  conce=786  hash_=854  poiso=960  power=879  power=815  sawto=788  sawto=788  stale=787  stale=787  strid=787  tempo=856
  multi_range I32 N=  67108864 bins=      64 smem_static                  conce=854  conce=745  conce=724  conce=719  conce=736  hash_=794  poiso=853  power=794  power=736  sawto=719  sawto=719  stale=735  stale=735  strid=718  tempo=794
  multi_range I32 N=  67108864 bins=      64 smem_cooperative_static      conce=850  conce=742  conce=721  conce=717  conce=732  hash_=791  poiso=849  power=791  power=733  sawto=716  sawto=716  stale=732  stale=732  strid=716  tempo=791
  multi_range I32 N=  67108864 bins=      64 smem_dynamic                 conce=854  conce=736  conce=717  conce=713  conce=729  hash_=780  poiso=853  power=779  power=728  sawto=715  sawto=715  stale=729  stale=728  strid=714  tempo=780
  multi_range I32 N=  67108864 bins=      64 smem_cooperative_dynamic     conce=848  conce=730  conce=711  conce=708  conce=723  hash_=772  poiso=846  power=773  power=722  sawto=709  sawto=709  stale=723  stale=723  strid=709  tempo=774
  multi_range I32 N=  67108864 bins=     128 smem_static                  conce=753  conce=709  conce=693  conce=679  conce=679  hash_=711  poiso=753  power=718  power=704  sawto=668  sawto=661  stale=679  stale=679  strid=666  tempo=712
  multi_range I32 N=  67108864 bins=     128 smem_cooperative_static      conce=750  conce=706  conce=691  conce=676  conce=676  hash_=708  poiso=749  power=715  power=701  sawto=666  sawto=658  stale=676  stale=676  strid=664  tempo=709
  multi_range I32 N=  67108864 bins=     128 smem_dynamic                 conce=764  conce=704  conce=689  conce=676  conce=678  hash_=707  poiso=762  power=713  power=700  sawto=669  sawto=663  stale=678  stale=678  strid=670  tempo=708
  multi_range I32 N=  67108864 bins=     128 smem_cooperative_dynamic     conce=758  conce=699  conce=684  conce=672  conce=673  hash_=701  poiso=756  power=708  power=695  sawto=664  sawto=658  stale=673  stale=673  strid=664  tempo=702
  multi_range I32 N=  67108864 bins=     256 smem_static                  conce=674  conce=643  conce=641  conce=637  conce=627  hash_=641  poiso=673  power=646  power=635  sawto=618  sawto=618  stale=627  stale=627  strid=627  tempo=642
  multi_range I32 N=  67108864 bins=     256 smem_cooperative_static      conce=671  conce=641  conce=639  conce=635  conce=625  hash_=639  poiso=669  power=643  power=633  sawto=615  sawto=615  stale=625  stale=625  strid=624  tempo=639
  multi_range I32 N=  67108864 bins=     256 smem_dynamic                 conce=690  conce=646  conce=643  conce=640  conce=631  hash_=645  poiso=688  power=649  power=638  sawto=624  sawto=622  stale=631  stale=631  strid=631  tempo=645
  multi_range I32 N=  67108864 bins=     256 smem_cooperative_dynamic     conce=685  conce=641  conce=638  conce=635  conce=626  hash_=639  poiso=683  power=643  power=633  sawto=620  sawto=617  stale=626  stale=626  strid=626  tempo=641
  multi_range I32 N=  67108864 bins=     512 smem_dynamic                 conce=2612  conce=1128  conce=1139  conce=1180  conce=1197  hash_=1141  poiso=2606  power=1138  power=1181  sawto=1206  sawto=1201  stale=1199  stale=1199  strid=1201  tempo=1127
  multi_range I32 N=  67108864 bins=     512 smem_cooperative_dynamic     conce=2578  conce=1120  conce=1130  conce=1166  conce=1183  hash_=1136  poiso=2574  power=1128  power=1164  sawto=1193  sawto=1187  stale=1182  stale=1184  strid=1187  tempo=1124
  queried input cache: cub.bench.histogram.multi.range.base I32 N=268435456 -> S=1024
  multi_range I32 N= 268435456 bins=       8 smem_static                  conce=1446  conce=1076  conce=1080  conce=1088  conce=1090  hash_=1085  poiso=1445  power=1170  power=1086  sawto=1106  sawto=1106  stale=1090  stale=1090  strid=1106  tempo=1120
  multi_range I32 N= 268435456 bins=       8 smem_cooperative_static      conce=1442  conce=1074  conce=1077  conce=1086  conce=1087  hash_=1082  poiso=1441  power=1168  power=1084  sawto=1103  sawto=1103  stale=1087  stale=1087  strid=1103  tempo=1118
  multi_range I32 N= 268435456 bins=       8 smem_dynamic                 conce=1334  conce=1006  conce=1004  conce=1019  conce=1027  hash_=1022  poiso=1332  power=1082  power=1015  sawto=1042  sawto=1042  stale=1027  stale=1027  strid=1042  tempo=1048
  multi_range I32 N= 268435456 bins=       8 smem_cooperative_dynamic     conce=1332  conce=1004  conce=1003  conce=1018  conce=1026  hash_=1021  poiso=1331  power=1080  power=1014  sawto=1041  sawto=1041  stale=1026  stale=1026  strid=1040  tempo=1047
  multi_range I32 N= 268435456 bins=      16 smem_static                  conce=1185  conce=1093  conce=1000  conce=936  conce=934  hash_=1018  poiso=1185  power=928  power=931  sawto=943  sawto=944  stale=933  stale=934  strid=943  tempo=992
  multi_range I32 N= 268435456 bins=      16 smem_cooperative_static      conce=1181  conce=1090  conce=997  conce=933  conce=930  hash_=1015  poiso=1181  power=925  power=928  sawto=941  sawto=941  stale=930  stale=930  strid=941  tempo=989
  multi_range I32 N= 268435456 bins=      16 smem_dynamic                 conce=1137  conce=1020  conce=947  conce=901  conce=900  hash_=969  poiso=1135  power=894  power=896  sawto=910  sawto=910  stale=900  stale=900  strid=910  tempo=947
  multi_range I32 N= 268435456 bins=      16 smem_cooperative_dynamic     conce=1135  conce=1018  conce=946  conce=900  conce=900  hash_=968  poiso=1134  power=893  power=895  sawto=909  sawto=909  stale=900  stale=900  strid=909  tempo=947
  multi_range I32 N= 268435456 bins=      32 smem_static                  conce=1003  conce=929  conce=856  conce=822  conce=822  hash_=905  poiso=1003  power=934  power=857  sawto=822  sawto=822  stale=822  stale=822  strid=822  tempo=903
  multi_range I32 N= 268435456 bins=      32 smem_cooperative_static      conce=999  conce=926  conce=853  conce=820  conce=819  hash_=903  poiso=999  power=931  power=855  sawto=819  sawto=819  stale=819  stale=819  strid=819  tempo=901
  multi_range I32 N= 268435456 bins=      32 smem_dynamic                 conce=988  conce=892  conce=833  conce=806  conce=806  hash_=877  poiso=986  power=899  power=836  sawto=807  sawto=807  stale=806  stale=806  strid=807  tempo=875
  multi_range I32 N= 268435456 bins=      32 smem_cooperative_dynamic     conce=987  conce=891  conce=833  conce=805  conce=805  hash_=877  poiso=985  power=899  power=835  sawto=807  sawto=807  stale=805  stale=805  strid=807  tempo=875
  multi_range I32 N= 268435456 bins=      64 smem_static                  conce=868  conce=756  conce=734  conce=729  conce=745  hash_=807  poiso=868  power=806  power=747  sawto=728  sawto=728  stale=746  stale=745  strid=728  tempo=805
  multi_range I32 N= 268435456 bins=      64 smem_cooperative_static      conce=864  conce=753  conce=731  conce=727  conce=743  hash_=804  poiso=864  power=804  power=744  sawto=725  sawto=726  stale=743  stale=743  strid=725  tempo=803
  multi_range I32 N= 268435456 bins=      64 smem_dynamic                 conce=870  conce=748  conce=728  conce=725  conce=741  hash_=794  poiso=869  power=792  power=740  sawto=726  sawto=726  stale=740  stale=740  strid=725  tempo=793
  multi_range I32 N= 268435456 bins=      64 smem_cooperative_dynamic     conce=869  conce=747  conce=727  conce=724  conce=740  hash_=793  poiso=868  power=792  power=739  sawto=725  sawto=725  stale=740  stale=740  strid=725  tempo=792
  multi_range I32 N= 268435456 bins=     128 smem_static                  conce=765  conce=719  conce=702  conce=687  conce=688  hash_=722  poiso=764  power=729  power=713  sawto=677  sawto=669  stale=688  stale=688  strid=675  tempo=722
  multi_range I32 N= 268435456 bins=     128 smem_cooperative_static      conce=761  conce=716  conce=700  conce=685  conce=685  hash_=719  poiso=761  power=726  power=711  sawto=674  sawto=666  stale=686  stale=686  strid=672  tempo=719
  multi_range I32 N= 268435456 bins=     128 smem_dynamic                 conce=777  conce=715  conce=700  conce=687  conce=689  hash_=720  poiso=775  power=724  power=711  sawto=679  sawto=673  stale=689  stale=689  strid=679  tempo=719
  multi_range I32 N= 268435456 bins=     128 smem_cooperative_dynamic     conce=776  conce=715  conce=699  conce=686  conce=689  hash_=719  poiso=774  power=724  power=710  sawto=679  sawto=672  stale=688  stale=688  strid=679  tempo=718
  multi_range I32 N= 268435456 bins=     256 smem_static                  conce=683  conce=652  conce=650  conce=646  conce=635  hash_=651  poiso=683  power=654  power=644  sawto=624  sawto=625  stale=636  stale=635  strid=634  tempo=650
  multi_range I32 N= 268435456 bins=     256 smem_cooperative_static      conce=680  conce=650  conce=648  conce=643  conce=633  hash_=648  poiso=679  power=651  power=641  sawto=622  sawto=623  stale=633  stale=633  strid=631  tempo=648
  multi_range I32 N= 268435456 bins=     256 smem_dynamic                 conce=702  conce=656  conce=653  conce=649  conce=640  hash_=655  poiso=700  power=658  power=648  sawto=633  sawto=631  stale=641  stale=641  strid=641  tempo=655
  multi_range I32 N= 268435456 bins=     256 smem_cooperative_dynamic     conce=701  conce=655  conce=653  conce=649  conce=640  hash_=655  poiso=699  power=658  power=647  sawto=633  sawto=630  stale=640  stale=640  strid=640  tempo=654
  multi_range I32 N= 268435456 bins=     512 smem_dynamic                 conce=2779  conce=1156  conce=1170  conce=1207  conce=1225  hash_=1158  poiso=2776  power=1166  power=1207  sawto=1232  sawto=1227  stale=1225  stale=1226  strid=1226  tempo=1157
  multi_range I32 N= 268435456 bins=     512 smem_cooperative_dynamic     conce=2741  conce=1152  conce=1165  conce=1198  conce=1215  hash_=1150  poiso=2738  power=1163  power=1199  sawto=1222  sawto=1217  stale=1214  stale=1215  strid=1217  tempo=1151
Traceback (most recent call last):
  File "/home/shadeform/cccl-cooperative-direct-output-smem/cub/benchmarks/bench/histogram/histogram_algo_sweep.py", line 862, in <module>
    main()
  File "/home/shadeform/cccl-cooperative-direct-output-smem/cub/benchmarks/bench/histogram/histogram_algo_sweep.py", line 666, in main
    cache_slots = args.generator_cache_slots or query_cache_slots_for_cell(
                                                ^^^^^^^^^^^^^^^^^^^^^^^^^^^
  File "/home/shadeform/cccl-cooperative-direct-output-smem/cub/benchmarks/bench/histogram/histogram_algo_sweep.py", line 398, in query_cache_slots_for_cell
    raise RuntimeError(
RuntimeError: cache-slot query failed for cub.bench.histogram.multi.range.base I32 N=1073741824: exit=0, slots=[], stderr=
!! multi_range produced no JSON; skipping
=== [14:12:28] DONE: autocuda/results/cooperative-direct-output-smem-c32 ===
