main baseline: comparing shapes ['concentrated:0.0', 'concentrated:0.25', 'concentrated:0.5', 'concentrated:0.75', 'concentrated:1.0', 'hash_synonym', 'poison', 'powerlaw:0.25', 'powerlaw:0.75', 'sawtooth', 'sawtooth:8192:2654435761:1', 'stale_resident:0.25', 'stale_resident:0.5', 'strided_sweep', 'temporal_phases:0.10']
  queried input cache: cub.bench.histogram.multi.even.base I32 N=1048576 -> S=1024
  multi_even  I32 N=   1048576 bins=       8 smem_static                  conce=704  conce=739  conce=815  conce=854  conce=940  hash_=696  poiso=683  power=728  power=847  sawto=940  sawto=937  stale=913  stale=930  strid=922  tempo=719
  multi_even  I32 N=   1048576 bins=       8 smem_cooperative_static      conce=671  conce=723  conce=768  conce=857  conce=866  hash_=672  poiso=667  power=684  power=783  sawto=880  sawto=878  stale=875  stale=878  strid=862  tempo=681
  multi_even  I32 N=   1048576 bins=       8 smem_dynamic                 conce=677  conce=664  conce=714  conce=772  conce=851  hash_=652  poiso=679  power=662  power=737  sawto=855  sawto=853  stale=842  stale=855  strid=820  tempo=669
  multi_even  I32 N=   1048576 bins=       8 smem_cooperative_dynamic     conce=667  conce=665  conce=673  conce=753  conce=825  hash_=657  poiso=663  power=662  power=728  sawto=806  sawto=805  stale=853  stale=854  strid=769  tempo=663
  multi_even  I32 N=   1048576 bins=      16 smem_static                  conce=705  conce=740  conce=838  conce=897  conce=941  hash_=699  poiso=682  power=729  power=855  sawto=945  sawto=941  stale=913  stale=931  strid=926  tempo=720
  multi_even  I32 N=   1048576 bins=      16 smem_cooperative_static      conce=669  conce=744  conce=789  conce=863  conce=864  hash_=667  poiso=667  power=699  power=857  sawto=875  sawto=875  stale=874  stale=877  strid=861  tempo=677
  multi_even  I32 N=   1048576 bins=      16 smem_dynamic                 conce=683  conce=678  conce=729  conce=799  conce=911  hash_=654  poiso=679  power=665  power=783  sawto=888  sawto=894  stale=890  stale=884  strid=879  tempo=670
  multi_even  I32 N=   1048576 bins=      16 smem_cooperative_dynamic     conce=667  conce=665  conce=727  conce=759  conce=854  hash_=653  poiso=664  power=662  power=754  sawto=869  sawto=870  stale=864  stale=869  strid=852  tempo=663
  multi_even  I32 N=   1048576 bins=      32 smem_static                  conce=711  conce=776  conce=851  conce=909  conce=946  hash_=702  poiso=686  power=731  power=895  sawto=951  sawto=947  stale=924  stale=943  strid=930  tempo=721
  multi_even  I32 N=   1048576 bins=      32 smem_cooperative_static      conce=670  conce=748  conce=840  conce=871  conce=870  hash_=670  poiso=668  power=738  power=860  sawto=879  sawto=880  stale=880  stale=882  strid=864  tempo=684
  multi_even  I32 N=   1048576 bins=      32 smem_dynamic                 conce=695  conce=693  conce=756  conce=835  conce=927  hash_=662  poiso=682  power=700  power=812  sawto=908  sawto=911  stale=909  stale=908  strid=899  tempo=674
  multi_even  I32 N=   1048576 bins=      32 smem_cooperative_dynamic     conce=669  conce=667  conce=748  conce=814  conce=859  hash_=658  poiso=665  power=660  power=764  sawto=870  sawto=869  stale=869  stale=870  strid=856  tempo=664
  multi_even  I32 N=   1048576 bins=      64 smem_static                  conce=713  conce=733  conce=822  conce=914  conce=947  hash_=699  poiso=686  power=753  power=911  sawto=948  sawto=945  stale=927  stale=942  strid=933  tempo=719
  multi_even  I32 N=   1048576 bins=      64 smem_cooperative_static      conce=672  conce=728  conce=774  conce=862  conce=870  hash_=671  poiso=669  power=743  power=863  sawto=882  sawto=884  stale=881  stale=882  strid=866  tempo=686
  multi_even  I32 N=   1048576 bins=      64 smem_dynamic                 conce=695  conce=687  conce=726  conce=836  conce=927  hash_=656  poiso=684  power=704  power=836  sawto=904  sawto=911  stale=909  stale=907  strid=896  tempo=672
  multi_even  I32 N=   1048576 bins=      64 smem_cooperative_dynamic     conce=668  conce=666  conce=707  conce=787  conce=858  hash_=659  poiso=666  power=665  power=789  sawto=869  sawto=871  stale=869  stale=871  strid=857  tempo=665
  multi_even  I32 N=   1048576 bins=     128 smem_static                  conce=708  conce=740  conce=819  conce=889  conce=944  hash_=694  poiso=685  power=777  power=899  sawto=942  sawto=939  stale=920  stale=938  strid=923  tempo=717
  multi_even  I32 N=   1048576 bins=     128 smem_cooperative_static      conce=670  conce=734  conce=763  conce=866  conce=864  hash_=667  poiso=669  power=750  power=870  sawto=875  sawto=875  stale=872  stale=879  strid=861  tempo=675
  multi_even  I32 N=   1048576 bins=     128 smem_dynamic                 conce=693  conce=690  conce=721  conce=834  conce=929  hash_=654  poiso=682  power=703  power=840  sawto=897  sawto=902  stale=909  stale=905  strid=887  tempo=671
  multi_even  I32 N=   1048576 bins=     128 smem_cooperative_dynamic     conce=669  conce=662  conce=698  conce=775  conce=858  hash_=654  poiso=664  power=669  power=840  sawto=870  sawto=870  stale=867  stale=871  strid=854  tempo=657
  multi_even  I32 N=   1048576 bins=     256 smem_static                  conce=711  conce=783  conce=830  conce=901  conce=935  hash_=693  poiso=685  power=798  power=908  sawto=917  sawto=921  stale=913  stale=912  strid=904  tempo=710
  multi_even  I32 N=   1048576 bins=     256 smem_cooperative_static      conce=670  conce=754  conce=838  conce=866  conce=861  hash_=666  poiso=669  power=751  power=867  sawto=872  sawto=874  stale=870  stale=871  strid=860  tempo=673
  multi_even  I32 N=   1048576 bins=     256 smem_dynamic                 conce=679  conce=686  conce=760  conce=848  conce=902  hash_=646  poiso=680  power=693  power=850  sawto=875  sawto=877  stale=891  stale=879  strid=861  tempo=668
  multi_even  I32 N=   1048576 bins=     256 smem_cooperative_dynamic     conce=669  conce=672  conce=747  conce=841  conce=856  hash_=653  poiso=662  power=677  power=852  sawto=868  sawto=869  stale=857  stale=871  strid=844  tempo=657
  multi_even  I32 N=   1048576 bins=     512 smem_dynamic                 conce=673  conce=684  conce=755  conce=848  conce=892  hash_=641  poiso=676  power=695  power=850  sawto=871  sawto=870  stale=875  stale=870  strid=845  tempo=664
  multi_even  I32 N=   1048576 bins=     512 smem_cooperative_dynamic     conce=667  conce=667  conce=749  conce=837  conce=853  hash_=658  poiso=665  power=675  power=848  sawto=866  sawto=865  stale=863  stale=868  strid=850  tempo=664
  queried input cache: cub.bench.histogram.multi.even.base I32 N=16777216 -> S=1024
  multi_even  I32 N=  16777216 bins=       8 smem_static                  conce=1486  conce=1688  conce=2091  conce=2545  conce=3047  hash_=1528  poiso=1485  power=1586  power=2261  sawto=3011  sawto=3020  stale=3043  stale=3048  strid=2999  tempo=1536
  multi_even  I32 N=  16777216 bins=       8 smem_cooperative_static      conce=1485  conce=1679  conce=2085  conce=2520  conce=3008  hash_=1529  poiso=1485  power=1584  power=2254  sawto=2989  sawto=2992  stale=3009  stale=3014  strid=2977  tempo=1534
  multi_even  I32 N=  16777216 bins=       8 smem_dynamic                 conce=1451  conce=1415  conce=1582  conce=1852  conce=2391  hash_=1412  poiso=1448  power=1412  power=1707  sawto=2191  sawto=2188  stale=2386  stale=2388  strid=2181  tempo=1416
  multi_even  I32 N=  16777216 bins=       8 smem_cooperative_dynamic     conce=1442  conce=1417  conce=1578  conce=1847  conce=2370  hash_=1414  poiso=1442  power=1415  power=1708  sawto=2189  sawto=2188  stale=2374  stale=2375  strid=2175  tempo=1416
  multi_even  I32 N=  16777216 bins=      16 smem_static                  conce=1486  conce=1741  conce=2282  conce=2802  conce=3060  hash_=1538  poiso=1485  power=1644  power=2525  sawto=3082  sawto=3082  stale=3059  stale=3063  strid=3061  tempo=1544
  multi_even  I32 N=  16777216 bins=      16 smem_cooperative_static      conce=1485  conce=1739  conce=2265  conce=2796  conce=3025  hash_=1534  poiso=1485  power=1643  power=2505  sawto=3063  sawto=3058  stale=3029  stale=3036  strid=3036  tempo=1537
  multi_even  I32 N=  16777216 bins=      16 smem_dynamic                 conce=1450  conce=1445  conce=1698  conce=2067  conce=2740  hash_=1416  poiso=1448  power=1431  power=1880  sawto=2854  sawto=2853  stale=2731  stale=2733  strid=2846  tempo=1420
  multi_even  I32 N=  16777216 bins=      16 smem_cooperative_dynamic     conce=1442  conce=1441  conce=1691  conce=2056  conce=2716  hash_=1415  poiso=1441  power=1423  power=1882  sawto=2820  sawto=2819  stale=2723  stale=2724  strid=2809  tempo=1418
  multi_even  I32 N=  16777216 bins=      32 smem_static                  conce=1487  conce=1816  conce=2386  conce=2987  conce=3070  hash_=1540  poiso=1485  power=1707  power=2752  sawto=3084  sawto=3083  stale=3070  stale=3074  strid=3065  tempo=1548
  multi_even  I32 N=  16777216 bins=      32 smem_cooperative_static      conce=1485  conce=1811  conce=2374  conce=2976  conce=3040  hash_=1536  poiso=1485  power=1705  power=2729  sawto=3067  sawto=3062  stale=3046  stale=3051  strid=3044  tempo=1540
  multi_even  I32 N=  16777216 bins=      32 smem_dynamic                 conce=1452  conce=1482  conce=1773  conce=2285  conce=2874  hash_=1420  poiso=1451  power=1453  power=2061  sawto=2943  sawto=2945  stale=2877  stale=2881  strid=2933  tempo=1423
  multi_even  I32 N=  16777216 bins=      32 smem_cooperative_dynamic     conce=1442  conce=1475  conce=1772  conce=2265  conce=2854  hash_=1416  poiso=1441  power=1444  power=2054  sawto=2910  sawto=2909  stale=2864  stale=2868  strid=2897  tempo=1419
  multi_even  I32 N=  16777216 bins=      64 smem_static                  conce=1486  conce=1681  conce=2128  conce=2845  conce=3075  hash_=1535  poiso=1486  power=1770  power=2845  sawto=3084  sawto=3083  stale=3072  stale=3075  strid=3061  tempo=1543
  multi_even  I32 N=  16777216 bins=      64 smem_cooperative_static      conce=1485  conce=1677  conce=2116  conce=2815  conce=3042  hash_=1534  poiso=1486  power=1769  power=2815  sawto=3064  sawto=3062  stale=3049  stale=3057  strid=3040  tempo=1537
  multi_even  I32 N=  16777216 bins=      64 smem_dynamic                 conce=1452  conce=1445  conce=1649  conce=2210  conce=2883  hash_=1416  poiso=1451  power=1476  power=2212  sawto=2940  sawto=2941  stale=2882  stale=2884  strid=2932  tempo=1420
  multi_even  I32 N=  16777216 bins=      64 smem_cooperative_dynamic     conce=1443  conce=1441  conce=1647  conce=2201  conce=2861  hash_=1415  poiso=1441  power=1467  power=2203  sawto=2907  sawto=2906  stale=2870  stale=2874  strid=2896  tempo=1417
  multi_even  I32 N=  16777216 bins=     128 smem_static                  conce=1486  conce=1695  conce=2094  conce=2746  conce=3071  hash_=1532  poiso=1485  power=1836  power=2936  sawto=3083  sawto=3081  stale=3071  stale=3078  strid=3061  tempo=1539
  multi_even  I32 N=  16777216 bins=     128 smem_cooperative_static      conce=1486  conce=1682  conce=2092  conce=2728  conce=3042  hash_=1532  poiso=1486  power=1831  power=2905  sawto=3061  sawto=3060  stale=3052  stale=3054  strid=3038  tempo=1536
  multi_even  I32 N=  16777216 bins=     128 smem_dynamic                 conce=1452  conce=1443  conce=1637  conce=2162  conce=2885  hash_=1414  poiso=1450  power=1502  power=2359  sawto=2935  sawto=2936  stale=2885  stale=2889  strid=2926  tempo=1419
  multi_even  I32 N=  16777216 bins=     128 smem_cooperative_dynamic     conce=1442  conce=1440  conce=1631  conce=2151  conce=2861  hash_=1414  poiso=1441  power=1495  power=2347  sawto=2906  sawto=2906  stale=2877  stale=2880  strid=2897  tempo=1417
  multi_even  I32 N=  16777216 bins=     256 smem_static                  conce=1487  conce=1882  conce=2425  conce=2959  conce=3070  hash_=1530  poiso=1486  power=1901  power=2990  sawto=3078  sawto=3078  stale=3068  stale=3073  strid=3059  tempo=1538
  multi_even  I32 N=  16777216 bins=     256 smem_cooperative_static      conce=1485  conce=1882  conce=2420  conce=2931  conce=3040  hash_=1531  poiso=1486  power=1889  power=2980  sawto=3060  sawto=3057  stale=3047  stale=3053  strid=3037  tempo=1535
  multi_even  I32 N=  16777216 bins=     256 smem_dynamic                 conce=1453  conce=1531  conce=1872  conce=2440  conce=2886  hash_=1412  poiso=1451  power=1529  power=2477  sawto=2933  sawto=2936  stale=2882  stale=2888  strid=2922  tempo=1418
  multi_even  I32 N=  16777216 bins=     256 smem_cooperative_dynamic     conce=1444  conce=1525  conce=1865  conce=2433  conce=2866  hash_=1414  poiso=1442  power=1532  power=2461  sawto=2907  sawto=2907  stale=2876  stale=2878  strid=2895  tempo=1417
  multi_even  I32 N=  16777216 bins=     512 smem_dynamic                 conce=1452  conce=1505  conce=1848  conce=2521  conce=2875  hash_=1410  poiso=1450  power=1560  power=2568  sawto=2923  sawto=2921  stale=2878  stale=2884  strid=2906  tempo=1416
  multi_even  I32 N=  16777216 bins=     512 smem_cooperative_dynamic     conce=1443  conce=1501  conce=1846  conce=2504  conce=2859  hash_=1414  poiso=1442  power=1560  power=2566  sawto=2901  sawto=2900  stale=2871  stale=2873  strid=2891  tempo=1416
  queried input cache: cub.bench.histogram.multi.even.base I32 N=67108864 -> S=1024
  multi_even  I32 N=  67108864 bins=       8 smem_static                  conce=1586  conce=1825  conce=2298  conce=2881  conce=3674  hash_=1643  poiso=1586  power=1704  power=2514  sawto=3560  sawto=3568  stale=3677  stale=3678  strid=3556  tempo=1646
  multi_even  I32 N=  67108864 bins=       8 smem_cooperative_static      conce=1585  conce=1824  conce=2296  conce=2876  conce=3665  hash_=1642  poiso=1584  power=1704  power=2511  sawto=3555  sawto=3564  stale=3671  stale=3672  strid=3548  tempo=1645
  multi_even  I32 N=  67108864 bins=       8 smem_dynamic                 conce=1545  conce=1511  conce=1698  conce=2023  conce=2692  hash_=1509  poiso=1545  power=1507  power=1849  sawto=2436  sawto=2437  stale=2692  stale=2696  strid=2432  tempo=1510
  multi_even  I32 N=  67108864 bins=       8 smem_cooperative_dynamic     conce=1544  conce=1510  conce=1698  conce=2022  conce=2687  hash_=1509  poiso=1543  power=1506  power=1847  sawto=2431  sawto=2433  stale=2693  stale=2695  strid=2431  tempo=1509
  multi_even  I32 N=  67108864 bins=      16 smem_static                  conce=1586  conce=1887  conce=2537  conce=3247  conce=3724  hash_=1651  poiso=1586  power=1773  power=2864  sawto=3756  sawto=3756  stale=3707  stale=3708  strid=3750  tempo=1654
  multi_even  I32 N=  67108864 bins=      16 smem_cooperative_static      conce=1585  conce=1884  conce=2533  conce=3245  conce=3712  hash_=1650  poiso=1584  power=1771  power=2860  sawto=3741  sawto=3742  stale=3695  stale=3697  strid=3734  tempo=1653
  multi_even  I32 N=  67108864 bins=      16 smem_dynamic                 conce=1546  conce=1545  conce=1834  conce=2289  conce=3163  hash_=1513  poiso=1545  power=1526  power=2057  sawto=3338  sawto=3337  stale=3164  stale=3164  strid=3334  tempo=1513
  multi_even  I32 N=  67108864 bins=      16 smem_cooperative_dynamic     conce=1544  conce=1543  conce=1834  conce=2285  conce=3154  hash_=1511  poiso=1543  power=1524  power=2055  sawto=3337  sawto=3333  stale=3160  stale=3162  strid=3328  tempo=1513
  multi_even  I32 N=  67108864 bins=      32 smem_static                  conce=1586  conce=1975  conce=2674  conce=3531  conce=3740  hash_=1655  poiso=1586  power=1846  power=3174  sawto=3753  sawto=3754  stale=3715  stale=3715  strid=3747  tempo=1658
  multi_even  I32 N=  67108864 bins=      32 smem_cooperative_static      conce=1586  conce=1973  conce=2673  conce=3526  conce=3734  hash_=1654  poiso=1585  power=1844  power=3170  sawto=3737  sawto=3735  stale=3702  stale=3704  strid=3731  tempo=1657
  multi_even  I32 N=  67108864 bins=      32 smem_dynamic                 conce=1546  conce=1581  conce=1926  conce=2558  conce=3379  hash_=1515  poiso=1545  power=1549  power=2280  sawto=3461  sawto=3461  stale=3381  stale=3382  strid=3454  tempo=1516
  multi_even  I32 N=  67108864 bins=      32 smem_cooperative_dynamic     conce=1544  conce=1581  conce=1924  conce=2555  conce=3368  hash_=1516  poiso=1544  power=1548  power=2279  sawto=3459  sawto=3458  stale=3375  stale=3378  strid=3452  tempo=1515
  multi_even  I32 N=  67108864 bins=      64 smem_static                  conce=1587  conce=1816  conce=2342  conce=3308  conce=3758  hash_=1650  poiso=1586  power=1920  power=3306  sawto=3755  sawto=3754  stale=3729  stale=3732  strid=3748  tempo=1653
  multi_even  I32 N=  67108864 bins=      64 smem_cooperative_static      conce=1586  conce=1816  conce=2341  conce=3306  conce=3748  hash_=1650  poiso=1585  power=1920  power=3304  sawto=3743  sawto=3737  stale=3720  stale=3720  strid=3734  tempo=1652
  multi_even  I32 N=  67108864 bins=      64 smem_dynamic                 conce=1546  conce=1545  conce=1778  conce=2467  conce=3394  hash_=1512  poiso=1545  power=1577  power=2473  sawto=3461  sawto=3461  stale=3397  stale=3396  strid=3454  tempo=1513
  multi_even  I32 N=  67108864 bins=      64 smem_cooperative_dynamic     conce=1545  conce=1543  conce=1777  conce=2466  conce=3387  hash_=1511  poiso=1543  power=1575  power=2469  sawto=3456  sawto=3455  stale=3397  stale=3395  strid=3449  tempo=1512
  multi_even  I32 N=  67108864 bins=     128 smem_static                  conce=1586  conce=1829  conce=2306  conce=3178  conce=3764  hash_=1647  poiso=1586  power=1996  power=3443  sawto=3751  sawto=3749  stale=3740  stale=3742  strid=3745  tempo=1651
  multi_even  I32 N=  67108864 bins=     128 smem_cooperative_static      conce=1585  conce=1828  conce=2305  conce=3175  conce=3755  hash_=1645  poiso=1585  power=1996  power=3439  sawto=3738  sawto=3738  stale=3728  stale=3730  strid=3730  tempo=1650
  multi_even  I32 N=  67108864 bins=     128 smem_dynamic                 conce=1546  conce=1540  conce=1762  conce=2410  conce=3403  hash_=1511  poiso=1545  power=1607  power=2652  sawto=3456  sawto=3454  stale=3405  stale=3405  strid=3452  tempo=1511
  multi_even  I32 N=  67108864 bins=     128 smem_cooperative_dynamic     conce=1544  conce=1540  conce=1762  conce=2409  conce=3397  hash_=1509  poiso=1543  power=1607  power=2650  sawto=3457  sawto=3451  stale=3400  stale=3403  strid=3447  tempo=1510
  multi_even  I32 N=  67108864 bins=     256 smem_static                  conce=1586  conce=2053  conce=2728  conce=3478  conce=3766  hash_=1647  poiso=1586  power=2072  power=3545  sawto=3751  sawto=3749  stale=3742  stale=3744  strid=3743  tempo=1650
  multi_even  I32 N=  67108864 bins=     256 smem_cooperative_static      conce=1586  conce=2051  conce=2727  conce=3474  conce=3757  hash_=1644  poiso=1584  power=2073  power=3542  sawto=3736  sawto=3736  stale=3734  stale=3735  strid=3731  tempo=1648
  multi_even  I32 N=  67108864 bins=     256 smem_dynamic                 conce=1547  conce=1639  conce=2044  conce=2774  conce=3410  hash_=1511  poiso=1546  power=1643  power=2816  sawto=3457  sawto=3454  stale=3411  stale=3417  strid=3451  tempo=1512
  multi_even  I32 N=  67108864 bins=     256 smem_cooperative_dynamic     conce=1547  conce=1638  conce=2043  conce=2771  conce=3403  hash_=1510  poiso=1546  power=1642  power=2815  sawto=3455  sawto=3452  stale=3409  stale=3410  strid=3447  tempo=1511
  multi_even  I32 N=  67108864 bins=     512 smem_dynamic                 conce=1547  conce=1612  conce=2026  conce=2894  conce=3411  hash_=1510  poiso=1546  power=1679  power=2954  sawto=3453  sawto=3451  stale=3413  stale=3415  strid=3447  tempo=1511
  multi_even  I32 N=  67108864 bins=     512 smem_cooperative_dynamic     conce=1546  conce=1610  conce=2024  conce=2889  conce=3404  hash_=1508  poiso=1546  power=1678  power=2949  sawto=3456  sawto=3453  stale=3411  stale=3410  strid=3447  tempo=1510
  queried input cache: cub.bench.histogram.multi.even.base I32 N=268435456 -> S=1024
  multi_even  I32 N= 268435456 bins=       8 smem_static                  conce=1612  conce=1865  conce=2364  conce=2988  conce=3914  hash_=1676  poiso=1613  power=1740  power=2591  sawto=3760  sawto=3771  stale=3911  stale=3913  strid=3754  tempo=1678
  multi_even  I32 N= 268435456 bins=       8 smem_cooperative_static      conce=1613  conce=1865  conce=2364  conce=2987  conce=3912  hash_=1675  poiso=1612  power=1740  power=2591  sawto=3757  sawto=3769  stale=3910  stale=3915  strid=3752  tempo=1678
  multi_even  I32 N= 268435456 bins=       8 smem_dynamic                 conce=1572  conce=1537  conce=1732  conce=2073  conce=2794  hash_=1536  poiso=1572  power=1533  power=1889  sawto=2513  sawto=2513  stale=2794  stale=2796  strid=2511  tempo=1535
  multi_even  I32 N= 268435456 bins=       8 smem_cooperative_dynamic     conce=1572  conce=1537  conce=1732  conce=2072  conce=2793  hash_=1536  poiso=1571  power=1533  power=1888  sawto=2513  sawto=2512  stale=2794  stale=2793  strid=2510  tempo=1535
  multi_even  I32 N= 268435456 bins=      16 smem_static                  conce=1613  conce=1930  conce=2617  conce=3402  conce=3976  hash_=1684  poiso=1613  power=1811  power=2969  sawto=4082  sawto=4082  stale=3981  stale=3979  strid=4083  tempo=1686
  multi_even  I32 N= 268435456 bins=      16 smem_cooperative_static      conce=1612  conce=1929  conce=2617  conce=3400  conce=3974  hash_=1684  poiso=1612  power=1811  power=2969  sawto=4082  sawto=4082  stale=3978  stale=3975  strid=4081  tempo=1686
  multi_even  I32 N= 268435456 bins=      16 smem_dynamic                 conce=1572  conce=1573  conce=1875  conce=2354  conce=3321  hash_=1540  poiso=1572  power=1552  power=2108  sawto=3515  sawto=3517  stale=3319  stale=3321  strid=3511  tempo=1539
  multi_even  I32 N= 268435456 bins=      16 smem_cooperative_dynamic     conce=1571  conce=1572  conce=1874  conce=2354  conce=3318  hash_=1539  poiso=1571  power=1552  power=2107  sawto=3516  sawto=3516  stale=3318  stale=3320  strid=3511  tempo=1539
  multi_even  I32 N= 268435456 bins=      32 smem_static                  conce=1613  conce=2023  conce=2765  conce=3731  conce=4004  hash_=1688  poiso=1613  power=1888  power=3319  sawto=4082  sawto=4079  stale=4007  stale=4006  strid=4083  tempo=1690
  multi_even  I32 N= 268435456 bins=      32 smem_cooperative_static      conce=1613  conce=2022  conce=2765  conce=3729  conce=4000  hash_=1688  poiso=1613  power=1887  power=3318  sawto=4078  sawto=4078  stale=4003  stale=4002  strid=4078  tempo=1690
  multi_even  I32 N= 268435456 bins=      32 smem_dynamic                 conce=1572  conce=1609  conce=1970  conce=2645  conce=3569  hash_=1542  poiso=1572  power=1576  power=2345  sawto=3657  sawto=3655  stale=3569  stale=3572  strid=3650  tempo=1542
  multi_even  I32 N= 268435456 bins=      32 smem_cooperative_dynamic     conce=1571  conce=1608  conce=1969  conce=2644  conce=3568  hash_=1541  poiso=1571  power=1576  power=2344  sawto=3655  sawto=3655  stale=3565  stale=3571  strid=3651  tempo=1541
  multi_even  I32 N= 268435456 bins=      64 smem_static                  conce=1613  conce=1856  conce=2411  conce=3472  conce=4033  hash_=1683  poiso=1612  power=1966  power=3465  sawto=4080  sawto=4085  stale=4034  stale=4033  strid=4081  tempo=1685
  multi_even  I32 N= 268435456 bins=      64 smem_cooperative_static      conce=1612  conce=1856  conce=2410  conce=3468  conce=4028  hash_=1682  poiso=1612  power=1966  power=3468  sawto=4080  sawto=4078  stale=4032  stale=4033  strid=4076  tempo=1685
  multi_even  I32 N= 268435456 bins=      64 smem_dynamic                 conce=1572  conce=1572  conce=1815  conce=2548  conce=3590  hash_=1539  poiso=1572  power=1605  power=2551  sawto=3658  sawto=3656  stale=3589  stale=3591  strid=3652  tempo=1538
  multi_even  I32 N= 268435456 bins=      64 smem_cooperative_dynamic     conce=1571  conce=1572  conce=1816  conce=2548  conce=3588  hash_=1538  poiso=1571  power=1605  power=2551  sawto=3656  sawto=3654  stale=3587  stale=3591  strid=3650  tempo=1538
  multi_even  I32 N= 268435456 bins=     128 smem_static                  conce=1613  conce=1871  conce=2373  conce=3325  conce=4048  hash_=1681  poiso=1613  power=2046  power=3627  sawto=4082  sawto=4079  stale=4049  stale=4050  strid=4080  tempo=1683
  multi_even  I32 N= 268435456 bins=     128 smem_cooperative_static      conce=1613  conce=1871  conce=2373  conce=3324  conce=4046  hash_=1680  poiso=1612  power=2046  power=3628  sawto=4079  sawto=4079  stale=4048  stale=4049  strid=4078  tempo=1683
  multi_even  I32 N= 268435456 bins=     128 smem_dynamic                 conce=1572  conce=1568  conce=1799  conce=2485  conce=3603  hash_=1537  poiso=1571  power=1637  power=2748  sawto=3656  sawto=3656  stale=3602  stale=3606  strid=3651  tempo=1537
  multi_even  I32 N= 268435456 bins=     128 smem_cooperative_dynamic     conce=1572  conce=1568  conce=1799  conce=2484  conce=3601  hash_=1537  poiso=1571  power=1637  power=2748  sawto=3656  sawto=3655  stale=3601  stale=3605  strid=3650  tempo=1537
  multi_even  I32 N= 268435456 bins=     256 smem_static                  conce=1613  conce=2106  conce=2827  conce=3672  conce=4052  hash_=1679  poiso=1613  power=2128  power=3754  sawto=4079  sawto=4082  stale=4053  stale=4055  strid=4078  tempo=1682
  multi_even  I32 N= 268435456 bins=     256 smem_cooperative_static      conce=1613  conce=2105  conce=2827  conce=3672  conce=4053  hash_=1679  poiso=1613  power=2127  power=3754  sawto=4079  sawto=4078  stale=4053  stale=4052  strid=4079  tempo=1681
  multi_even  I32 N= 268435456 bins=     256 smem_dynamic                 conce=1573  conce=1671  conce=2096  conce=2882  conce=3614  hash_=1538  poiso=1573  power=1674  power=2930  sawto=3657  sawto=3658  stale=3612  stale=3615  strid=3655  tempo=1537
  multi_even  I32 N= 268435456 bins=     256 smem_cooperative_dynamic     conce=1573  conce=1671  conce=2096  conce=2883  conce=3610  hash_=1537  poiso=1573  power=1674  power=2930  sawto=3656  sawto=3655  stale=3612  stale=3613  strid=3651  tempo=1537
  multi_even  I32 N= 268435456 bins=     512 smem_dynamic                 conce=1573  conce=1642  conce=2075  conce=3014  conce=3617  hash_=1537  poiso=1573  power=1712  power=3082  sawto=3656  sawto=3655  stale=3616  stale=3617  strid=3650  tempo=1537
  multi_even  I32 N= 268435456 bins=     512 smem_cooperative_dynamic     conce=1573  conce=1642  conce=2074  conce=3014  conce=3614  hash_=1537  poiso=1573  power=1712  power=3082  sawto=3653  sawto=3655  stale=3613  stale=3619  strid=3651  tempo=1537
  queried input cache: cub.bench.histogram.multi.even.base I32 N=1073741824 -> S=1024
  multi_even  I32 N=1073741824 bins=       8 smem_static                  DROP (ran=None)
  multi_even  I32 N=1073741824 bins=       8 smem_cooperative_static      DROP (ran=None)
  multi_even  I32 N=1073741824 bins=       8 smem_dynamic                 DROP (ran=None)
  multi_even  I32 N=1073741824 bins=       8 smem_cooperative_dynamic     DROP (ran=None)
  multi_even  I32 N=1073741824 bins=      16 smem_static                  DROP (ran=None)
  multi_even  I32 N=1073741824 bins=      16 smem_cooperative_static      DROP (ran=None)
  multi_even  I32 N=1073741824 bins=      16 smem_dynamic                 DROP (ran=None)
  multi_even  I32 N=1073741824 bins=      16 smem_cooperative_dynamic     DROP (ran=None)
  multi_even  I32 N=1073741824 bins=      32 smem_static                  DROP (ran=None)
  multi_even  I32 N=1073741824 bins=      32 smem_cooperative_static      DROP (ran=None)
  multi_even  I32 N=1073741824 bins=      32 smem_dynamic                 DROP (ran=None)
  multi_even  I32 N=1073741824 bins=      32 smem_cooperative_dynamic     DROP (ran=None)
  multi_even  I32 N=1073741824 bins=      64 smem_static                  DROP (ran=None)
  multi_even  I32 N=1073741824 bins=      64 smem_cooperative_static      DROP (ran=None)
  multi_even  I32 N=1073741824 bins=      64 smem_dynamic                 DROP (ran=None)
  multi_even  I32 N=1073741824 bins=      64 smem_cooperative_dynamic     DROP (ran=None)
  multi_even  I32 N=1073741824 bins=     128 smem_static                  DROP (ran=None)
  multi_even  I32 N=1073741824 bins=     128 smem_cooperative_static      DROP (ran=None)
  multi_even  I32 N=1073741824 bins=     128 smem_dynamic                 DROP (ran=None)
  multi_even  I32 N=1073741824 bins=     128 smem_cooperative_dynamic     DROP (ran=None)
  multi_even  I32 N=1073741824 bins=     256 smem_static                  DROP (ran=None)
  multi_even  I32 N=1073741824 bins=     256 smem_cooperative_static      DROP (ran=None)
  multi_even  I32 N=1073741824 bins=     256 smem_dynamic                 DROP (ran=None)
  multi_even  I32 N=1073741824 bins=     256 smem_cooperative_dynamic     DROP (ran=None)
  multi_even  I32 N=1073741824 bins=     512 smem_dynamic                 DROP (ran=None)
  multi_even  I32 N=1073741824 bins=     512 smem_cooperative_dynamic     DROP (ran=None)
  queried input cache: cub.bench.histogram.multi.even.base I32 N=2000000000 -> S=1024
  multi_even  I32 N=2000000000 bins=       8 smem_static                  DROP (ran=None)
  multi_even  I32 N=2000000000 bins=       8 smem_cooperative_static      DROP (ran=None)
  multi_even  I32 N=2000000000 bins=       8 smem_dynamic                 DROP (ran=None)
  multi_even  I32 N=2000000000 bins=       8 smem_cooperative_dynamic     DROP (ran=None)
  multi_even  I32 N=2000000000 bins=      16 smem_static                  DROP (ran=None)
  multi_even  I32 N=2000000000 bins=      16 smem_cooperative_static      DROP (ran=None)
  multi_even  I32 N=2000000000 bins=      16 smem_dynamic                 DROP (ran=None)
  multi_even  I32 N=2000000000 bins=      16 smem_cooperative_dynamic     DROP (ran=None)
  multi_even  I32 N=2000000000 bins=      32 smem_static                  DROP (ran=None)
  multi_even  I32 N=2000000000 bins=      32 smem_cooperative_static      DROP (ran=None)
  multi_even  I32 N=2000000000 bins=      32 smem_dynamic                 DROP (ran=None)
  multi_even  I32 N=2000000000 bins=      32 smem_cooperative_dynamic     DROP (ran=None)
  multi_even  I32 N=2000000000 bins=      64 smem_static                  DROP (ran=None)
  multi_even  I32 N=2000000000 bins=      64 smem_cooperative_static      DROP (ran=None)
  multi_even  I32 N=2000000000 bins=      64 smem_dynamic                 DROP (ran=None)
  multi_even  I32 N=2000000000 bins=      64 smem_cooperative_dynamic     DROP (ran=None)
  multi_even  I32 N=2000000000 bins=     128 smem_static                  DROP (ran=None)
  multi_even  I32 N=2000000000 bins=     128 smem_cooperative_static      DROP (ran=None)
  multi_even  I32 N=2000000000 bins=     128 smem_dynamic                 DROP (ran=None)
  multi_even  I32 N=2000000000 bins=     128 smem_cooperative_dynamic     DROP (ran=None)
  multi_even  I32 N=2000000000 bins=     256 smem_static                  DROP (ran=None)
  multi_even  I32 N=2000000000 bins=     256 smem_cooperative_static      DROP (ran=None)
  multi_even  I32 N=2000000000 bins=     256 smem_dynamic                 DROP (ran=None)
  multi_even  I32 N=2000000000 bins=     256 smem_cooperative_dynamic     DROP (ran=None)
  multi_even  I32 N=2000000000 bins=     512 smem_dynamic                 DROP (ran=None)
  multi_even  I32 N=2000000000 bins=     512 smem_cooperative_dynamic     DROP (ran=None)
  multi_even  I32 N=   1048576 bins=       8 main                              conce=453  conce=441  conce=408  conce=397  conce=409  hash_=417  poiso=452  power=397  power=397  sawto=411  sawto=419  stale=398  stale=393  strid=417  tempo=455
  multi_even  I32 N=   1048576 bins=      16 main                              conce=453  conce=441  conce=418  conce=397  conce=410  hash_=419  poiso=450  power=449  power=416  sawto=420  sawto=419  stale=397  stale=398  strid=409  tempo=455
  multi_even  I32 N=   1048576 bins=      32 main                              conce=454  conce=450  conce=421  conce=404  conce=412  hash_=438  poiso=453  power=449  power=415  sawto=420  sawto=420  stale=401  stale=408  strid=410  tempo=455
  multi_even  I32 N=   1048576 bins=      64 main                              conce=453  conce=441  conce=426  conce=417  conce=422  hash_=441  poiso=453  power=450  power=431  sawto=420  sawto=419  stale=418  stale=418  strid=409  tempo=455
  multi_even  I32 N=   1048576 bins=     128 main                              conce=453  conce=441  conce=438  conce=423  conce=440  hash_=450  poiso=450  power=450  power=430  sawto=420  sawto=418  stale=426  stale=423  strid=418  tempo=455
  multi_even  I32 N=   1048576 bins=     256 main                              conce=453  conce=441  conce=441  conce=427  conce=443  hash_=449  poiso=449  power=449  power=427  sawto=426  sawto=428  stale=429  stale=438  strid=426  tempo=455
  multi_even  I32 N=   1048576 bins=     512 main                              conce=412  conce=346  conce=327  conce=336  conce=362  hash_=382  poiso=411  power=377  power=369  sawto=321  sawto=321  stale=348  stale=349  strid=374  tempo=410
  multi_even  I32 N=  16777216 bins=       8 main                              conce=744  conce=717  conce=624  conce=601  conce=602  hash_=648  poiso=744  power=603  power=600  sawto=643  sawto=643  stale=600  stale=601  strid=642  tempo=745
  multi_even  I32 N=  16777216 bins=      16 main                              conce=744  conce=717  conce=650  conce=606  conce=604  hash_=675  poiso=744  power=712  power=631  sawto=643  sawto=642  stale=603  stale=603  strid=642  tempo=745
  multi_even  I32 N=  16777216 bins=      32 main                              conce=745  conce=716  conce=667  conce=619  conce=616  hash_=695  poiso=745  power=707  power=631  sawto=643  sawto=643  stale=616  stale=615  strid=642  tempo=745
  multi_even  I32 N=  16777216 bins=      64 main                              conce=745  conce=710  conce=677  conce=640  conce=644  hash_=706  poiso=744  power=718  power=690  sawto=643  sawto=643  stale=641  stale=642  strid=642  tempo=745
  multi_even  I32 N=  16777216 bins=     128 main                              conce=745  conce=711  conce=691  conce=669  conce=673  hash_=712  poiso=744  power=718  power=691  sawto=643  sawto=643  stale=670  stale=671  strid=642  tempo=745
  multi_even  I32 N=  16777216 bins=     256 main                              conce=744  conce=717  conce=710  conce=695  conce=697  hash_=715  poiso=744  power=717  power=692  sawto=678  sawto=682  stale=695  stale=695  strid=677  tempo=745
  multi_even  I32 N=  16777216 bins=     512 main                              conce=690  conce=493  conce=454  conce=541  conce=650  hash_=659  poiso=689  power=658  power=644  sawto=560  sawto=563  stale=651  stale=622  strid=649  tempo=690
  multi_even  I32 N=  67108864 bins=       8 main                              conce=773  conce=745  conce=646  conce=621  conce=621  hash_=672  poiso=773  power=624  power=621  sawto=665  sawto=665  stale=621  stale=621  strid=664  tempo=773
  multi_even  I32 N=  67108864 bins=      16 main                              conce=773  conce=745  conce=673  conce=627  conce=623  hash_=700  poiso=773  power=740  power=653  sawto=665  sawto=665  stale=623  stale=623  strid=664  tempo=773
  multi_even  I32 N=  67108864 bins=      32 main                              conce=774  conce=744  conce=692  conce=640  conce=637  hash_=721  poiso=773  power=734  power=653  sawto=665  sawto=665  stale=637  stale=637  strid=664  tempo=773
  multi_even  I32 N=  67108864 bins=      64 main                              conce=773  conce=737  conce=702  conce=663  conce=666  hash_=733  poiso=773  power=746  power=717  sawto=665  sawto=666  stale=666  stale=666  strid=665  tempo=774
  multi_even  I32 N=  67108864 bins=     128 main                              conce=773  conce=739  conce=718  conce=694  conce=698  hash_=740  poiso=773  power=745  power=717  sawto=665  sawto=665  stale=698  stale=697  strid=665  tempo=774
  multi_even  I32 N=  67108864 bins=     256 main                              conce=773  conce=745  conce=737  conce=722  conce=721  hash_=743  poiso=773  power=745  power=719  sawto=702  sawto=708  stale=722  stale=722  strid=702  tempo=774
  multi_even  I32 N=  67108864 bins=     512 main                              conce=724  conce=497  conce=460  conce=557  conce=677  hash_=692  poiso=724  power=692  power=676  sawto=579  sawto=582  stale=682  stale=641  strid=680  tempo=725
  multi_even  I32 N= 268435456 bins=       8 main                              conce=758  conce=732  conce=633  conce=605  conce=604  hash_=660  poiso=757  power=608  power=605  sawto=652  sawto=652  stale=605  stale=605  strid=652  tempo=757
  multi_even  I32 N= 268435456 bins=      16 main                              conce=757  conce=731  conce=662  conce=611  conce=607  hash_=690  poiso=757  power=728  power=641  sawto=652  sawto=652  stale=607  stale=607  strid=653  tempo=757
  multi_even  I32 N= 268435456 bins=      32 main                              conce=757  conce=731  conce=681  conce=627  conce=623  hash_=711  poiso=758  power=723  power=640  sawto=653  sawto=652  stale=623  stale=623  strid=653  tempo=758
  multi_even  I32 N= 268435456 bins=      64 main                              conce=757  conce=725  conce=692  conce=651  conce=654  hash_=723  poiso=757  power=732  power=707  sawto=652  sawto=652  stale=654  stale=654  strid=653  tempo=757
  multi_even  I32 N= 268435456 bins=     128 main                              conce=757  conce=728  conce=708  conce=683  conce=687  hash_=728  poiso=757  power=731  power=707  sawto=653  sawto=652  stale=688  stale=688  strid=653  tempo=758
  multi_even  I32 N= 268435456 bins=     256 main                              conce=757  conce=731  conce=726  conce=713  conce=712  hash_=730  poiso=758  power=731  power=709  sawto=693  sawto=696  stale=712  stale=712  strid=692  tempo=757
  multi_even  I32 N= 268435456 bins=     512 main                              conce=750  conce=504  conce=504  conce=566  conce=690  hash_=710  poiso=750  power=709  power=689  sawto=611  sawto=550  stale=696  stale=697  strid=695  tempo=750
  multi_even  I32 N=1073741824 bins=       8 main                              conce=760  conce=733  conce=634  conce=606  conce=606  hash_=662  poiso=759  power=609  power=606  sawto=654  sawto=653  stale=606  stale=606  strid=654  tempo=760
  multi_even  I32 N=1073741824 bins=      16 main                              conce=759  conce=734  conce=663  conce=613  conce=609  hash_=692  poiso=759  power=730  power=642  sawto=654  sawto=653  stale=609  stale=609  strid=654  tempo=760
  multi_even  I32 N=1073741824 bins=      32 main                              conce=759  conce=733  conce=682  conce=629  conce=625  hash_=713  poiso=759  power=725  power=642  sawto=654  sawto=654  stale=625  stale=625  strid=654  tempo=759
  multi_even  I32 N=1073741824 bins=      64 main                              conce=759  conce=727  conce=693  conce=653  conce=656  hash_=724  poiso=759  power=734  power=708  sawto=654  sawto=654  stale=656  stale=656  strid=654  tempo=760
  multi_even  I32 N=1073741824 bins=     128 main                              conce=760  conce=729  conce=709  conce=685  conce=689  hash_=730  poiso=759  power=734  power=709  sawto=654  sawto=654  stale=689  stale=689  strid=654  tempo=759
  multi_even  I32 N=1073741824 bins=     256 main                              conce=760  conce=733  conce=728  conce=714  conce=714  hash_=732  poiso=759  power=733  power=711  sawto=694  sawto=698  stale=714  stale=714  strid=694  tempo=759
  multi_even  I32 N=1073741824 bins=     512 main                              conce=752  conce=502  conce=503  conce=568  conce=692  hash_=712  poiso=752  power=711  power=691  sawto=612  sawto=555  stale=698  stale=698  strid=697  tempo=752
  multi_even  I32 N=2000000000 bins=       8 main                              conce=760  conce=734  conce=634  conce=607  conce=606  hash_=663  poiso=760  power=609  power=606  sawto=654  sawto=653  stale=606  stale=606  strid=654  tempo=760
  multi_even  I32 N=2000000000 bins=      16 main                              conce=760  conce=734  conce=663  conce=613  conce=609  hash_=692  poiso=760  power=730  power=643  sawto=654  sawto=654  stale=609  stale=609  strid=654  tempo=760
  multi_even  I32 N=2000000000 bins=      32 main                              conce=760  conce=733  conce=683  conce=629  conce=625  hash_=713  poiso=760  power=725  power=643  sawto=655  sawto=654  stale=625  stale=625  strid=654  tempo=760
  multi_even  I32 N=2000000000 bins=      64 main                              conce=760  conce=727  conce=694  conce=653  conce=656  hash_=725  poiso=760  power=734  power=709  sawto=654  sawto=654  stale=656  stale=656  strid=654  tempo=760
  multi_even  I32 N=2000000000 bins=     128 main                              conce=760  conce=729  conce=710  conce=685  conce=690  hash_=731  poiso=760  power=734  power=709  sawto=654  sawto=654  stale=689  stale=689  strid=654  tempo=760
  multi_even  I32 N=2000000000 bins=     256 main                              conce=760  conce=734  conce=728  conce=714  conce=714  hash_=733  poiso=760  power=734  power=711  sawto=695  sawto=698  stale=715  stale=714  strid=694  tempo=760
  multi_even  I32 N=2000000000 bins=     512 main                              conce=752  conce=502  conce=502  conce=569  conce=691  hash_=712  poiso=752  power=712  power=692  sawto=613  sawto=532  stale=698  stale=698  strid=697  tempo=752
  queried input cache: cub.bench.histogram.multi.even.base F64 N=1048576 -> S=1024
  multi_even  F64 N=   1048576 bins=       8 smem_static                  conce=1518  conce=1514  conce=1521  conce=1541  conce=1567  hash_=1483  poiso=1514  power=1541  power=1539  sawto=1519  sawto=1522  stale=1551  stale=1529  strid=1495  tempo=1528
  multi_even  F64 N=   1048576 bins=       8 smem_cooperative_static      conce=1494  conce=1501  conce=1498  conce=1502  conce=1477  hash_=1481  poiso=1496  power=1494  power=1503  sawto=1498  sawto=1496  stale=1499  stale=1503  strid=1477  tempo=1499
  multi_even  F64 N=   1048576 bins=       8 smem_dynamic                 conce=916  conce=1041  conce=1190  conce=1339  conce=1479  hash_=948  poiso=917  power=991  power=1263  sawto=1497  sawto=1504  stale=1459  stale=1491  strid=1440  tempo=975
  multi_even  F64 N=   1048576 bins=       8 smem_cooperative_dynamic     conce=906  conce=990  conce=1177  conce=1320  conce=1407  hash_=908  poiso=906  power=981  power=1196  sawto=1482  sawto=1485  stale=1444  stale=1449  strid=1437  tempo=943
  multi_even  F64 N=   1048576 bins=      16 smem_static                  conce=1510  conce=1512  conce=1517  conce=1518  conce=1555  hash_=1492  poiso=1514  power=1516  power=1531  sawto=1513  sawto=1518  stale=1546  stale=1521  strid=1473  tempo=1525
  multi_even  F64 N=   1048576 bins=      16 smem_cooperative_static      conce=1495  conce=1500  conce=1499  conce=1501  conce=1480  hash_=1481  poiso=1497  power=1492  power=1502  sawto=1502  sawto=1500  stale=1501  stale=1504  strid=1477  tempo=1498
  multi_even  F64 N=   1048576 bins=      16 smem_dynamic                 conce=918  conce=1063  conce=1275  conce=1431  conce=1509  hash_=951  poiso=919  power=1019  power=1337  sawto=1501  sawto=1505  stale=1474  stale=1500  strid=1441  tempo=978
  multi_even  F64 N=   1048576 bins=      16 smem_cooperative_dynamic     conce=906  conce=1003  conce=1199  conce=1336  conce=1435  hash_=908  poiso=907  power=982  power=1311  sawto=1490  sawto=1492  stale=1480  stale=1481  strid=1455  tempo=957
  multi_even  F64 N=   1048576 bins=      32 smem_static                  conce=1525  conce=1532  conce=1528  conce=1532  conce=1563  hash_=1488  poiso=1531  power=1539  power=1537  sawto=1518  sawto=1522  stale=1553  stale=1530  strid=1490  tempo=1529
  multi_even  F64 N=   1048576 bins=      32 smem_cooperative_static      conce=1500  conce=1503  conce=1501  conce=1504  conce=1482  hash_=1482  poiso=1499  power=1498  power=1504  sawto=1500  sawto=1498  stale=1502  stale=1505  strid=1477  tempo=1501
  multi_even  F64 N=   1048576 bins=      32 smem_dynamic                 conce=924  conce=1090  conce=1309  conce=1476  conce=1536  hash_=953  poiso=922  power=1055  power=1432  sawto=1503  sawto=1511  stale=1511  stale=1505  strid=1450  tempo=980
  multi_even  F64 N=   1048576 bins=      32 smem_cooperative_dynamic     conce=908  conce=1078  conce=1223  conce=1380  conce=1458  hash_=909  poiso=908  power=998  power=1336  sawto=1496  sawto=1496  stale=1494  stale=1491  strid=1464  tempo=969
  multi_even  F64 N=   1048576 bins=      64 smem_static                  conce=1523  conce=1524  conce=1520  conce=1531  conce=1556  hash_=1483  poiso=1530  power=1533  power=1535  sawto=1517  sawto=1520  stale=1548  stale=1526  strid=1481  tempo=1527
  multi_even  F64 N=   1048576 bins=      64 smem_cooperative_static      conce=1500  conce=1504  conce=1502  conce=1504  conce=1481  hash_=1483  poiso=1501  power=1496  power=1502  sawto=1500  sawto=1499  stale=1502  stale=1504  strid=1481  tempo=1501
  multi_even  F64 N=   1048576 bins=      64 smem_dynamic                 conce=925  conce=1058  conce=1234  conce=1471  conce=1534  hash_=954  poiso=920  power=1077  power=1475  sawto=1504  sawto=1509  stale=1512  stale=1510  strid=1450  tempo=982
  multi_even  F64 N=   1048576 bins=      64 smem_cooperative_dynamic     conce=908  conce=992  conce=1189  conce=1351  conce=1456  hash_=910  poiso=908  power=1046  power=1348  sawto=1496  sawto=1496  stale=1491  stale=1491  strid=1461  tempo=968
  multi_even  F64 N=   1048576 bins=     128 smem_static                  conce=1528  conce=1507  conce=1511  conce=1513  conce=1552  hash_=1468  poiso=1525  power=1523  power=1527  sawto=1510  sawto=1514  stale=1541  stale=1519  strid=1468  tempo=1514
  multi_even  F64 N=   1048576 bins=     128 smem_cooperative_static      conce=1503  conce=1503  conce=1500  conce=1503  conce=1483  hash_=1480  poiso=1500  power=1480  power=1504  sawto=1503  sawto=1487  stale=1501  stale=1506  strid=1479  tempo=1500
  multi_even  F64 N=   1048576 bins=     128 smem_dynamic                 conce=923  conce=1067  conce=1230  conce=1467  conce=1528  hash_=952  poiso=921  power=1096  power=1479  sawto=1503  sawto=1508  stale=1505  stale=1508  strid=1447  tempo=980
  multi_even  F64 N=   1048576 bins=     128 smem_cooperative_dynamic     conce=909  conce=996  conce=1191  conce=1342  conce=1458  hash_=910  poiso=907  power=1076  power=1416  sawto=1496  sawto=1496  stale=1491  stale=1492  strid=1466  tempo=964
  multi_even  F64 N=   1048576 bins=     256 smem_static                  conce=1517  conce=1478  conce=1466  conce=1476  conce=1487  hash_=1435  poiso=1521  power=1512  power=1479  sawto=1496  sawto=1495  stale=1464  stale=1499  strid=1437  tempo=1464
  multi_even  F64 N=   1048576 bins=     256 smem_cooperative_static      conce=1499  conce=1491  conce=1446  conce=1431  conce=1459  hash_=1383  poiso=1498  power=1495  power=1471  sawto=1490  sawto=1493  stale=1489  stale=1490  strid=1455  tempo=1444
  multi_even  F64 N=   1048576 bins=     256 smem_dynamic                 conce=921  conce=1125  conce=1327  conce=1471  conce=1471  hash_=949  poiso=922  power=1137  power=1474  sawto=1496  sawto=1493  stale=1465  stale=1487  strid=1437  tempo=979
  multi_even  F64 N=   1048576 bins=     256 smem_cooperative_dynamic     conce=909  conce=1083  conce=1310  conce=1379  conce=1435  hash_=909  poiso=908  power=1083  power=1419  sawto=1481  sawto=1484  stale=1473  stale=1476  strid=1427  tempo=958
  multi_even  F64 N=   1048576 bins=     512 smem_dynamic                 conce=917  conce=1106  conce=1318  conce=1455  conce=1453  hash_=944  poiso=917  power=1147  power=1461  sawto=1494  sawto=1486  stale=1464  stale=1481  strid=1438  tempo=968
  multi_even  F64 N=   1048576 bins=     512 smem_cooperative_dynamic     conce=907  conce=1081  conce=1284  conce=1368  conce=1428  hash_=908  poiso=907  power=1091  power=1365  sawto=1477  sawto=1484  stale=1459  stale=1464  strid=1420  tempo=944
  queried input cache: cub.bench.histogram.multi.even.base F64 N=16777216 -> S=1024
  multi_even  F64 N=  16777216 bins=       8 smem_static                  conce=3589  conce=3589  conce=3589  conce=3589  conce=3555  hash_=3580  poiso=3583  power=3589  power=3589  sawto=3594  sawto=3592  stale=3590  stale=3592  strid=3582  tempo=3596
  multi_even  F64 N=  16777216 bins=       8 smem_cooperative_static      conce=3567  conce=3566  conce=3571  conce=3567  conce=3523  hash_=3563  poiso=3565  power=3568  power=3568  sawto=3572  sawto=3571  stale=3569  stale=3573  strid=3561  tempo=3577
  multi_even  F64 N=  16777216 bins=       8 smem_dynamic                 conce=1542  conce=1838  conce=2327  conce=2920  conce=3571  hash_=1650  poiso=1541  power=1715  power=2548  sawto=3547  sawto=3547  stale=3567  stale=3569  strid=3535  tempo=1656
  multi_even  F64 N=  16777216 bins=       8 smem_cooperative_dynamic     conce=1530  conce=1821  conce=2307  conce=2894  conce=3547  hash_=1639  poiso=1530  power=1702  power=2523  sawto=3537  sawto=3536  stale=3546  stale=3550  strid=3523  tempo=1642
  multi_even  F64 N=  16777216 bins=      16 smem_static                  conce=3589  conce=3587  conce=3589  conce=3590  conce=3551  hash_=3581  poiso=3585  power=3588  power=3590  sawto=3591  sawto=3590  stale=3588  stale=3592  strid=3581  tempo=3594
  multi_even  F64 N=  16777216 bins=      16 smem_cooperative_static      conce=3567  conce=3565  conce=3568  conce=3567  conce=3526  hash_=3560  poiso=3564  power=3571  power=3567  sawto=3573  sawto=3568  stale=3569  stale=3573  strid=3558  tempo=3575
  multi_even  F64 N=  16777216 bins=      16 smem_dynamic                 conce=1542  conce=1902  conce=2572  conce=3314  conce=3523  hash_=1661  poiso=1541  power=1786  power=2915  sawto=3556  sawto=3556  stale=3564  stale=3566  strid=3543  tempo=1665
  multi_even  F64 N=  16777216 bins=      16 smem_cooperative_dynamic     conce=1531  conce=1892  conce=2554  conce=3293  conce=3488  hash_=1644  poiso=1530  power=1771  power=2882  sawto=3541  sawto=3541  stale=3556  stale=3557  strid=3530  tempo=1654
  multi_even  F64 N=  16777216 bins=      32 smem_static                  conce=3593  conce=3591  conce=3594  conce=3590  conce=3552  hash_=3583  poiso=3590  power=3590  power=3591  sawto=3592  sawto=3593  stale=3590  stale=3591  strid=3582  tempo=3596
  multi_even  F64 N=  16777216 bins=      32 smem_cooperative_static      conce=3573  conce=3569  conce=3573  conce=3571  conce=3524  hash_=3564  poiso=3568  power=3571  power=3568  sawto=3573  sawto=3572  stale=3572  stale=3576  strid=3560  tempo=3578
  multi_even  F64 N=  16777216 bins=      32 smem_dynamic                 conce=1543  conce=1997  conce=2719  conce=3577  conce=3512  hash_=1665  poiso=1542  power=1863  power=3246  sawto=3569  sawto=3565  stale=3546  stale=3547  strid=3555  tempo=1669
  multi_even  F64 N=  16777216 bins=      32 smem_cooperative_dynamic     conce=1530  conce=1978  conce=2703  conce=3548  conce=3473  hash_=1651  poiso=1530  power=1848  power=3233  sawto=3547  sawto=3547  stale=3536  stale=3540  strid=3537  tempo=1656
  multi_even  F64 N=  16777216 bins=      64 smem_static                  conce=3593  conce=3586  conce=3588  conce=3582  conce=3546  hash_=3579  poiso=3590  power=3589  power=3584  sawto=3591  sawto=3592  stale=3580  stale=3584  strid=3581  tempo=3594
  multi_even  F64 N=  16777216 bins=      64 smem_cooperative_static      conce=3573  conce=3563  conce=3570  conce=3563  conce=3515  hash_=3564  poiso=3569  power=3570  power=3563  sawto=3572  sawto=3574  stale=3562  stale=3566  strid=3557  tempo=3576
  multi_even  F64 N=  16777216 bins=      64 smem_dynamic                 conce=1543  conce=1846  conce=2443  conce=3513  conce=3512  hash_=1664  poiso=1541  power=1941  power=3487  sawto=3567  sawto=3567  stale=3546  stale=3548  strid=3554  tempo=1669
  multi_even  F64 N=  16777216 bins=      64 smem_cooperative_dynamic     conce=1530  conce=1835  conce=2422  conce=3484  conce=3473  hash_=1651  poiso=1531  power=1925  power=3475  sawto=3548  sawto=3548  stale=3537  stale=3541  strid=3537  tempo=1656
  multi_even  F64 N=  16777216 bins=     128 smem_static                  conce=3593  conce=3581  conce=3582  conce=3572  conce=3536  hash_=3579  poiso=3587  power=3585  power=3578  sawto=3588  sawto=3587  stale=3567  stale=3571  strid=3578  tempo=3591
  multi_even  F64 N=  16777216 bins=     128 smem_cooperative_static      conce=3573  conce=3567  conce=3565  conce=3556  conce=3505  hash_=3561  poiso=3567  power=3567  power=3558  sawto=3571  sawto=3571  stale=3554  stale=3558  strid=3556  tempo=3577
  multi_even  F64 N=  16777216 bins=     128 smem_dynamic                 conce=1542  conce=1875  conce=2443  conce=3466  conce=3509  hash_=1665  poiso=1541  power=2021  power=3584  sawto=3563  sawto=3562  stale=3542  stale=3546  strid=3554  tempo=1669
  multi_even  F64 N=  16777216 bins=     128 smem_cooperative_dynamic     conce=1531  conce=1858  conce=2422  conce=3438  conce=3470  hash_=1650  poiso=1531  power=2004  power=3560  sawto=3549  sawto=3548  stale=3536  stale=3537  strid=3537  tempo=1656
  multi_even  F64 N=  16777216 bins=     256 smem_static                  conce=3589  conce=3581  conce=3578  conce=3566  conce=3530  hash_=3575  poiso=3586  power=3580  power=3573  sawto=3588  sawto=3586  stale=3561  stale=3567  strid=3577  tempo=3588
  multi_even  F64 N=  16777216 bins=     256 smem_cooperative_static      conce=3573  conce=3563  conce=3562  conce=3554  conce=3494  hash_=3559  poiso=3571  power=3567  power=3556  sawto=3569  sawto=3570  stale=3550  stale=3553  strid=3556  tempo=3573
  multi_even  F64 N=  16777216 bins=     256 smem_dynamic                 conce=1543  conce=2111  conce=2923  conce=3566  conce=3510  hash_=1665  poiso=1543  power=2106  power=3570  sawto=3564  sawto=3562  stale=3542  stale=3545  strid=3551  tempo=1670
  multi_even  F64 N=  16777216 bins=     256 smem_cooperative_dynamic     conce=1531  conce=2092  conce=2913  conce=3548  conce=3469  hash_=1653  poiso=1531  power=2091  power=3551  sawto=3546  sawto=3545  stale=3534  stale=3536  strid=3536  tempo=1657
  multi_even  F64 N=  16777216 bins=     512 smem_dynamic                 conce=1543  conce=2075  conce=2913  conce=3574  conce=3505  hash_=1664  poiso=1541  power=2189  power=3582  sawto=3556  sawto=3556  stale=3539  stale=3542  strid=3544  tempo=1668
  multi_even  F64 N=  16777216 bins=     512 smem_cooperative_dynamic     conce=1530  conce=2064  conce=2893  conce=3559  conce=3467  hash_=1650  poiso=1531  power=2174  power=3562  sawto=3544  sawto=3542  stale=3532  stale=3533  strid=3533  tempo=1657
  queried input cache: cub.bench.histogram.multi.even.base F64 N=67108864 -> S=1024
  multi_even  F64 N=  67108864 bins=       8 smem_static                  conce=4477  conce=4473  conce=4475  conce=4476  conce=4492  hash_=4472  poiso=4472  power=4473  power=4473  sawto=4479  sawto=4474  stale=4475  stale=4474  strid=4473  tempo=4476
  multi_even  F64 N=  67108864 bins=       8 smem_cooperative_static      conce=4492  conce=4491  conce=4499  conce=4489  conce=4490  hash_=4489  poiso=4489  power=4490  power=4494  sawto=4493  sawto=4491  stale=4492  stale=4496  strid=4490  tempo=4495
  multi_even  F64 N=  67108864 bins=       8 smem_dynamic                 conce=1589  conce=1909  conce=2439  conce=3108  conce=4192  hash_=1707  poiso=1589  power=1776  power=2685  sawto=4540  sawto=4539  stale=4184  stale=4184  strid=4536  tempo=1710
  multi_even  F64 N=  67108864 bins=       8 smem_cooperative_dynamic     conce=1589  conce=1908  conce=2437  conce=3108  conce=4186  hash_=1706  poiso=1588  power=1775  power=2683  sawto=4533  sawto=4533  stale=4179  stale=4180  strid=4529  tempo=1709
  multi_even  F64 N=  67108864 bins=      16 smem_static                  conce=4479  conce=4473  conce=4474  conce=4474  conce=4489  hash_=4473  poiso=4475  power=4475  power=4463  sawto=4476  sawto=4476  stale=4475  stale=4472  strid=4466  tempo=4475
  multi_even  F64 N=  67108864 bins=      16 smem_cooperative_static      conce=4494  conce=4493  conce=4491  conce=4494  conce=4487  hash_=4487  poiso=4494  power=4494  power=4493  sawto=4493  sawto=4494  stale=4496  stale=4490  strid=4487  tempo=4493
  multi_even  F64 N=  67108864 bins=      16 smem_dynamic                 conce=1589  conce=1978  conce=2712  conce=3580  conce=4511  hash_=1715  poiso=1589  power=1852  power=3094  sawto=4496  sawto=4491  stale=4551  stale=4553  strid=4490  tempo=1720
  multi_even  F64 N=  67108864 bins=      16 smem_cooperative_dynamic     conce=1589  conce=1977  conce=2710  conce=3580  conce=4503  hash_=1716  poiso=1588  power=1851  power=3093  sawto=4507  sawto=4510  stale=4546  stale=4547  strid=4503  tempo=1719
  multi_even  F64 N=  67108864 bins=      32 smem_static                  conce=4479  conce=4473  conce=4474  conce=4469  conce=4491  hash_=4471  poiso=4478  power=4477  power=4474  sawto=4472  sawto=4474  stale=4472  stale=4470  strid=4472  tempo=4474
  multi_even  F64 N=  67108864 bins=      32 smem_cooperative_static      conce=4492  conce=4491  conce=4492  conce=4492  conce=4484  hash_=4490  poiso=4490  power=4495  power=4485  sawto=4493  sawto=4492  stale=4492  stale=4489  strid=4485  tempo=4503
  multi_even  F64 N=  67108864 bins=      32 smem_dynamic                 conce=1590  conce=2079  conce=2877  conce=3987  conce=4490  hash_=1721  poiso=1590  power=1934  power=3499  sawto=4494  sawto=4496  stale=4527  stale=4527  strid=4491  tempo=1725
  multi_even  F64 N=  67108864 bins=      32 smem_cooperative_dynamic     conce=1589  conce=2078  conce=2875  conce=3981  conce=4483  hash_=1721  poiso=1589  power=1932  power=3495  sawto=4510  sawto=4511  stale=4526  stale=4527  strid=4506  tempo=1724
  multi_even  F64 N=  67108864 bins=      64 smem_static                  conce=4474  conce=4472  conce=4466  conce=4461  conce=4467  hash_=4468  poiso=4478  power=4472  power=4462  sawto=4473  sawto=4474  stale=4457  stale=4459  strid=4469  tempo=4473
  multi_even  F64 N=  67108864 bins=      64 smem_cooperative_static      conce=4493  conce=4485  conce=4486  conce=4484  conce=4465  hash_=4487  poiso=4496  power=4495  power=4487  sawto=4491  sawto=4497  stale=4485  stale=4486  strid=4488  tempo=4497
  multi_even  F64 N=  67108864 bins=      64 smem_dynamic                 conce=1589  conce=1916  conce=2563  conce=3863  conce=4488  hash_=1721  poiso=1589  power=2018  power=3828  sawto=4494  sawto=4497  stale=4528  stale=4528  strid=4491  tempo=1724
  multi_even  F64 N=  67108864 bins=      64 smem_cooperative_dynamic     conce=1589  conce=1914  conce=2562  conce=3861  conce=4484  hash_=1721  poiso=1589  power=2017  power=3823  sawto=4513  sawto=4510  stale=4524  stale=4524  strid=4505  tempo=1724
  multi_even  F64 N=  67108864 bins=     128 smem_static                  conce=4474  conce=4466  conce=4458  conce=4460  conce=4453  hash_=4466  poiso=4472  power=4471  power=4455  sawto=4467  sawto=4471  stale=4459  stale=4455  strid=4470  tempo=4470
  multi_even  F64 N=  67108864 bins=     128 smem_cooperative_static      conce=4501  conce=4486  conce=4485  conce=4483  conce=4452  hash_=4489  poiso=4493  power=4486  power=4479  sawto=4494  sawto=4487  stale=4481  stale=4478  strid=4487  tempo=4495
  multi_even  F64 N=  67108864 bins=     128 smem_dynamic                 conce=1589  conce=1947  conce=2563  conce=3786  conce=4488  hash_=1720  poiso=1589  power=2106  power=4083  sawto=4491  sawto=4494  stale=4525  stale=4525  strid=4488  tempo=1724
  multi_even  F64 N=  67108864 bins=     128 smem_cooperative_dynamic     conce=1589  conce=1945  conce=2560  conce=3782  conce=4483  hash_=1720  poiso=1589  power=2105  power=4076  sawto=4511  sawto=4511  stale=4525  stale=4527  strid=4507  tempo=1724
  multi_even  F64 N=  67108864 bins=     256 smem_static                  conce=4476  conce=4467  conce=4458  conce=4457  conce=4447  hash_=4466  poiso=4474  power=4470  power=4455  sawto=4472  sawto=4467  stale=4459  stale=4458  strid=4465  tempo=4470
  multi_even  F64 N=  67108864 bins=     256 smem_cooperative_static      conce=4494  conce=4489  conce=4483  conce=4480  conce=4447  hash_=4487  poiso=4492  power=4485  power=4482  sawto=4494  sawto=4493  stale=4479  stale=4484  strid=4488  tempo=4489
  multi_even  F64 N=  67108864 bins=     256 smem_dynamic                 conce=1591  conce=2204  conce=3115  conce=4253  conce=4487  hash_=1723  poiso=1591  power=2199  power=4270  sawto=4492  sawto=4494  stale=4526  stale=4525  strid=4490  tempo=1726
  multi_even  F64 N=  67108864 bins=     256 smem_cooperative_dynamic     conce=1590  conce=2202  conce=3113  conce=4250  conce=4482  hash_=1722  poiso=1590  power=2198  power=4266  sawto=4511  sawto=4511  stale=4524  stale=4523  strid=4508  tempo=1725
  multi_even  F64 N=  67108864 bins=     512 smem_dynamic                 conce=1591  conce=2168  conce=3103  conce=4369  conce=4490  hash_=1723  poiso=1591  power=2290  power=4407  sawto=4492  sawto=4490  stale=4522  stale=4525  strid=4488  tempo=1727
  multi_even  F64 N=  67108864 bins=     512 smem_cooperative_dynamic     conce=1590  conce=2169  conce=3104  conce=4369  conce=4483  hash_=1722  poiso=1590  power=2291  power=4403  sawto=4508  sawto=4510  stale=4522  stale=4524  strid=4503  tempo=1726
  queried input cache: cub.bench.histogram.multi.even.base F64 N=268435456 -> S=1024
  multi_even  F64 N= 268435456 bins=       8 smem_static                  conce=4972  conce=4985  conce=4969  conce=4987  conce=4962  hash_=4989  poiso=4985  power=4967  power=4990  sawto=4972  sawto=4971  stale=4985  stale=4966  strid=4988  tempo=4962
  multi_even  F64 N= 268435456 bins=       8 smem_cooperative_static      conce=4967  conce=4977  conce=4966  conce=4986  conce=4954  hash_=4977  poiso=4980  power=4969  power=4983  sawto=4971  sawto=4974  stale=4978  stale=4974  strid=4982  tempo=4971
  multi_even  F64 N= 268435456 bins=       8 smem_dynamic                 conce=1602  conce=1928  conce=2471  conce=3162  conce=4386  hash_=1723  poiso=1602  power=1792  power=2723  sawto=4978  sawto=4976  stale=4384  stale=4384  strid=4973  tempo=1725
  multi_even  F64 N= 268435456 bins=       8 smem_cooperative_dynamic     conce=1602  conce=1927  conce=2471  conce=3161  conce=4385  hash_=1722  poiso=1602  power=1792  power=2722  sawto=4977  sawto=4977  stale=4383  stale=4382  strid=4966  tempo=1725
  multi_even  F64 N= 268435456 bins=      16 smem_static                  conce=4965  conce=4988  conce=4964  conce=4989  conce=4961  hash_=4992  poiso=4985  power=4965  power=4984  sawto=4968  sawto=4960  stale=4986  stale=4963  strid=4984  tempo=4969
  multi_even  F64 N= 268435456 bins=      16 smem_cooperative_static      conce=4970  conce=4980  conce=4969  conce=4983  conce=4954  hash_=4980  poiso=4984  power=4975  power=4986  sawto=4967  sawto=4972  stale=4983  stale=4971  strid=4975  tempo=4969
  multi_even  F64 N= 268435456 bins=      16 smem_dynamic                 conce=1602  conce=1999  conce=2751  conce=3659  conce=4913  hash_=1732  poiso=1602  power=1870  power=3147  sawto=4973  sawto=4969  stale=4919  stale=4927  strid=4987  tempo=1735
  multi_even  F64 N= 268435456 bins=      16 smem_cooperative_dynamic     conce=1602  conce=1999  conce=2751  conce=3658  conce=4910  hash_=1731  poiso=1602  power=1870  power=3146  sawto=4973  sawto=4972  stale=4919  stale=4928  strid=4974  tempo=1735
  multi_even  F64 N= 268435456 bins=      32 smem_static                  conce=4968  conce=4986  conce=4969  conce=4991  conce=4964  hash_=4987  poiso=4988  power=4968  power=4984  sawto=4965  sawto=4978  stale=4986  stale=4964  strid=4982  tempo=4969
  multi_even  F64 N= 268435456 bins=      32 smem_cooperative_static      conce=4964  conce=4980  conce=4966  conce=4984  conce=4961  hash_=4984  poiso=4986  power=4971  power=4982  sawto=4973  sawto=4974  stale=4983  stale=4974  strid=4980  tempo=4972
  multi_even  F64 N= 268435456 bins=      32 smem_dynamic                 conce=1603  conce=2101  conce=2921  conce=4109  conce=4961  hash_=1736  poiso=1602  power=1952  power=3570  sawto=4972  sawto=4967  stale=4974  stale=4972  strid=4983  tempo=1740
  multi_even  F64 N= 268435456 bins=      32 smem_cooperative_dynamic     conce=1602  conce=2101  conce=2921  conce=4107  conce=4960  hash_=1736  poiso=1602  power=1952  power=3570  sawto=4978  sawto=4974  stale=4976  stale=4974  strid=4977  tempo=1740
  multi_even  F64 N= 268435456 bins=      64 smem_static                  conce=4970  conce=4984  conce=4964  conce=4984  conce=4960  hash_=4985  poiso=4989  power=4971  power=4987  sawto=4966  sawto=4966  stale=4986  stale=4966  strid=4990  tempo=4967
  multi_even  F64 N= 268435456 bins=      64 smem_cooperative_static      conce=4973  conce=4984  conce=4968  conce=4982  conce=4953  hash_=4981  poiso=4981  power=4967  power=4983  sawto=4965  sawto=4968  stale=4980  stale=4963  strid=4982  tempo=4967
  multi_even  F64 N= 268435456 bins=      64 smem_dynamic                 conce=1603  conce=1935  conce=2598  conce=3969  conce=4962  hash_=1737  poiso=1602  power=2039  power=3929  sawto=4970  sawto=4965  stale=4976  stale=4976  strid=4980  tempo=1740
  multi_even  F64 N= 268435456 bins=      64 smem_cooperative_dynamic     conce=1602  conce=1934  conce=2598  conce=3968  conce=4963  hash_=1736  poiso=1602  power=2039  power=3928  sawto=4971  sawto=4976  stale=4973  stale=4973  strid=4977  tempo=1739
  multi_even  F64 N= 268435456 bins=     128 smem_static                  conce=4970  conce=4988  conce=4968  conce=4982  conce=4951  hash_=4986  poiso=4992  power=4968  power=4985  sawto=4967  sawto=4971  stale=4981  stale=4966  strid=4988  tempo=4963
  multi_even  F64 N= 268435456 bins=     128 smem_cooperative_static      conce=4972  conce=4982  conce=4960  conce=4980  conce=4955  hash_=4979  poiso=4982  power=4968  power=4983  sawto=4975  sawto=4968  stale=4980  stale=4966  strid=4981  tempo=4975
  multi_even  F64 N= 268435456 bins=     128 smem_dynamic                 conce=1602  conce=1966  conce=2596  conce=3882  conce=4964  hash_=1736  poiso=1602  power=2129  power=4242  sawto=4968  sawto=4975  stale=4978  stale=4973  strid=4984  tempo=1740
  multi_even  F64 N= 268435456 bins=     128 smem_cooperative_dynamic     conce=1602  conce=1966  conce=2596  conce=3881  conce=4959  hash_=1736  poiso=1602  power=2129  power=4243  sawto=4974  sawto=4970  stale=4971  stale=4982  strid=4976  tempo=1740
  multi_even  F64 N= 268435456 bins=     256 smem_static                  conce=4967  conce=4983  conce=4965  conce=4982  conce=4960  hash_=4989  poiso=4987  power=4961  power=4988  sawto=4966  sawto=4961  stale=4987  stale=4965  strid=4983  tempo=4967
  multi_even  F64 N= 268435456 bins=     256 smem_cooperative_static      conce=4970  conce=4975  conce=4965  conce=4980  conce=4949  hash_=4981  poiso=4980  power=4965  power=4983  sawto=4972  sawto=4965  stale=4980  stale=4975  strid=4980  tempo=4973
  multi_even  F64 N= 268435456 bins=     256 smem_dynamic                 conce=1604  conce=2229  conce=3169  conce=4484  conce=4963  hash_=1738  poiso=1604  power=2224  power=4505  sawto=4973  sawto=4970  stale=4978  stale=4974  strid=4982  tempo=1741
  multi_even  F64 N= 268435456 bins=     256 smem_cooperative_dynamic     conce=1604  conce=2229  conce=3169  conce=4481  conce=4959  hash_=1738  poiso=1604  power=2224  power=4503  sawto=4970  sawto=4974  stale=4977  stale=4975  strid=4976  tempo=1741
  multi_even  F64 N= 268435456 bins=     512 smem_dynamic                 conce=1604  conce=2194  conce=3159  conce=4641  conce=4965  hash_=1738  poiso=1604  power=2319  power=4690  sawto=4974  sawto=4966  stale=4978  stale=4978  strid=4981  tempo=1741
  multi_even  F64 N= 268435456 bins=     512 smem_cooperative_dynamic     conce=1604  conce=2193  conce=3159  conce=4639  conce=4958  hash_=1738  poiso=1604  power=2318  power=4691  sawto=4975  sawto=4971  stale=4974  stale=4978  strid=4977  tempo=1741
  queried input cache: cub.bench.histogram.multi.even.base F64 N=1073741824 -> S=1024
  multi_even  F64 N=1073741824 bins=       8 smem_static                  DROP (ran=None)
  multi_even  F64 N=1073741824 bins=       8 smem_cooperative_static      DROP (ran=None)
  multi_even  F64 N=1073741824 bins=       8 smem_dynamic                 DROP (ran=None)
  multi_even  F64 N=1073741824 bins=       8 smem_cooperative_dynamic     DROP (ran=None)
  multi_even  F64 N=1073741824 bins=      16 smem_static                  DROP (ran=None)
  multi_even  F64 N=1073741824 bins=      16 smem_cooperative_static      DROP (ran=None)
  multi_even  F64 N=1073741824 bins=      16 smem_dynamic                 DROP (ran=None)
  multi_even  F64 N=1073741824 bins=      16 smem_cooperative_dynamic     DROP (ran=None)
  multi_even  F64 N=1073741824 bins=      32 smem_static                  DROP (ran=None)
  multi_even  F64 N=1073741824 bins=      32 smem_cooperative_static      DROP (ran=None)
  multi_even  F64 N=1073741824 bins=      32 smem_dynamic                 DROP (ran=None)
  multi_even  F64 N=1073741824 bins=      32 smem_cooperative_dynamic     DROP (ran=None)
  multi_even  F64 N=1073741824 bins=      64 smem_static                  DROP (ran=None)
  multi_even  F64 N=1073741824 bins=      64 smem_cooperative_static      DROP (ran=None)
  multi_even  F64 N=1073741824 bins=      64 smem_dynamic                 DROP (ran=None)
  multi_even  F64 N=1073741824 bins=      64 smem_cooperative_dynamic     DROP (ran=None)
  multi_even  F64 N=1073741824 bins=     128 smem_static                  DROP (ran=None)
  multi_even  F64 N=1073741824 bins=     128 smem_cooperative_static      DROP (ran=None)
  multi_even  F64 N=1073741824 bins=     128 smem_dynamic                 DROP (ran=None)
  multi_even  F64 N=1073741824 bins=     128 smem_cooperative_dynamic     DROP (ran=None)
  multi_even  F64 N=1073741824 bins=     256 smem_static                  DROP (ran=None)
  multi_even  F64 N=1073741824 bins=     256 smem_cooperative_static      DROP (ran=None)
  multi_even  F64 N=1073741824 bins=     256 smem_dynamic                 DROP (ran=None)
  multi_even  F64 N=1073741824 bins=     256 smem_cooperative_dynamic     DROP (ran=None)
  multi_even  F64 N=1073741824 bins=     512 smem_dynamic                 DROP (ran=None)
  multi_even  F64 N=1073741824 bins=     512 smem_cooperative_dynamic     DROP (ran=None)
  queried input cache: cub.bench.histogram.multi.even.base F64 N=2000000000 -> S=1024
  multi_even  F64 N=2000000000 bins=       8 smem_static                  DROP (ran=None)
  multi_even  F64 N=2000000000 bins=       8 smem_cooperative_static      DROP (ran=None)
  multi_even  F64 N=2000000000 bins=       8 smem_dynamic                 DROP (ran=None)
  multi_even  F64 N=2000000000 bins=       8 smem_cooperative_dynamic     DROP (ran=None)
  multi_even  F64 N=2000000000 bins=      16 smem_static                  DROP (ran=None)
  multi_even  F64 N=2000000000 bins=      16 smem_cooperative_static      DROP (ran=None)
  multi_even  F64 N=2000000000 bins=      16 smem_dynamic                 DROP (ran=None)
  multi_even  F64 N=2000000000 bins=      16 smem_cooperative_dynamic     DROP (ran=None)
  multi_even  F64 N=2000000000 bins=      32 smem_static                  DROP (ran=None)
  multi_even  F64 N=2000000000 bins=      32 smem_cooperative_static      DROP (ran=None)
  multi_even  F64 N=2000000000 bins=      32 smem_dynamic                 DROP (ran=None)
  multi_even  F64 N=2000000000 bins=      32 smem_cooperative_dynamic     DROP (ran=None)
  multi_even  F64 N=2000000000 bins=      64 smem_static                  DROP (ran=None)
  multi_even  F64 N=2000000000 bins=      64 smem_cooperative_static      DROP (ran=None)
  multi_even  F64 N=2000000000 bins=      64 smem_dynamic                 DROP (ran=None)
  multi_even  F64 N=2000000000 bins=      64 smem_cooperative_dynamic     DROP (ran=None)
  multi_even  F64 N=2000000000 bins=     128 smem_static                  DROP (ran=None)
  multi_even  F64 N=2000000000 bins=     128 smem_cooperative_static      DROP (ran=None)
  multi_even  F64 N=2000000000 bins=     128 smem_dynamic                 DROP (ran=None)
  multi_even  F64 N=2000000000 bins=     128 smem_cooperative_dynamic     DROP (ran=None)
  multi_even  F64 N=2000000000 bins=     256 smem_static                  DROP (ran=None)
  multi_even  F64 N=2000000000 bins=     256 smem_cooperative_static      DROP (ran=None)
  multi_even  F64 N=2000000000 bins=     256 smem_dynamic                 DROP (ran=None)
  multi_even  F64 N=2000000000 bins=     256 smem_cooperative_dynamic     DROP (ran=None)
  multi_even  F64 N=2000000000 bins=     512 smem_dynamic                 DROP (ran=None)
  multi_even  F64 N=2000000000 bins=     512 smem_cooperative_dynamic     DROP (ran=None)
  multi_even  F64 N=   1048576 bins=       8 main                              conce=1188  conce=1219  conce=1333  conce=1448  conce=1521  hash_=1204  poiso=1178  power=1219  power=1360  sawto=1187  sawto=1180  stale=1479  stale=1481  strid=1181  tempo=1198
  multi_even  F64 N=   1048576 bins=      16 main                              conce=1189  conce=1268  conce=1401  conce=1473  conce=1533  hash_=1166  poiso=1174  power=1228  power=1441  sawto=1373  sawto=1380  stale=1487  stale=1487  strid=1355  tempo=1198
  multi_even  F64 N=   1048576 bins=      32 main                              conce=1187  conce=1313  conce=1423  conce=1483  conce=1547  hash_=1216  poiso=1147  power=1263  power=1432  sawto=1495  sawto=1490  stale=1434  stale=1487  strid=1481  tempo=1203
  multi_even  F64 N=   1048576 bins=      64 main                              conce=1186  conce=1148  conce=1191  conce=1196  conce=1288  hash_=1142  poiso=1172  power=1228  power=1253  sawto=1188  sawto=1197  stale=1295  stale=1293  strid=1166  tempo=1203
  multi_even  F64 N=   1048576 bins=     128 main                              conce=1185  conce=1147  conce=1187  conce=1191  conce=1287  hash_=1126  poiso=1172  power=1304  power=1215  sawto=1187  sawto=1193  stale=1280  stale=1288  strid=1156  tempo=1202
  multi_even  F64 N=   1048576 bins=     256 main                              conce=1188  conce=1192  conce=1183  conce=1178  conce=1280  hash_=1098  poiso=1179  power=1305  power=1188  sawto=1187  sawto=1181  stale=1221  stale=1265  strid=1147  tempo=1197
  multi_even  F64 N=   1048576 bins=     512 main                              conce=748  conce=627  conce=596  conce=643  conce=692  hash_=655  poiso=741  power=727  power=691  sawto=676  sawto=626  stale=694  stale=704  strid=633  tempo=747
  multi_even  F64 N=  16777216 bins=       8 main                              conce=2176  conce=2407  conce=2789  conce=3178  conce=3390  hash_=2233  poiso=2171  power=2297  power=2946  sawto=2136  sawto=2138  stale=3382  stale=3377  strid=2130  tempo=2170
  multi_even  F64 N=  16777216 bins=      16 main                              conce=2176  conce=2455  conce=2967  conce=3370  conce=3371  hash_=2243  poiso=2171  power=2358  power=3169  sawto=2922  sawto=2923  stale=3349  stale=3352  strid=2908  tempo=2170
  multi_even  F64 N=  16777216 bins=      32 main                              conce=2178  conce=2541  conce=3064  conce=3401  conce=3391  hash_=2251  poiso=2174  power=2426  power=3342  sawto=3398  sawto=3400  stale=3369  stale=3375  strid=3384  tempo=2172
  multi_even  F64 N=  16777216 bins=      64 main                              conce=2176  conce=2378  conce=2787  conce=3336  conce=3380  hash_=2236  poiso=2173  power=2468  power=3352  sawto=3336  sawto=3338  stale=3357  stale=3358  strid=3322  tempo=2171
  multi_even  F64 N=  16777216 bins=     128 main                              conce=2178  conce=2388  conce=2749  conce=3284  conce=3372  hash_=2233  poiso=2173  power=2530  power=3381  sawto=3199  sawto=3196  stale=3343  stale=3346  strid=3182  tempo=2170
  multi_even  F64 N=  16777216 bins=     256 main                              conce=2176  conce=2566  conce=3020  conce=3374  conce=3367  hash_=2234  poiso=2170  power=2591  power=3389  sawto=2905  sawto=2907  stale=3343  stale=3339  strid=2904  tempo=2171
  multi_even  F64 N=  16777216 bins=     512 main                              conce=1111  conce=928  conce=965  conce=1032  conce=1192  hash_=990  poiso=1159  power=1058  power=1119  sawto=1146  sawto=1031  stale=1106  stale=1217  strid=944  tempo=1102
  multi_even  F64 N=  67108864 bins=       8 main                              conce=2298  conce=2562  conce=3002  conce=3459  conce=3980  hash_=2372  poiso=2298  power=2438  power=3177  sawto=2256  sawto=2257  stale=3962  stale=3964  strid=2254  tempo=2297
  multi_even  F64 N=  67108864 bins=      16 main                              conce=2298  conce=2621  conce=3199  conce=3712  conce=4206  hash_=2382  poiso=2298  power=2509  power=3446  sawto=3148  sawto=3149  stale=4192  stale=4192  strid=3144  tempo=2296
  multi_even  F64 N=  67108864 bins=      32 main                              conce=2298  conce=2708  conce=3305  conce=3878  conce=4352  hash_=2385  poiso=2298  power=2582  power=3670  sawto=3853  sawto=3853  stale=4336  stale=4333  strid=3849  tempo=2297
  multi_even  F64 N=  67108864 bins=      64 main                              conce=2298  conce=2548  conce=3031  conce=3744  conce=4231  hash_=2380  poiso=2298  power=2653  power=3742  sawto=3753  sawto=3753  stale=4214  stale=4215  strid=3753  tempo=2297
  multi_even  F64 N=  67108864 bins=     128 main                              conce=2298  conce=2564  conce=3002  conce=3664  conce=4151  hash_=2378  poiso=2298  power=2725  power=3827  sawto=3553  sawto=3554  stale=4133  stale=4134  strid=3552  tempo=2297
  multi_even  F64 N=  67108864 bins=     256 main                              conce=2298  conce=2774  conce=3332  conce=3846  conce=4108  hash_=2377  poiso=2298  power=2793  power=3884  sawto=3189  sawto=3189  stale=4091  stale=4092  strid=3186  tempo=2296
  multi_even  F64 N=  67108864 bins=     512 main                              conce=1155  conce=948  conce=988  conce=1014  conce=1227  hash_=1039  poiso=1217  power=1108  power=1152  sawto=1188  sawto=1041  stale=1130  stale=1233  strid=971  tempo=1185
  multi_even  F64 N= 268435456 bins=       8 main                              conce=2321  conce=2593  conce=3047  conce=3523  conce=4162  hash_=2402  poiso=2321  power=2467  power=3229  sawto=2279  sawto=2280  stale=4168  stale=4166  strid=2279  tempo=2321
  multi_even  F64 N= 268435456 bins=      16 main                              conce=2321  conce=2656  conce=3249  conce=3808  conce=4473  hash_=2410  poiso=2321  power=2539  power=3510  sawto=3198  sawto=3199  stale=4474  stale=4476  strid=3197  tempo=2321
  multi_even  F64 N= 268435456 bins=      32 main                              conce=2321  conce=2744  conce=3361  conce=4027  conce=4670  hash_=2414  poiso=2321  power=2614  power=3753  sawto=3989  sawto=3989  stale=4670  stale=4671  strid=3987  tempo=2321
  multi_even  F64 N= 268435456 bins=      64 main                              conce=2321  conce=2585  conce=3085  conce=3854  conce=4502  hash_=2409  poiso=2321  power=2690  power=3850  sawto=3864  sawto=3864  stale=4505  stale=4505  strid=3860  tempo=2321
  multi_even  F64 N= 268435456 bins=     128 main                              conce=2321  conce=2598  conce=3054  conce=3758  conce=4395  hash_=2406  poiso=2321  power=2766  power=3958  sawto=3635  sawto=3636  stale=4395  stale=4395  strid=3633  tempo=2321
  multi_even  F64 N= 268435456 bins=     256 main                              conce=2321  conce=2820  conce=3407  conce=3987  conce=4339  hash_=2405  poiso=2321  power=2840  power=4043  sawto=3251  sawto=3252  stale=4339  stale=4342  strid=3250  tempo=2321
  multi_even  F64 N= 268435456 bins=     512 main                              conce=1114  conce=963  conce=958  conce=1007  conce=1241  hash_=1044  poiso=1273  power=1156  power=1195  sawto=1191  sawto=961  stale=1113  stale=1119  strid=973  tempo=1187
  multi_even  F64 N=1073741824 bins=       8 main                              conce=2327  conce=2600  conce=3057  conce=3539  conce=4214  hash_=2408  poiso=2327  power=2473  power=3242  sawto=2285  sawto=2285  stale=4215  stale=4216  strid=2285  tempo=2327
  multi_even  F64 N=1073741824 bins=      16 main                              conce=2327  conce=2663  conce=3262  conce=3831  conce=4546  hash_=2416  poiso=2327  power=2546  power=3525  sawto=3210  sawto=3210  stale=4548  stale=4548  strid=3209  tempo=2327
  multi_even  F64 N=1073741824 bins=      32 main                              conce=2326  conce=2752  conce=3374  conce=4063  conce=4757  hash_=2420  poiso=2326  power=2621  power=3773  sawto=4020  sawto=4020  stale=4756  stale=4760  strid=4020  tempo=2326
  multi_even  F64 N=1073741824 bins=      64 main                              conce=2327  conce=2591  conce=3095  conce=3879  conce=4577  hash_=2415  poiso=2327  power=2697  power=3877  sawto=3887  sawto=3887  stale=4578  stale=4580  strid=3886  tempo=2326
  multi_even  F64 N=1073741824 bins=     128 main                              conce=2326  conce=2605  conce=3064  conce=3778  conce=4461  hash_=2412  poiso=2326  power=2774  power=3989  sawto=3650  sawto=3651  stale=4461  stale=4462  strid=3650  tempo=2326
  multi_even  F64 N=1073741824 bins=     256 main                              conce=2327  conce=2829  conce=3421  conce=4019  conce=4403  hash_=2412  poiso=2327  power=2849  power=4079  sawto=3263  sawto=3263  stale=4405  stale=4405  strid=3263  tempo=2327
  multi_even  F64 N=1073741824 bins=     512 main                              conce=1108  conce=964  conce=965  conce=1007  conce=1239  hash_=1046  poiso=1282  power=1158  power=1197  sawto=1192  sawto=988  stale=1113  stale=1115  strid=974  tempo=1199
  multi_even  F64 N=2000000000 bins=       8 main                              conce=2328  conce=2601  conce=3058  conce=3541  conce=4222  hash_=2408  poiso=2328  power=2474  power=3243  sawto=2286  sawto=2286  stale=4223  stale=4223  strid=2286  tempo=2327
  multi_even  F64 N=2000000000 bins=      16 main                              conce=2327  conce=2665  conce=3264  conce=3834  conce=4559  hash_=2417  poiso=2327  power=2547  power=3527  sawto=3212  sawto=3211  stale=4559  stale=4559  strid=3211  tempo=2327
  multi_even  F64 N=2000000000 bins=      32 main                              conce=2327  conce=2754  conce=3375  conce=4067  conce=4772  hash_=2420  poiso=2327  power=2623  power=3776  sawto=4024  sawto=4024  stale=4772  stale=4773  strid=4024  tempo=2327
  multi_even  F64 N=2000000000 bins=      64 main                              conce=2328  conce=2592  conce=3097  conce=3883  conce=4591  hash_=2416  poiso=2328  power=2698  power=3881  sawto=3891  sawto=3890  stale=4589  stale=4590  strid=3890  tempo=2327
  multi_even  F64 N=2000000000 bins=     128 main                              conce=2327  conce=2606  conce=3066  conce=3782  conce=4472  hash_=2413  poiso=2327  power=2776  power=3994  sawto=3653  sawto=3653  stale=4471  stale=4472  strid=3653  tempo=2328
  multi_even  F64 N=2000000000 bins=     256 main                              conce=2327  conce=2831  conce=3422  conce=4025  conce=4413  hash_=2412  poiso=2327  power=2850  power=4085  sawto=3265  sawto=3265  stale=4413  stale=4413  strid=3265  tempo=2327
  multi_even  F64 N=2000000000 bins=     512 main                              conce=1108  conce=966  conce=965  conce=1008  conce=1240  hash_=1047  poiso=1292  power=1157  power=1209  sawto=1190  sawto=1076  stale=1115  stale=1113  strid=969  tempo=1207
  queried input cache: cub.bench.histogram.multi.range.base I32 N=1048576 -> S=1024
  multi_range I32 N=   1048576 bins=       8 smem_static                  conce=594  conce=509  conce=517  conce=519  conce=508  hash_=522  poiso=558  power=529  power=490  sawto=508  sawto=510  stale=504  stale=501  strid=503  tempo=523
  multi_range I32 N=   1048576 bins=       8 smem_cooperative_static      conce=476  conce=397  conce=401  conce=415  conce=401  hash_=412  poiso=456  power=424  power=394  sawto=413  sawto=413  stale=400  stale=406  strid=403  tempo=420
  multi_range I32 N=   1048576 bins=       8 smem_dynamic                 conce=393  conce=347  conce=348  conce=351  conce=362  hash_=347  poiso=393  power=367  power=349  sawto=367  sawto=367  stale=363  stale=363  strid=360  tempo=363
  multi_range I32 N=   1048576 bins=       8 smem_cooperative_dynamic     conce=398  conce=356  conce=353  conce=361  conce=367  hash_=354  poiso=396  power=373  power=359  sawto=372  sawto=373  stale=368  stale=368  strid=368  tempo=368
  multi_range I32 N=   1048576 bins=      16 smem_static                  conce=542  conce=488  conce=474  conce=460  conce=464  hash_=479  poiso=510  power=462  power=455  sawto=460  sawto=460  stale=460  stale=459  strid=455  tempo=468
  multi_range I32 N=   1048576 bins=      16 smem_cooperative_static      conce=422  conce=393  conce=387  conce=367  conce=365  hash_=390  poiso=416  power=366  power=367  sawto=368  sawto=368  stale=367  stale=368  strid=365  tempo=391
  multi_range I32 N=   1048576 bins=      16 smem_dynamic                 conce=366  conce=352  conce=344  conce=338  conce=342  hash_=344  poiso=366  power=330  power=335  sawto=344  sawto=344  stale=342  stale=343  strid=339  tempo=344
  multi_range I32 N=   1048576 bins=      16 smem_cooperative_dynamic     conce=370  conce=359  conce=348  conce=344  conce=344  hash_=347  poiso=369  power=333  power=337  sawto=347  sawto=346  stale=345  stale=346  strid=344  tempo=346
  multi_range I32 N=   1048576 bins=      32 smem_static                  conce=478  conce=449  conce=432  conce=422  conce=431  hash_=449  poiso=462  power=448  power=433  sawto=418  sawto=418  stale=428  stale=427  strid=410  tempo=448
  multi_range I32 N=   1048576 bins=      32 smem_cooperative_static      conce=370  conce=365  conce=345  conce=337  conce=339  hash_=357  poiso=368  power=365  power=346  sawto=341  sawto=341  stale=343  stale=343  strid=334  tempo=361
  multi_range I32 N=   1048576 bins=      32 smem_dynamic                 conce=345  conce=333  conce=327  conce=324  conce=327  hash_=330  poiso=344  power=333  power=328  sawto=325  sawto=325  stale=324  stale=326  strid=320  tempo=333
  multi_range I32 N=   1048576 bins=      32 smem_cooperative_dynamic     conce=347  conce=333  conce=327  conce=326  conce=325  hash_=329  poiso=346  power=337  power=327  sawto=326  sawto=326  stale=326  stale=327  strid=324  tempo=336
  multi_range I32 N=   1048576 bins=      64 smem_static                  conce=439  conce=390  conce=386  conce=384  conce=400  hash_=414  poiso=423  power=414  power=397  sawto=390  sawto=389  stale=397  stale=397  strid=383  tempo=416
  multi_range I32 N=   1048576 bins=      64 smem_cooperative_static      conce=344  conce=309  conce=308  conce=308  conce=312  hash_=325  poiso=341  power=326  power=309  sawto=309  sawto=309  stale=313  stale=316  strid=307  tempo=327
  multi_range I32 N=   1048576 bins=      64 smem_dynamic                 conce=325  conce=305  conce=302  conce=306  conce=316  hash_=313  poiso=324  power=313  power=309  sawto=306  sawto=306  stale=311  stale=311  strid=302  tempo=317
  multi_range I32 N=   1048576 bins=      64 smem_cooperative_dynamic     conce=327  conce=308  conce=302  conce=308  conce=312  hash_=311  poiso=326  power=312  power=309  sawto=308  sawto=308  stale=310  stale=312  strid=306  tempo=315
  multi_range I32 N=   1048576 bins=     128 smem_static                  conce=395  conce=378  conce=368  conce=364  conce=369  hash_=383  poiso=388  power=386  power=373  sawto=365  sawto=363  stale=367  stale=368  strid=359  tempo=382
  multi_range I32 N=   1048576 bins=     128 smem_cooperative_static      conce=309  conce=306  conce=294  conce=293  conce=293  hash_=300  poiso=308  power=307  power=308  sawto=293  sawto=292  stale=293  stale=294  strid=291  tempo=307
  multi_range I32 N=   1048576 bins=     128 smem_dynamic                 conce=307  conce=294  conce=291  conce=294  conce=300  hash_=296  poiso=305  power=297  power=302  sawto=298  sawto=294  stale=299  stale=300  strid=298  tempo=298
  multi_range I32 N=   1048576 bins=     128 smem_cooperative_dynamic     conce=308  conce=293  conce=292  conce=293  conce=298  hash_=293  poiso=308  power=295  power=302  sawto=299  sawto=294  stale=304  stale=303  strid=299  tempo=297
  multi_range I32 N=   1048576 bins=     256 smem_static                  conce=365  conce=345  conce=344  conce=342  conce=338  hash_=351  poiso=356  power=349  power=342  sawto=342  sawto=336  stale=340  stale=341  strid=337  tempo=346
  multi_range I32 N=   1048576 bins=     256 smem_cooperative_static      conce=290  conce=278  conce=279  conce=278  conce=276  hash_=277  poiso=285  power=279  power=278  sawto=278  sawto=277  stale=278  stale=278  strid=277  tempo=279
  multi_range I32 N=   1048576 bins=     256 smem_dynamic                 conce=290  conce=278  conce=278  conce=282  conce=286  hash_=278  poiso=290  power=282  power=283  sawto=284  sawto=283  stale=283  stale=285  strid=284  tempo=280
  multi_range I32 N=   1048576 bins=     256 smem_cooperative_dynamic     conce=292  conce=279  conce=279  conce=281  conce=284  hash_=278  poiso=292  power=280  power=284  sawto=286  sawto=284  stale=281  stale=283  strid=282  tempo=279
  multi_range I32 N=   1048576 bins=     512 smem_dynamic                 conce=494  conce=329  conce=328  conce=337  conce=339  hash_=349  poiso=486  power=333  power=339  sawto=345  sawto=341  stale=338  stale=339  strid=337  tempo=357
  multi_range I32 N=   1048576 bins=     512 smem_cooperative_dynamic     conce=468  conce=309  conce=310  conce=322  conce=324  hash_=337  poiso=465  power=312  power=323  sawto=327  sawto=326  stale=325  stale=327  strid=324  tempo=347
  queried input cache: cub.bench.histogram.multi.range.base I32 N=16777216 -> S=1024
  multi_range I32 N=  16777216 bins=       8 smem_static                  conce=1305  conce=993  conce=997  conce=1008  conce=1008  hash_=999  poiso=1289  power=1076  power=999  sawto=1022  sawto=1022  stale=1008  stale=1008  strid=1020  tempo=1035
  multi_range I32 N=  16777216 bins=       8 smem_cooperative_static      conce=1297  conce=988  conce=993  conce=1004  conce=1002  hash_=996  poiso=1281  power=1070  power=997  sawto=1017  sawto=1017  stale=1003  stale=1004  strid=1015  tempo=1030
  multi_range I32 N=  16777216 bins=       8 smem_dynamic                 conce=1185  conce=912  conce=913  conce=916  conce=920  hash_=916  poiso=1177  power=974  power=915  sawto=934  sawto=934  stale=919  stale=920  strid=932  tempo=939
  multi_range I32 N=  16777216 bins=       8 smem_cooperative_dynamic     conce=1135  conce=876  conce=875  conce=879  conce=886  hash_=885  poiso=1135  power=937  power=878  sawto=899  sawto=898  stale=885  stale=886  strid=898  tempo=906
  multi_range I32 N=  16777216 bins=      16 smem_static                  conce=1088  conce=997  conce=926  conce=872  conce=870  hash_=935  poiso=1077  power=866  power=867  sawto=879  sawto=879  stale=870  stale=870  strid=879  tempo=922
  multi_range I32 N=  16777216 bins=      16 smem_cooperative_static      conce=1081  conce=995  conce=924  conce=868  conce=865  hash_=935  poiso=1070  power=860  power=863  sawto=874  sawto=874  stale=866  stale=867  strid=873  tempo=919
  multi_range I32 N=  16777216 bins=      16 smem_dynamic                 conce=1012  conce=925  conce=854  conce=814  conce=815  hash_=871  poiso=1011  power=810  power=810  sawto=823  sawto=823  stale=815  stale=815  strid=822  tempo=856
  multi_range I32 N=  16777216 bins=      16 smem_cooperative_dynamic     conce=975  conce=885  conce=821  conce=784  conce=783  hash_=842  poiso=969  power=781  power=778  sawto=791  sawto=791  stale=784  stale=784  strid=791  tempo=825
  multi_range I32 N=  16777216 bins=      32 smem_static                  conce=923  conce=860  conce=801  conce=771  conce=771  hash_=839  poiso=924  power=864  power=804  sawto=773  sawto=773  stale=771  stale=771  strid=772  tempo=843
  multi_range I32 N=  16777216 bins=      32 smem_cooperative_static      conce=918  conce=857  conce=796  conce=767  conce=766  hash_=835  poiso=918  power=859  power=796  sawto=770  sawto=769  stale=767  stale=766  strid=768  tempo=839
  multi_range I32 N=  16777216 bins=      32 smem_dynamic                 conce=886  conce=807  conce=752  conce=733  conce=733  hash_=793  poiso=883  power=811  power=758  sawto=734  sawto=733  stale=733  stale=733  strid=733  tempo=793
  multi_range I32 N=  16777216 bins=      32 smem_cooperative_dynamic     conce=852  conce=776  conce=727  conce=705  conce=705  hash_=764  poiso=849  power=782  power=729  sawto=706  sawto=707  stale=705  stale=705  strid=705  tempo=764
  multi_range I32 N=  16777216 bins=      64 smem_static                  conce=807  conce=711  conce=692  conce=690  conce=704  hash_=751  poiso=805  power=754  power=703  sawto=689  sawto=688  stale=703  stale=704  strid=688  tempo=754
  multi_range I32 N=  16777216 bins=      64 smem_cooperative_static      conce=802  conce=706  conce=688  conce=685  conce=699  hash_=747  poiso=800  power=749  power=701  sawto=685  sawto=685  stale=699  stale=700  strid=683  tempo=748
  multi_range I32 N=  16777216 bins=      64 smem_dynamic                 conce=786  conce=679  conce=663  conce=661  conce=675  hash_=720  poiso=782  power=719  power=675  sawto=663  sawto=663  stale=675  stale=675  strid=663  tempo=721
  multi_range I32 N=  16777216 bins=      64 smem_cooperative_dynamic     conce=756  conce=656  conce=640  conce=638  conce=649  hash_=693  poiso=753  power=691  power=650  sawto=638  sawto=638  stale=650  stale=649  strid=637  tempo=693
  multi_range I32 N=  16777216 bins=     128 smem_static                  conce=716  conce=677  conce=662  conce=651  conce=652  hash_=677  poiso=716  power=685  power=674  sawto=643  sawto=636  stale=652  stale=652  strid=641  tempo=681
  multi_range I32 N=  16777216 bins=     128 smem_cooperative_static      conce=713  conce=674  conce=659  conce=647  conce=648  hash_=674  poiso=711  power=682  power=671  sawto=640  sawto=633  stale=648  stale=648  strid=637  tempo=676
  multi_range I32 N=  16777216 bins=     128 smem_dynamic                 conce=705  conce=652  conce=639  conce=627  conce=629  hash_=655  poiso=703  power=661  power=648  sawto=620  sawto=615  stale=630  stale=630  strid=621  tempo=656
  multi_range I32 N=  16777216 bins=     128 smem_cooperative_dynamic     conce=679  conce=628  conce=615  conce=605  conce=607  hash_=629  poiso=676  power=637  power=626  sawto=598  sawto=592  stale=607  stale=607  strid=598  tempo=632
  multi_range I32 N=  16777216 bins=     256 smem_static                  conce=644  conce=615  conce=614  conce=611  conce=602  hash_=611  poiso=643  power=619  power=609  sawto=595  sawto=595  stale=602  stale=602  strid=602  tempo=616
  multi_range I32 N=  16777216 bins=     256 smem_cooperative_static      conce=640  conce=613  conce=612  conce=608  conce=598  hash_=609  poiso=639  power=616  power=607  sawto=592  sawto=592  stale=599  stale=599  strid=599  tempo=612
  multi_range I32 N=  16777216 bins=     256 smem_dynamic                 conce=639  conce=599  conce=597  conce=595  conce=587  hash_=599  poiso=636  power=602  power=594  sawto=581  sawto=579  stale=587  stale=587  strid=585  tempo=599
  multi_range I32 N=  16777216 bins=     256 smem_cooperative_dynamic     conce=616  conce=577  conce=575  conce=573  conce=565  hash_=575  poiso=613  power=580  power=571  sawto=560  sawto=557  stale=566  stale=566  strid=565  tempo=578
  multi_range I32 N=  16777216 bins=     512 smem_dynamic                 conce=2080  conce=1022  conce=1026  conce=1068  conce=1089  hash_=1052  poiso=2075  power=1030  power=1074  sawto=1099  sawto=1093  stale=1090  stale=1090  strid=1090  tempo=1020
  multi_range I32 N=  16777216 bins=     512 smem_cooperative_dynamic     conce=2023  conce=979  conce=987  conce=1018  conce=1037  hash_=1041  poiso=2020  power=988  power=1020  sawto=1050  sawto=1040  stale=1035  stale=1036  strid=1039  tempo=998
  queried input cache: cub.bench.histogram.multi.range.base I32 N=67108864 -> S=1024
  multi_range I32 N=  67108864 bins=       8 smem_static                  conce=1411  conce=1055  conce=1059  conce=1068  conce=1070  hash_=1063  poiso=1408  power=1147  power=1065  sawto=1086  sawto=1086  stale=1070  stale=1071  strid=1086  tempo=1100
  multi_range I32 N=  67108864 bins=       8 smem_cooperative_static      conce=1407  conce=1052  conce=1057  conce=1065  conce=1067  hash_=1060  poiso=1404  power=1145  power=1063  sawto=1083  sawto=1082  stale=1067  stale=1067  strid=1082  tempo=1098
  multi_range I32 N=  67108864 bins=       8 smem_dynamic                 conce=1308  conce=993  conce=991  conce=1001  conce=1006  hash_=1002  poiso=1304  power=1063  power=998  sawto=1021  sawto=1021  stale=1006  stale=1006  strid=1021  tempo=1029
  multi_range I32 N=  67108864 bins=       8 smem_cooperative_dynamic     conce=1300  conce=988  conce=986  conce=995  conce=1000  hash_=997  poiso=1300  power=1060  power=993  sawto=1014  sawto=1014  stale=1000  stale=1000  strid=1014  tempo=1026
  multi_range I32 N=  67108864 bins=      16 smem_static                  conce=1162  conce=1069  conce=982  conce=921  conce=918  hash_=999  poiso=1160  power=912  power=916  sawto=928  sawto=928  stale=919  stale=918  strid=928  tempo=976
  multi_range I32 N=  67108864 bins=      16 smem_cooperative_static      conce=1157  conce=1067  conce=979  conce=918  conce=915  hash_=996  poiso=1155  power=910  power=913  sawto=925  sawto=925  stale=915  stale=915  strid=925  tempo=974
  multi_range I32 N=  67108864 bins=      16 smem_dynamic                 conce=1115  conce=1006  conce=931  conce=884  conce=884  hash_=950  poiso=1113  power=879  power=880  sawto=894  sawto=893  stale=884  stale=884  strid=893  tempo=930
  multi_range I32 N=  67108864 bins=      16 smem_cooperative_dynamic     conce=1109  conce=1001  conce=926  conce=878  conce=878  hash_=945  poiso=1107  power=874  power=874  sawto=887  sawto=887  stale=878  stale=878  strid=886  tempo=925
  multi_range I32 N=  67108864 bins=      32 smem_static                  conce=985  conce=914  conce=842  conce=810  conce=810  hash_=889  poiso=984  power=917  power=844  sawto=811  sawto=810  stale=810  stale=810  strid=810  tempo=889
  multi_range I32 N=  67108864 bins=      32 smem_cooperative_static      conce=981  conce=910  conce=839  conce=807  conce=806  hash_=887  poiso=979  power=914  power=841  sawto=807  sawto=807  stale=807  stale=807  strid=807  tempo=886
  multi_range I32 N=  67108864 bins=      32 smem_dynamic                 conce=969  conce=878  conce=819  conce=792  conce=793  hash_=861  poiso=967  power=883  power=820  sawto=794  sawto=794  stale=792  stale=792  strid=794  tempo=860
  multi_range I32 N=  67108864 bins=      32 smem_cooperative_dynamic     conce=963  conce=873  conce=813  conce=787  conce=787  hash_=855  poiso=960  power=879  power=816  sawto=788  sawto=788  stale=787  stale=787  strid=788  tempo=856
  multi_range I32 N=  67108864 bins=      64 smem_static                  conce=854  conce=745  conce=724  conce=719  conce=735  hash_=794  poiso=853  power=794  power=736  sawto=718  sawto=719  stale=735  stale=735  strid=718  tempo=793
  multi_range I32 N=  67108864 bins=      64 smem_cooperative_static      conce=851  conce=742  conce=721  conce=717  conce=732  hash_=791  poiso=849  power=791  power=733  sawto=716  sawto=716  stale=732  stale=732  strid=716  tempo=791
  multi_range I32 N=  67108864 bins=      64 smem_dynamic                 conce=854  conce=735  conce=716  conce=713  conce=729  hash_=780  poiso=852  power=779  power=728  sawto=714  sawto=714  stale=728  stale=728  strid=714  tempo=780
  multi_range I32 N=  67108864 bins=      64 smem_cooperative_dynamic     conce=848  conce=730  conce=711  conce=708  conce=723  hash_=772  poiso=846  power=773  power=722  sawto=709  sawto=709  stale=723  stale=723  strid=708  tempo=774
  multi_range I32 N=  67108864 bins=     128 smem_static                  conce=753  conce=709  conce=693  conce=678  conce=679  hash_=711  poiso=753  power=718  power=704  sawto=668  sawto=661  stale=679  stale=679  strid=666  tempo=712
  multi_range I32 N=  67108864 bins=     128 smem_cooperative_static      conce=750  conce=706  conce=691  conce=676  conce=676  hash_=709  poiso=749  power=715  power=701  sawto=666  sawto=658  stale=676  stale=676  strid=664  tempo=708
  multi_range I32 N=  67108864 bins=     128 smem_dynamic                 conce=764  conce=704  conce=689  conce=676  conce=678  hash_=707  poiso=762  power=713  power=700  sawto=669  sawto=663  stale=679  stale=679  strid=670  tempo=708
  multi_range I32 N=  67108864 bins=     128 smem_cooperative_dynamic     conce=758  conce=699  conce=684  conce=672  conce=674  hash_=701  poiso=756  power=708  power=695  sawto=664  sawto=658  stale=673  stale=673  strid=664  tempo=702
  multi_range I32 N=  67108864 bins=     256 smem_static                  conce=674  conce=643  conce=642  conce=637  conce=627  hash_=641  poiso=673  power=646  power=635  sawto=617  sawto=618  stale=627  stale=627  strid=627  tempo=642
  multi_range I32 N=  67108864 bins=     256 smem_cooperative_static      conce=670  conce=641  conce=639  conce=635  conce=625  hash_=639  poiso=669  power=643  power=633  sawto=615  sawto=615  stale=625  stale=625  strid=624  tempo=639
  multi_range I32 N=  67108864 bins=     256 smem_dynamic                 conce=690  conce=646  conce=643  conce=640  conce=631  hash_=645  poiso=688  power=648  power=638  sawto=625  sawto=622  stale=631  stale=631  strid=632  tempo=645
  multi_range I32 N=  67108864 bins=     256 smem_cooperative_dynamic     conce=685  conce=641  conce=638  conce=635  conce=626  hash_=639  poiso=683  power=644  power=634  sawto=620  sawto=617  stale=626  stale=627  strid=627  tempo=640
  multi_range I32 N=  67108864 bins=     512 smem_dynamic                 conce=2609  conce=1128  conce=1140  conce=1180  conce=1198  hash_=1142  poiso=2606  power=1137  power=1182  sawto=1205  sawto=1201  stale=1200  stale=1199  strid=1202  tempo=1127
  multi_range I32 N=  67108864 bins=     512 smem_cooperative_dynamic     conce=2577  conce=1119  conce=1130  conce=1165  conce=1183  hash_=1136  poiso=2573  power=1129  power=1167  sawto=1193  sawto=1187  stale=1183  stale=1183  strid=1186  tempo=1124
  queried input cache: cub.bench.histogram.multi.range.base I32 N=268435456 -> S=1024
  multi_range I32 N= 268435456 bins=       8 smem_static                  conce=1446  conce=1076  conce=1080  conce=1088  conce=1090  hash_=1084  poiso=1445  power=1170  power=1086  sawto=1106  sawto=1106  stale=1090  stale=1090  strid=1106  tempo=1120
  multi_range I32 N= 268435456 bins=       8 smem_cooperative_static      conce=1442  conce=1073  conce=1077  conce=1086  conce=1087  hash_=1082  poiso=1441  power=1168  power=1083  sawto=1102  sawto=1103  stale=1087  stale=1087  strid=1103  tempo=1118
  multi_range I32 N= 268435456 bins=       8 smem_dynamic                 conce=1334  conce=1006  conce=1004  conce=1019  conce=1027  hash_=1021  poiso=1332  power=1082  power=1014  sawto=1042  sawto=1042  stale=1026  stale=1027  strid=1042  tempo=1048
  multi_range I32 N= 268435456 bins=       8 smem_cooperative_dynamic     conce=1331  conce=1005  conce=1003  conce=1017  conce=1026  hash_=1020  poiso=1330  power=1080  power=1013  sawto=1041  sawto=1041  stale=1026  stale=1026  strid=1041  tempo=1047
  multi_range I32 N= 268435456 bins=      16 smem_static                  conce=1186  conce=1093  conce=999  conce=936  conce=933  hash_=1018  poiso=1185  power=928  power=931  sawto=943  sawto=944  stale=933  stale=933  strid=944  tempo=992
  multi_range I32 N= 268435456 bins=      16 smem_cooperative_static      conce=1181  conce=1090  conce=997  conce=933  conce=930  hash_=1015  poiso=1180  power=925  power=928  sawto=941  sawto=941  stale=930  stale=930  strid=941  tempo=989
  multi_range I32 N= 268435456 bins=      16 smem_dynamic                 conce=1137  conce=1020  conce=947  conce=901  conce=900  hash_=970  poiso=1136  power=894  power=896  sawto=910  sawto=910  stale=900  stale=900  strid=910  tempo=947
  multi_range I32 N= 268435456 bins=      16 smem_cooperative_dynamic     conce=1135  conce=1019  conce=946  conce=900  conce=900  hash_=968  poiso=1134  power=893  power=895  sawto=909  sawto=909  stale=899  stale=899  strid=909  tempo=947
  multi_range I32 N= 268435456 bins=      32 smem_static                  conce=1003  conce=929  conce=856  conce=822  conce=822  hash_=905  poiso=1003  power=934  power=857  sawto=822  sawto=822  stale=822  stale=822  strid=822  tempo=903
  multi_range I32 N= 268435456 bins=      32 smem_cooperative_static      conce=999  conce=926  conce=853  conce=820  conce=819  hash_=902  poiso=999  power=931  power=855  sawto=820  sawto=819  stale=819  stale=819  strid=819  tempo=900
  multi_range I32 N= 268435456 bins=      32 smem_dynamic                 conce=987  conce=892  conce=833  conce=806  conce=806  hash_=877  poiso=986  power=899  power=836  sawto=808  sawto=808  stale=806  stale=806  strid=807  tempo=875
  multi_range I32 N= 268435456 bins=      32 smem_cooperative_dynamic     conce=987  conce=891  conce=833  conce=805  conce=805  hash_=877  poiso=985  power=898  power=835  sawto=807  sawto=807  stale=805  stale=805  strid=807  tempo=875
  multi_range I32 N= 268435456 bins=      64 smem_static                  conce=868  conce=756  conce=734  conce=729  conce=746  hash_=807  poiso=868  power=806  power=746  sawto=728  sawto=728  stale=745  stale=745  strid=728  tempo=806
  multi_range I32 N= 268435456 bins=      64 smem_cooperative_static      conce=864  conce=753  conce=731  conce=727  conce=743  hash_=804  poiso=864  power=804  power=744  sawto=725  sawto=726  stale=743  stale=743  strid=725  tempo=803
  multi_range I32 N= 268435456 bins=      64 smem_dynamic                 conce=870  conce=748  conce=728  conce=724  conce=741  hash_=794  poiso=869  power=792  power=740  sawto=726  sawto=726  stale=740  stale=740  strid=725  tempo=792
  multi_range I32 N= 268435456 bins=      64 smem_cooperative_dynamic     conce=870  conce=747  conce=727  conce=724  conce=740  hash_=793  poiso=868  power=791  power=739  sawto=725  sawto=725  stale=740  stale=740  strid=725  tempo=792
  multi_range I32 N= 268435456 bins=     128 smem_static                  conce=765  conce=719  conce=702  conce=688  conce=688  hash_=722  poiso=764  power=729  power=713  sawto=677  sawto=669  stale=688  stale=688  strid=675  tempo=721
  multi_range I32 N= 268435456 bins=     128 smem_cooperative_static      conce=761  conce=716  conce=699  conce=685  conce=685  hash_=719  poiso=761  power=726  power=711  sawto=674  sawto=666  stale=686  stale=686  strid=672  tempo=719
  multi_range I32 N= 268435456 bins=     128 smem_dynamic                 conce=777  conce=715  conce=700  conce=687  conce=689  hash_=719  poiso=775  power=725  power=711  sawto=679  sawto=673  stale=689  stale=689  strid=679  tempo=719
  multi_range I32 N= 268435456 bins=     128 smem_cooperative_dynamic     conce=776  conce=715  conce=699  conce=686  conce=689  hash_=719  poiso=775  power=724  power=711  sawto=679  sawto=672  stale=689  stale=688  strid=679  tempo=718
  multi_range I32 N= 268435456 bins=     256 smem_static                  conce=683  conce=652  conce=650  conce=646  conce=636  hash_=651  poiso=683  power=654  power=644  sawto=624  sawto=625  stale=635  stale=635  strid=634  tempo=650
  multi_range I32 N= 268435456 bins=     256 smem_cooperative_static      conce=680  conce=650  conce=647  conce=643  conce=633  hash_=648  poiso=679  power=651  power=641  sawto=622  sawto=623  stale=633  stale=633  strid=632  tempo=648
  multi_range I32 N= 268435456 bins=     256 smem_dynamic                 conce=702  conce=656  conce=653  conce=649  conce=641  hash_=655  poiso=700  power=658  power=648  sawto=633  sawto=631  stale=641  stale=641  strid=641  tempo=655
  multi_range I32 N= 268435456 bins=     256 smem_cooperative_dynamic     conce=701  conce=655  conce=653  conce=649  conce=640  hash_=655  poiso=699  power=658  power=647  sawto=633  sawto=630  stale=640  stale=640  strid=640  tempo=655
  multi_range I32 N= 268435456 bins=     512 smem_dynamic                 conce=2778  conce=1159  conce=1170  conce=1206  conce=1226  hash_=1158  poiso=2775  power=1167  power=1208  sawto=1230  sawto=1227  stale=1226  stale=1226  strid=1227  tempo=1154
  multi_range I32 N= 268435456 bins=     512 smem_cooperative_dynamic     conce=2739  conce=1154  conce=1167  conce=1198  conce=1215  hash_=1150  poiso=2738  power=1161  power=1198  sawto=1222  sawto=1217  stale=1215  stale=1216  strid=1216  tempo=1149
  queried input cache: cub.bench.histogram.multi.range.base I32 N=1073741824 -> S=1024
  multi_range I32 N=1073741824 bins=       8 smem_static                  DROP (ran=None)
  multi_range I32 N=1073741824 bins=       8 smem_cooperative_static      DROP (ran=None)
  multi_range I32 N=1073741824 bins=       8 smem_dynamic                 DROP (ran=None)
  multi_range I32 N=1073741824 bins=       8 smem_cooperative_dynamic     DROP (ran=None)
  multi_range I32 N=1073741824 bins=      16 smem_static                  DROP (ran=None)
  multi_range I32 N=1073741824 bins=      16 smem_cooperative_static      DROP (ran=None)
  multi_range I32 N=1073741824 bins=      16 smem_dynamic                 DROP (ran=None)
  multi_range I32 N=1073741824 bins=      16 smem_cooperative_dynamic     DROP (ran=None)
  multi_range I32 N=1073741824 bins=      32 smem_static                  DROP (ran=None)
  multi_range I32 N=1073741824 bins=      32 smem_cooperative_static      DROP (ran=None)
  multi_range I32 N=1073741824 bins=      32 smem_dynamic                 DROP (ran=None)
  multi_range I32 N=1073741824 bins=      32 smem_cooperative_dynamic     DROP (ran=None)
  multi_range I32 N=1073741824 bins=      64 smem_static                  DROP (ran=None)
  multi_range I32 N=1073741824 bins=      64 smem_cooperative_static      DROP (ran=None)
  multi_range I32 N=1073741824 bins=      64 smem_dynamic                 DROP (ran=None)
  multi_range I32 N=1073741824 bins=      64 smem_cooperative_dynamic     DROP (ran=None)
  multi_range I32 N=1073741824 bins=     128 smem_static                  DROP (ran=None)
  multi_range I32 N=1073741824 bins=     128 smem_cooperative_static      DROP (ran=None)
  multi_range I32 N=1073741824 bins=     128 smem_dynamic                 DROP (ran=None)
  multi_range I32 N=1073741824 bins=     128 smem_cooperative_dynamic     DROP (ran=None)
  multi_range I32 N=1073741824 bins=     256 smem_static                  DROP (ran=None)
  multi_range I32 N=1073741824 bins=     256 smem_cooperative_static      DROP (ran=None)
  multi_range I32 N=1073741824 bins=     256 smem_dynamic                 DROP (ran=None)
  multi_range I32 N=1073741824 bins=     256 smem_cooperative_dynamic     DROP (ran=None)
  multi_range I32 N=1073741824 bins=     512 smem_dynamic                 DROP (ran=None)
  multi_range I32 N=1073741824 bins=     512 smem_cooperative_dynamic     DROP (ran=None)
  queried input cache: cub.bench.histogram.multi.range.base I32 N=2000000000 -> S=1024
  multi_range I32 N=2000000000 bins=       8 smem_static                  DROP (ran=None)
  multi_range I32 N=2000000000 bins=       8 smem_cooperative_static      DROP (ran=None)
  multi_range I32 N=2000000000 bins=       8 smem_dynamic                 DROP (ran=None)
  multi_range I32 N=2000000000 bins=       8 smem_cooperative_dynamic     DROP (ran=None)
  multi_range I32 N=2000000000 bins=      16 smem_static                  DROP (ran=None)
  multi_range I32 N=2000000000 bins=      16 smem_cooperative_static      DROP (ran=None)
  multi_range I32 N=2000000000 bins=      16 smem_dynamic                 DROP (ran=None)
  multi_range I32 N=2000000000 bins=      16 smem_cooperative_dynamic     DROP (ran=None)
  multi_range I32 N=2000000000 bins=      32 smem_static                  DROP (ran=None)
  multi_range I32 N=2000000000 bins=      32 smem_cooperative_static      DROP (ran=None)
  multi_range I32 N=2000000000 bins=      32 smem_dynamic                 DROP (ran=None)
  multi_range I32 N=2000000000 bins=      32 smem_cooperative_dynamic     DROP (ran=None)
  multi_range I32 N=2000000000 bins=      64 smem_static                  DROP (ran=None)
  multi_range I32 N=2000000000 bins=      64 smem_cooperative_static      DROP (ran=None)
  multi_range I32 N=2000000000 bins=      64 smem_dynamic                 DROP (ran=None)
  multi_range I32 N=2000000000 bins=      64 smem_cooperative_dynamic     DROP (ran=None)
  multi_range I32 N=2000000000 bins=     128 smem_static                  DROP (ran=None)
  multi_range I32 N=2000000000 bins=     128 smem_cooperative_static      DROP (ran=None)
  multi_range I32 N=2000000000 bins=     128 smem_dynamic                 DROP (ran=None)
  multi_range I32 N=2000000000 bins=     128 smem_cooperative_dynamic     DROP (ran=None)
  multi_range I32 N=2000000000 bins=     256 smem_static                  DROP (ran=None)
  multi_range I32 N=2000000000 bins=     256 smem_cooperative_static      DROP (ran=None)
  multi_range I32 N=2000000000 bins=     256 smem_dynamic                 DROP (ran=None)
  multi_range I32 N=2000000000 bins=     256 smem_cooperative_dynamic     DROP (ran=None)
  multi_range I32 N=2000000000 bins=     512 smem_dynamic                 DROP (ran=None)
  multi_range I32 N=2000000000 bins=     512 smem_cooperative_dynamic     DROP (ran=None)
  multi_range I32 N=   1048576 bins=       8 main                              conce=539  conce=460  conce=472  conce=482  conce=481  hash_=478  poiso=535  power=491  power=467  sawto=470  sawto=470  stale=480  stale=478  strid=461  tempo=541
  multi_range I32 N=   1048576 bins=      16 main                              conce=492  conce=458  conce=453  conce=439  conce=443  hash_=444  poiso=486  power=429  power=431  sawto=453  sawto=453  stale=430  stale=439  strid=441  tempo=493
  multi_range I32 N=   1048576 bins=      32 main                              conce=452  conce=418  conce=412  conce=397  conce=411  hash_=416  poiso=445  power=428  power=417  sawto=419  sawto=419  stale=398  stale=407  strid=409  tempo=451
  multi_range I32 N=   1048576 bins=      64 main                              conce=415  conce=368  conce=365  conce=364  conce=383  hash_=383  poiso=399  power=393  power=373  sawto=379  sawto=376  stale=372  stale=375  strid=372  tempo=412
  multi_range I32 N=   1048576 bins=     128 main                              conce=378  conce=357  conce=349  conce=343  conce=352  hash_=358  poiso=364  power=363  power=351  sawto=343  sawto=343  stale=346  stale=345  strid=337  tempo=376
  multi_range I32 N=   1048576 bins=     256 main                              conce=344  conce=324  conce=326  conce=323  conce=323  hash_=327  poiso=339  power=328  power=323  sawto=318  sawto=314  stale=323  stale=322  strid=313  tempo=345
  multi_range I32 N=   1048576 bins=     512 main                              conce=305  conce=242  conce=227  conce=227  conce=235  hash_=272  poiso=296  power=272  power=249  sawto=222  sawto=221  stale=238  stale=238  strid=253  tempo=304
  multi_range I32 N=  16777216 bins=       8 main                              conce=1275  conce=970  conce=976  conce=985  conce=994  hash_=1034  poiso=1271  power=1061  power=982  sawto=977  sawto=981  stale=991  stale=993  strid=977  tempo=1275
  multi_range I32 N=  16777216 bins=      16 main                              conce=1062  conce=982  conce=912  conce=858  conce=858  hash_=925  poiso=1060  power=847  power=852  sawto=909  sawto=909  stale=856  stale=856  strid=907  tempo=1062
  multi_range I32 N=  16777216 bins=      32 main                              conce=909  conce=847  conce=787  conce=758  conce=759  hash_=828  poiso=907  power=850  power=791  sawto=794  sawto=794  stale=759  stale=759  strid=793  tempo=910
  multi_range I32 N=  16777216 bins=      64 main                              conce=794  conce=699  conce=680  conce=676  conce=692  hash_=742  poiso=791  power=741  power=692  sawto=703  sawto=704  stale=691  stale=690  strid=703  tempo=794
  multi_range I32 N=  16777216 bins=     128 main                              conce=704  conce=665  conce=652  conce=638  conce=640  hash_=669  poiso=701  power=675  power=662  sawto=630  sawto=630  stale=637  stale=638  strid=629  tempo=704
  multi_range I32 N=  16777216 bins=     256 main                              conce=631  conce=605  conce=603  conce=600  conce=592  hash_=603  poiso=631  power=607  power=599  sawto=580  sawto=580  stale=591  stale=591  strid=579  tempo=631
  multi_range I32 N=  16777216 bins=     512 main                              conce=574  conce=506  conce=459  conce=471  conce=497  hash_=545  poiso=573  power=548  power=520  sawto=467  sawto=451  stale=496  stale=497  strid=525  tempo=574
  multi_range I32 N=  67108864 bins=       8 main                              conce=1392  conce=1041  conce=1046  conce=1055  conce=1057  hash_=1108  poiso=1391  power=1136  power=1054  sawto=1044  sawto=1057  stale=1058  stale=1058  strid=1044  tempo=1392
  multi_range I32 N=  67108864 bins=      16 main                              conce=1146  conce=1057  conce=971  conce=910  conce=906  hash_=984  poiso=1145  power=900  power=905  sawto=967  sawto=968  stale=907  stale=907  strid=967  tempo=1146
  multi_range I32 N=  67108864 bins=      32 main                              conce=970  conce=901  conce=831  conce=799  conce=798  hash_=876  poiso=969  power=905  power=833  sawto=838  sawto=838  stale=798  stale=799  strid=837  tempo=970
  multi_range I32 N=  67108864 bins=      64 main                              conce=840  conce=733  conce=713  conce=709  conce=724  hash_=782  poiso=839  power=783  power=725  sawto=738  sawto=738  stale=724  stale=724  strid=737  tempo=840
  multi_range I32 N=  67108864 bins=     128 main                              conce=740  conce=698  conce=682  conce=667  conce=668  hash_=700  poiso=739  power=707  power=693  sawto=659  sawto=659  stale=668  stale=668  strid=658  tempo=740
  multi_range I32 N=  67108864 bins=     256 main                              conce=661  conce=633  conce=631  conce=627  conce=617  hash_=631  poiso=660  power=635  power=625  sawto=604  sawto=604  stale=617  stale=617  strid=603  tempo=661
  multi_range I32 N=  67108864 bins=     512 main                              conce=603  conce=542  conce=490  conce=503  conce=528  hash_=571  poiso=602  power=577  power=552  sawto=497  sawto=480  stale=528  stale=528  strid=555  tempo=603
  multi_range I32 N= 268435456 bins=       8 main                              conce=1433  conce=1066  conce=1069  conce=1076  conce=1077  hash_=1133  poiso=1432  power=1160  power=1075  sawto=1062  sawto=1087  stale=1078  stale=1078  strid=1062  tempo=1433
  multi_range I32 N= 268435456 bins=      16 main                              conce=1173  conce=1083  conce=988  conce=925  conce=921  hash_=1003  poiso=1172  power=917  power=920  sawto=984  sawto=985  stale=922  stale=922  strid=984  tempo=1172
  multi_range I32 N= 268435456 bins=      32 main                              conce=989  conce=918  conce=843  conce=811  conce=809  hash_=892  poiso=988  power=923  power=846  sawto=850  sawto=851  stale=810  stale=810  strid=850  tempo=989
  multi_range I32 N= 268435456 bins=      64 main                              conce=854  conce=744  conce=722  conce=718  conce=732  hash_=794  poiso=853  power=795  power=734  sawto=747  sawto=748  stale=734  stale=733  strid=747  tempo=854
  multi_range I32 N= 268435456 bins=     128 main                              conce=751  conce=707  conce=691  conce=676  conce=675  hash_=710  poiso=750  power=717  power=702  sawto=667  sawto=667  stale=676  stale=676  strid=667  tempo=751
  multi_range I32 N= 268435456 bins=     256 main                              conce=670  conce=641  conce=639  conce=635  conce=624  hash_=639  poiso=669  power=643  power=632  sawto=611  sawto=611  stale=625  stale=624  strid=611  tempo=670
  multi_range I32 N= 268435456 bins=     512 main                              conce=611  conce=551  conce=497  conce=510  conce=535  hash_=581  poiso=610  power=587  power=561  sawto=507  sawto=485  stale=536  stale=536  strid=564  tempo=611
  multi_range I32 N=1073741824 bins=       8 main                              conce=1443  conce=1072  conce=1076  conce=1082  conce=1084  hash_=1139  poiso=1442  power=1166  power=1081  sawto=1068  sawto=1095  stale=1084  stale=1084  strid=1067  tempo=1443
  multi_range I32 N=1073741824 bins=      16 main                              conce=1179  conce=1090  conce=993  conce=929  conce=926  hash_=1009  poiso=1179  power=921  power=924  sawto=989  sawto=990  stale=926  stale=926  strid=989  tempo=1179
  multi_range I32 N=1073741824 bins=      32 main                              conce=994  conce=922  conce=848  conce=814  conce=813  hash_=896  poiso=993  power=927  power=849  sawto=854  sawto=854  stale=813  stale=813  strid=854  tempo=994
  multi_range I32 N=1073741824 bins=      64 main                              conce=858  conce=748  conce=725  conce=721  conce=737  hash_=798  poiso=857  power=798  power=738  sawto=751  sawto=751  stale=737  stale=737  strid=751  tempo=858
  multi_range I32 N=1073741824 bins=     128 main                              conce=754  conce=710  conce=694  conce=679  conce=679  hash_=713  poiso=754  power=720  power=704  sawto=669  sawto=670  stale=679  stale=679  strid=669  tempo=754
  multi_range I32 N=1073741824 bins=     256 main                              conce=673  conce=644  conce=642  conce=638  conce=627  hash_=642  poiso=672  power=645  power=635  sawto=613  sawto=613  stale=627  stale=627  strid=613  tempo=673
  multi_range I32 N=1073741824 bins=     512 main                              conce=614  conce=554  conce=499  conce=512  conce=538  hash_=584  poiso=614  power=589  power=564  sawto=509  sawto=487  stale=538  stale=539  strid=567  tempo=614
  multi_range I32 N=2000000000 bins=       8 main                              conce=1445  conce=1074  conce=1077  conce=1083  conce=1085  hash_=1141  poiso=1444  power=1167  power=1082  sawto=1069  sawto=1096  stale=1085  stale=1085  strid=1068  tempo=1444
  multi_range I32 N=2000000000 bins=      16 main                              conce=1181  conce=1091  conce=994  conce=930  conce=927  hash_=1009  poiso=1180  power=922  power=925  sawto=990  sawto=991  stale=927  stale=927  strid=990  tempo=1181
  multi_range I32 N=2000000000 bins=      32 main                              conce=995  conce=923  conce=849  conce=815  conce=814  hash_=897  poiso=994  power=928  power=850  sawto=855  sawto=855  stale=814  stale=814  strid=855  tempo=995
  multi_range I32 N=2000000000 bins=      64 main                              conce=859  conce=748  conce=726  conce=721  conce=737  hash_=798  poiso=858  power=799  power=738  sawto=751  sawto=752  stale=737  stale=737  strid=751  tempo=859
  multi_range I32 N=2000000000 bins=     128 main                              conce=755  conce=711  conce=695  conce=679  conce=680  hash_=713  poiso=754  power=721  power=705  sawto=670  sawto=670  stale=680  stale=680  strid=670  tempo=755
  multi_range I32 N=2000000000 bins=     256 main                              conce=673  conce=645  conce=642  conce=638  conce=627  hash_=642  poiso=673  power=646  power=636  sawto=613  sawto=614  stale=628  stale=627  strid=614  tempo=673
  multi_range I32 N=2000000000 bins=     512 main                              conce=615  conce=555  conce=500  conce=512  conce=539  hash_=585  poiso=614  power=590  power=565  sawto=509  sawto=487  stale=539  stale=539  strid=567  tempo=615
  queried input cache: cub.bench.histogram.multi.range.base F64 N=1048576 -> S=1024
  multi_range F64 N=   1048576 bins=       8 smem_static                  conce=977  conce=963  conce=995  conce=1039  conce=1047  hash_=948  poiso=979  power=970  power=1008  sawto=1061  sawto=1055  stale=1054  stale=1061  strid=1040  tempo=960
  multi_range F64 N=   1048576 bins=       8 smem_cooperative_static      conce=844  conce=831  conce=849  conce=887  conce=878  hash_=823  poiso=843  power=842  power=847  sawto=894  sawto=890  stale=894  stale=899  strid=867  tempo=837
  multi_range F64 N=   1048576 bins=       8 smem_dynamic                 conce=879  conce=831  conce=844  conce=880  conce=899  hash_=843  poiso=876  power=860  power=858  sawto=903  sawto=902  stale=897  stale=905  strid=883  tempo=847
  multi_range F64 N=   1048576 bins=       8 smem_cooperative_dynamic     conce=848  conce=794  conce=838  conce=845  conce=876  hash_=833  poiso=847  power=840  power=844  sawto=879  sawto=883  stale=885  stale=891  strid=862  tempo=840
  multi_range F64 N=   1048576 bins=      16 smem_static                  conce=925  conce=968  conce=980  conce=975  conce=959  hash_=895  poiso=905  power=895  power=970  sawto=952  sawto=947  stale=966  stale=972  strid=941  tempo=917
  multi_range F64 N=   1048576 bins=      16 smem_cooperative_static      conce=792  conce=834  conce=839  conce=799  conce=797  hash_=780  poiso=786  power=754  power=789  sawto=788  sawto=787  stale=794  stale=805  strid=784  tempo=786
  multi_range F64 N=   1048576 bins=      16 smem_dynamic                 conce=836  conce=832  conce=839  conce=834  conce=830  hash_=815  poiso=830  power=779  power=828  sawto=846  sawto=844  stale=830  stale=835  strid=832  tempo=814
  multi_range F64 N=   1048576 bins=      16 smem_cooperative_dynamic     conce=824  conce=793  conce=830  conce=811  conce=813  hash_=785  poiso=798  power=777  power=792  sawto=841  sawto=838  stale=821  stale=830  strid=834  tempo=793
  multi_range F64 N=   1048576 bins=      32 smem_static                  conce=866  conce=893  conce=894  conce=876  conce=882  hash_=855  poiso=855  power=891  power=902  sawto=848  sawto=852  stale=881  stale=888  strid=835  tempo=869
  multi_range F64 N=   1048576 bins=      32 smem_cooperative_static      conce=739  conce=768  conce=751  conce=735  conce=734  hash_=732  poiso=736  power=764  power=758  sawto=729  sawto=728  stale=736  stale=737  strid=718  tempo=739
  multi_range F64 N=   1048576 bins=      32 smem_dynamic                 conce=787  conce=787  conce=786  conce=781  conce=790  hash_=764  poiso=780  power=787  power=797  sawto=788  sawto=786  stale=786  stale=789  strid=777  tempo=775
  multi_range F64 N=   1048576 bins=      32 smem_cooperative_dynamic     conce=782  conce=783  conce=779  conce=779  conce=775  hash_=742  poiso=779  power=781  power=785  sawto=784  sawto=782  stale=783  stale=783  strid=776  tempo=769
  multi_range F64 N=   1048576 bins=      64 smem_static                  conce=820  conce=780  conce=776  conce=777  conce=812  hash_=779  poiso=796  power=829  power=827  sawto=779  sawto=777  stale=811  stale=817  strid=765  tempo=811
  multi_range F64 N=   1048576 bins=      64 smem_cooperative_static      conce=692  conce=653  conce=651  conce=652  conce=676  hash_=682  poiso=688  power=694  power=690  sawto=651  sawto=651  stale=687  stale=687  strid=647  tempo=690
  multi_range F64 N=   1048576 bins=      64 smem_dynamic                 conce=741  conce=699  conce=696  conce=710  conce=741  hash_=712  poiso=738  power=733  power=730  sawto=722  sawto=719  stale=736  stale=736  strid=716  tempo=728
  multi_range F64 N=   1048576 bins=      64 smem_cooperative_dynamic     conce=732  conce=690  conce=689  conce=694  conce=728  hash_=694  poiso=730  power=722  power=730  sawto=708  sawto=706  stale=730  stale=730  strid=698  tempo=724
  multi_range F64 N=   1048576 bins=     128 smem_static                  conce=766  conce=738  conce=726  conce=714  conce=712  hash_=717  poiso=742  power=771  power=742  sawto=741  sawto=710  stale=706  stale=710  strid=710  tempo=744
  multi_range F64 N=   1048576 bins=     128 smem_cooperative_static      conce=648  conce=619  conce=616  conce=614  conce=608  hash_=617  poiso=632  power=651  power=622  sawto=618  sawto=605  stale=611  stale=612  strid=596  tempo=630
  multi_range F64 N=   1048576 bins=     128 smem_dynamic                 conce=695  conce=672  conce=658  conce=655  conce=661  hash_=656  poiso=683  power=690  power=684  sawto=686  sawto=650  stale=661  stale=662  strid=646  tempo=682
  multi_range F64 N=   1048576 bins=     128 smem_cooperative_dynamic     conce=689  conce=654  conce=651  conce=651  conce=649  hash_=648  poiso=684  power=687  power=683  sawto=686  sawto=649  stale=651  stale=652  strid=646  tempo=679
  multi_range F64 N=   1048576 bins=     256 smem_static                  conce=704  conce=680  conce=645  conce=610  conce=598  hash_=672  poiso=680  power=712  power=666  sawto=711  sawto=576  stale=597  stale=597  strid=583  tempo=687
  multi_range F64 N=   1048576 bins=     256 smem_cooperative_static      conce=595  conce=583  conce=569  conce=541  conce=527  hash_=571  poiso=584  power=603  power=579  sawto=597  sawto=510  stale=529  stale=529  strid=519  tempo=584
  multi_range F64 N=   1048576 bins=     256 smem_dynamic                 conce=651  conce=625  conce=605  conce=582  conce=573  hash_=616  poiso=636  power=646  power=622  sawto=658  sawto=550  stale=574  stale=576  strid=563  tempo=639
  multi_range F64 N=   1048576 bins=     256 smem_cooperative_dynamic     conce=650  conce=617  conce=600  conce=584  conce=564  hash_=614  poiso=629  power=647  power=617  sawto=652  sawto=549  stale=565  stale=571  strid=557  tempo=634
  multi_range F64 N=   1048576 bins=     512 smem_dynamic                 conce=857  conce=768  conce=774  conce=797  conce=812  hash_=766  poiso=851  power=779  power=803  sawto=873  sawto=838  stale=809  stale=813  strid=820  tempo=768
  multi_range F64 N=   1048576 bins=     512 smem_cooperative_dynamic     conce=842  conce=738  conce=765  conce=784  conce=783  hash_=758  poiso=840  power=779  power=787  sawto=846  sawto=819  stale=787  stale=788  strid=800  tempo=745
  queried input cache: cub.bench.histogram.multi.range.base F64 N=16777216 -> S=1024
  multi_range F64 N=  16777216 bins=       8 smem_static                  conce=1785  conce=1737  conce=1872  conce=1949  conce=1962  hash_=1663  poiso=1787  power=1785  power=1911  sawto=1978  sawto=1979  stale=1962  stale=1962  strid=1974  tempo=1712
  multi_range F64 N=  16777216 bins=       8 smem_cooperative_static      conce=1781  conce=1732  conce=1866  conce=1940  conce=1951  hash_=1658  poiso=1782  power=1779  power=1902  sawto=1971  sawto=1972  stale=1954  stale=1955  strid=1967  tempo=1704
  multi_range F64 N=  16777216 bins=       8 smem_dynamic                 conce=1712  conce=1586  conce=1672  conce=1776  conce=1869  hash_=1585  poiso=1712  power=1646  power=1730  sawto=1856  sawto=1854  stale=1869  stale=1870  strid=1852  tempo=1617
  multi_range F64 N=  16777216 bins=       8 smem_cooperative_dynamic     conce=1707  conce=1585  conce=1671  conce=1775  conce=1866  hash_=1583  poiso=1708  power=1643  power=1729  sawto=1857  sawto=1856  stale=1867  stale=1868  strid=1854  tempo=1616
  multi_range F64 N=  16777216 bins=      16 smem_static                  conce=1653  conce=1764  conce=1773  conce=1692  conce=1672  hash_=1604  poiso=1649  power=1538  power=1672  sawto=1680  sawto=1679  stale=1672  stale=1673  strid=1678  tempo=1581
  multi_range F64 N=  16777216 bins=      16 smem_cooperative_static      conce=1648  conce=1757  conce=1766  conce=1686  conce=1663  hash_=1598  poiso=1642  power=1533  power=1668  sawto=1673  sawto=1672  stale=1666  stale=1668  strid=1671  tempo=1575
  multi_range F64 N=  16777216 bins=      16 smem_dynamic                 conce=1609  conce=1601  conce=1639  conce=1628  conce=1656  hash_=1543  poiso=1605  power=1476  power=1596  sawto=1671  sawto=1667  stale=1655  stale=1655  strid=1668  tempo=1525
  multi_range F64 N=  16777216 bins=      16 smem_cooperative_dynamic     conce=1607  conce=1599  conce=1636  conce=1627  conce=1654  hash_=1542  poiso=1601  power=1473  power=1596  sawto=1670  sawto=1667  stale=1656  stale=1655  strid=1669  tempo=1525
  multi_range F64 N=  16777216 bins=      32 smem_static                  conce=1502  conce=1577  conce=1536  conce=1477  conce=1471  hash_=1472  poiso=1501  power=1553  power=1544  sawto=1467  sawto=1466  stale=1474  stale=1474  strid=1464  tempo=1474
  multi_range F64 N=  16777216 bins=      32 smem_cooperative_static      conce=1498  conce=1571  conce=1532  conce=1475  conce=1467  hash_=1469  poiso=1495  power=1548  power=1539  sawto=1459  sawto=1460  stale=1469  stale=1469  strid=1457  tempo=1471
  multi_range F64 N=  16777216 bins=      32 smem_dynamic                 conce=1491  conce=1483  conce=1484  conce=1483  conce=1493  hash_=1437  poiso=1489  power=1479  power=1525  sawto=1495  sawto=1493  stale=1494  stale=1494  strid=1493  tempo=1440
  multi_range F64 N=  16777216 bins=      32 smem_cooperative_dynamic     conce=1491  conce=1482  conce=1484  conce=1483  conce=1493  hash_=1436  poiso=1488  power=1479  power=1525  sawto=1496  sawto=1495  stale=1495  stale=1495  strid=1493  tempo=1439
  multi_range F64 N=  16777216 bins=      64 smem_static                  conce=1366  conce=1271  conce=1257  conce=1269  conce=1331  hash_=1322  poiso=1357  power=1388  power=1326  sawto=1264  sawto=1262  stale=1318  stale=1317  strid=1262  tempo=1327
  multi_range F64 N=  16777216 bins=      64 smem_cooperative_static      conce=1365  conce=1279  conce=1269  conce=1288  conce=1327  hash_=1324  poiso=1360  power=1389  power=1334  sawto=1292  sawto=1292  stale=1329  stale=1330  strid=1289  tempo=1328
  multi_range F64 N=  16777216 bins=      64 smem_dynamic                 conce=1369  conce=1263  conce=1249  conce=1277  conce=1343  hash_=1310  poiso=1366  power=1361  power=1328  sawto=1323  sawto=1324  stale=1344  stale=1345  strid=1321  tempo=1311
  multi_range F64 N=  16777216 bins=      64 smem_cooperative_dynamic     conce=1368  conce=1261  conce=1248  conce=1277  conce=1342  hash_=1309  poiso=1364  power=1359  power=1327  sawto=1322  sawto=1325  stale=1344  stale=1346  strid=1320  tempo=1310
  multi_range F64 N=  16777216 bins=     128 smem_static                  conce=1238  conce=1166  conce=1140  conce=1132  conce=1157  hash_=1172  poiso=1225  power=1256  power=1184  sawto=1154  sawto=1111  stale=1137  stale=1138  strid=1119  tempo=1175
  multi_range F64 N=  16777216 bins=     128 smem_cooperative_static      conce=1244  conce=1182  conce=1158  conce=1148  conce=1151  hash_=1185  poiso=1237  power=1262  power=1203  sawto=1189  sawto=1131  stale=1151  stale=1153  strid=1137  tempo=1190
  multi_range F64 N=  16777216 bins=     128 smem_dynamic                 conce=1270  conce=1164  conce=1115  conce=1118  conce=1146  hash_=1196  poiso=1264  power=1250  power=1191  sawto=1239  sawto=1144  stale=1146  stale=1146  strid=1155  tempo=1200
  multi_range F64 N=  16777216 bins=     128 smem_cooperative_dynamic     conce=1269  conce=1163  conce=1114  conce=1118  conce=1146  hash_=1195  poiso=1264  power=1249  power=1191  sawto=1241  sawto=1144  stale=1146  stale=1147  strid=1155  tempo=1200
  multi_range F64 N=  16777216 bins=     256 smem_static                  conce=1138  conce=1066  conce=1034  conce=980  conce=939  hash_=1063  poiso=1127  power=1138  power=1059  sawto=1107  sawto=914  stale=939  stale=939  strid=933  tempo=1066
  multi_range F64 N=  16777216 bins=     256 smem_cooperative_static      conce=1137  conce=1071  conce=1040  conce=978  conce=938  hash_=1071  poiso=1130  power=1144  power=1070  sawto=1113  sawto=912  stale=938  stale=938  strid=931  tempo=1073
  multi_range F64 N=  16777216 bins=     256 smem_dynamic                 conce=1174  conce=1064  conce=983  conce=936  conce=916  hash_=1101  poiso=1167  power=1152  power=1056  sawto=1161  sawto=892  stale=916  stale=916  strid=911  tempo=1105
  multi_range F64 N=  16777216 bins=     256 smem_cooperative_dynamic     conce=1174  conce=1063  conce=982  conce=936  conce=915  hash_=1103  poiso=1167  power=1152  power=1055  sawto=1162  sawto=892  stale=916  stale=916  strid=911  tempo=1104
  multi_range F64 N=  16777216 bins=     512 smem_dynamic                 conce=1817  conce=1593  conce=1639  conce=1740  conce=1778  hash_=1604  poiso=1816  power=1637  power=1809  sawto=2145  sawto=1927  stale=1777  stale=1778  strid=1915  tempo=1604
  multi_range F64 N=  16777216 bins=     512 smem_cooperative_dynamic     conce=1813  conce=1589  conce=1636  conce=1735  conce=1773  hash_=1599  poiso=1811  power=1642  power=1804  sawto=2137  sawto=1924  stale=1773  stale=1775  strid=1911  tempo=1601
  queried input cache: cub.bench.histogram.multi.range.base F64 N=67108864 -> S=1024
  multi_range F64 N=  67108864 bins=       8 smem_static                  conce=1871  conce=1831  conce=1984  conce=2072  conce=2077  hash_=1748  poiso=1870  power=1879  power=2028  sawto=2102  sawto=2102  stale=2080  stale=2080  strid=2101  tempo=1796
  multi_range F64 N=  67108864 bins=       8 smem_cooperative_static      conce=1868  conce=1828  conce=1982  conce=2070  conce=2074  hash_=1747  poiso=1868  power=1878  power=2025  sawto=2099  sawto=2099  stale=2078  stale=2078  strid=2097  tempo=1793
  multi_range F64 N=  67108864 bins=       8 smem_dynamic                 conce=1814  conce=1683  conce=1783  conce=1905  conce=2009  hash_=1679  poiso=1815  power=1744  power=1851  sawto=2002  sawto=2002  stale=2009  stale=2009  strid=2002  tempo=1713
  multi_range F64 N=  67108864 bins=       8 smem_cooperative_dynamic     conce=1814  conce=1683  conce=1783  conce=1906  conce=2010  hash_=1678  poiso=1814  power=1744  power=1851  sawto=2005  sawto=2004  stale=2011  stale=2011  strid=2004  tempo=1713
  multi_range F64 N=  67108864 bins=      16 smem_static                  conce=1733  conce=1862  conce=1876  conce=1781  conce=1757  hash_=1685  poiso=1731  power=1613  power=1762  sawto=1767  sawto=1766  stale=1758  stale=1757  strid=1764  tempo=1656
  multi_range F64 N=  67108864 bins=      16 smem_cooperative_static      conce=1731  conce=1859  conce=1874  conce=1780  conce=1755  hash_=1683  poiso=1728  power=1612  power=1760  sawto=1764  sawto=1763  stale=1755  stale=1756  strid=1763  tempo=1654
  multi_range F64 N=  67108864 bins=      16 smem_dynamic                 conce=1704  conce=1702  conce=1749  conce=1736  conce=1764  hash_=1638  poiso=1702  power=1566  power=1703  sawto=1776  sawto=1775  stale=1764  stale=1764  strid=1775  tempo=1617
  multi_range F64 N=  67108864 bins=      16 smem_cooperative_dynamic     conce=1703  conce=1701  conce=1750  conce=1738  conce=1767  hash_=1637  poiso=1701  power=1566  power=1704  sawto=1780  sawto=1779  stale=1767  stale=1767  strid=1778  tempo=1618
  multi_range F64 N=  67108864 bins=      32 smem_static                  conce=1575  conce=1659  conce=1612  conce=1545  conce=1535  hash_=1544  poiso=1573  power=1633  power=1620  sawto=1523  sawto=1523  stale=1533  stale=1534  strid=1524  tempo=1545
  multi_range F64 N=  67108864 bins=      32 smem_cooperative_static      conce=1573  conce=1658  conce=1609  conce=1543  conce=1533  hash_=1543  poiso=1572  power=1631  power=1617  sawto=1524  sawto=1525  stale=1534  stale=1533  strid=1523  tempo=1543
  multi_range F64 N=  67108864 bins=      32 smem_dynamic                 conce=1581  conce=1578  conce=1579  conce=1574  conce=1581  hash_=1527  poiso=1580  power=1572  power=1620  sawto=1581  sawto=1580  stale=1581  stale=1581  strid=1579  tempo=1527
  multi_range F64 N=  67108864 bins=      32 smem_cooperative_dynamic     conce=1581  conce=1579  conce=1580  conce=1576  conce=1584  hash_=1528  poiso=1580  power=1572  power=1621  sawto=1584  sawto=1583  stale=1585  stale=1585  strid=1583  tempo=1529
  multi_range F64 N=  67108864 bins=      64 smem_static                  conce=1430  conce=1341  conce=1331  conce=1350  conce=1393  hash_=1389  poiso=1428  power=1460  power=1399  sawto=1357  sawto=1357  stale=1394  stale=1394  strid=1355  tempo=1388
  multi_range F64 N=  67108864 bins=      64 smem_cooperative_static      conce=1429  conce=1340  conce=1332  conce=1349  conce=1391  hash_=1388  poiso=1426  power=1459  power=1398  sawto=1355  sawto=1356  stale=1393  stale=1393  strid=1356  tempo=1386
  multi_range F64 N=  67108864 bins=      64 smem_dynamic                 conce=1446  conce=1335  conce=1323  conce=1356  conce=1424  hash_=1388  poiso=1446  power=1443  power=1407  sawto=1401  sawto=1403  stale=1424  stale=1424  strid=1400  tempo=1385
  multi_range F64 N=  67108864 bins=      64 smem_cooperative_dynamic     conce=1446  conce=1334  conce=1323  conce=1358  conce=1427  hash_=1386  poiso=1444  power=1443  power=1407  sawto=1403  sawto=1406  stale=1426  stale=1427  strid=1402  tempo=1384
  multi_range F64 N=  67108864 bins=     128 smem_static                  conce=1302  conce=1234  conce=1209  conce=1199  conce=1204  hash_=1242  poiso=1298  power=1322  power=1265  sawto=1242  sawto=1180  stale=1205  stale=1205  strid=1191  tempo=1242
  multi_range F64 N=  67108864 bins=     128 smem_cooperative_static      conce=1301  conce=1231  conce=1204  conce=1195  conce=1200  hash_=1239  poiso=1297  power=1320  power=1262  sawto=1240  sawto=1179  stale=1201  stale=1202  strid=1187  tempo=1239
  multi_range F64 N=  67108864 bins=     128 smem_dynamic                 conce=1346  conce=1227  conce=1169  conce=1175  conce=1210  hash_=1266  poiso=1344  power=1326  power=1256  sawto=1308  sawto=1209  stale=1209  stale=1209  strid=1226  tempo=1266
  multi_range F64 N=  67108864 bins=     128 smem_cooperative_dynamic     conce=1346  conce=1227  conce=1169  conce=1175  conce=1210  hash_=1265  poiso=1343  power=1325  power=1256  sawto=1312  sawto=1210  stale=1210  stale=1210  strid=1227  tempo=1265
  multi_range F64 N=  67108864 bins=     256 smem_static                  conce=1188  conce=1119  conce=1079  conce=1014  conce=970  hash_=1121  poiso=1183  power=1197  power=1118  sawto=1156  sawto=944  stale=970  stale=970  strid=964  tempo=1121
  multi_range F64 N=  67108864 bins=     256 smem_cooperative_static      conce=1187  conce=1118  conce=1078  conce=1012  conce=969  hash_=1121  poiso=1183  power=1198  power=1118  sawto=1157  sawto=943  stale=968  stale=969  strid=963  tempo=1121
  multi_range F64 N=  67108864 bins=     256 smem_dynamic                 conce=1244  conce=1119  conce=1024  conce=973  conce=951  hash_=1166  poiso=1239  power=1222  power=1108  sawto=1222  sawto=928  stale=951  stale=951  strid=948  tempo=1166
  multi_range F64 N=  67108864 bins=     256 smem_cooperative_dynamic     conce=1244  conce=1119  conce=1024  conce=973  conce=951  hash_=1166  poiso=1238  power=1222  power=1108  sawto=1225  sawto=928  stale=951  stale=951  strid=948  tempo=1166
  multi_range F64 N=  67108864 bins=     512 smem_dynamic                 conce=1934  conce=1705  conce=1759  conce=1881  conce=1926  hash_=1716  poiso=1933  power=1783  power=1964  sawto=2366  sawto=2105  stale=1925  stale=1927  strid=2093  tempo=1714
  multi_range F64 N=  67108864 bins=     512 smem_cooperative_dynamic     conce=1934  conce=1704  conce=1759  conce=1881  conce=1925  hash_=1715  poiso=1932  power=1781  power=1962  sawto=2365  sawto=2104  stale=1926  stale=1926  strid=2091  tempo=1713
  queried input cache: cub.bench.histogram.multi.range.base F64 N=268435456 -> S=1024
  multi_range F64 N= 268435456 bins=       8 smem_static                  conce=1893  conce=1855  conce=2013  conce=2105  conce=2115  hash_=1770  poiso=1893  power=1905  power=2060  sawto=2137  sawto=2137  stale=2114  stale=2114  strid=2136  tempo=1817
  multi_range F64 N= 268435456 bins=       8 smem_cooperative_static      conce=1892  conce=1855  conce=2013  conce=2105  conce=2113  hash_=1769  poiso=1892  power=1904  power=2059  sawto=2136  sawto=2137  stale=2113  stale=2114  strid=2136  tempo=1817
  multi_range F64 N= 268435456 bins=       8 smem_dynamic                 conce=1842  conce=1710  conce=1813  conce=1942  conce=2051  hash_=1705  poiso=1842  power=1772  power=1886  sawto=2046  sawto=2046  stale=2051  stale=2050  strid=2044  tempo=1739
  multi_range F64 N= 268435456 bins=       8 smem_cooperative_dynamic     conce=1842  conce=1710  conce=1813  conce=1943  conce=2054  hash_=1705  poiso=1843  power=1772  power=1886  sawto=2047  sawto=2047  stale=2054  stale=2053  strid=2047  tempo=1740
  multi_range F64 N= 268435456 bins=      16 smem_static                  conce=1753  conce=1887  conce=1904  conce=1805  conce=1782  hash_=1707  poiso=1752  power=1634  power=1786  sawto=1790  sawto=1791  stale=1781  stale=1782  strid=1790  tempo=1676
  multi_range F64 N= 268435456 bins=      16 smem_cooperative_static      conce=1752  conce=1887  conce=1904  conce=1805  conce=1781  hash_=1707  poiso=1751  power=1634  power=1785  sawto=1790  sawto=1791  stale=1782  stale=1782  strid=1790  tempo=1675
  multi_range F64 N= 268435456 bins=      16 smem_dynamic                 conce=1729  conce=1729  conce=1781  conce=1768  conce=1796  hash_=1666  poiso=1728  power=1592  power=1735  sawto=1807  sawto=1806  stale=1795  stale=1795  strid=1807  tempo=1643
  multi_range F64 N= 268435456 bins=      16 smem_cooperative_dynamic     conce=1729  conce=1729  conce=1782  conce=1771  conce=1799  hash_=1666  poiso=1729  power=1593  power=1736  sawto=1811  sawto=1810  stale=1799  stale=1799  strid=1810  tempo=1644
  multi_range F64 N= 268435456 bins=      32 smem_static                  conce=1594  conce=1682  conce=1633  conce=1566  conce=1555  hash_=1563  poiso=1593  power=1654  power=1641  sawto=1547  sawto=1546  stale=1553  stale=1553  strid=1547  tempo=1563
  multi_range F64 N= 268435456 bins=      32 smem_cooperative_static      conce=1593  conce=1682  conce=1632  conce=1565  conce=1554  hash_=1563  poiso=1593  power=1654  power=1641  sawto=1546  sawto=1548  stale=1554  stale=1553  strid=1546  tempo=1562
  multi_range F64 N= 268435456 bins=      32 smem_dynamic                 conce=1607  conce=1606  conce=1607  conce=1599  conce=1606  hash_=1555  poiso=1606  power=1599  power=1647  sawto=1604  sawto=1604  stale=1606  stale=1606  strid=1604  tempo=1554
  multi_range F64 N= 268435456 bins=      32 smem_cooperative_dynamic     conce=1607  conce=1607  conce=1608  conce=1602  conce=1610  hash_=1555  poiso=1606  power=1600  power=1650  sawto=1608  sawto=1608  stale=1610  stale=1610  strid=1608  tempo=1554
  multi_range F64 N= 268435456 bins=      64 smem_static                  conce=1447  conce=1357  conce=1349  conce=1366  conce=1411  hash_=1406  poiso=1445  power=1477  power=1415  sawto=1371  sawto=1372  stale=1410  stale=1410  strid=1373  tempo=1404
  multi_range F64 N= 268435456 bins=      64 smem_cooperative_static      conce=1447  conce=1358  conce=1348  conce=1369  conce=1410  hash_=1405  poiso=1445  power=1478  power=1416  sawto=1372  sawto=1374  stale=1411  stale=1410  strid=1372  tempo=1403
  multi_range F64 N= 268435456 bins=      64 smem_dynamic                 conce=1469  conce=1355  conce=1344  conce=1380  conce=1447  hash_=1410  poiso=1468  power=1467  power=1429  sawto=1423  sawto=1426  stale=1448  stale=1447  strid=1423  tempo=1406
  multi_range F64 N= 268435456 bins=      64 smem_cooperative_dynamic     conce=1469  conce=1354  conce=1344  conce=1383  conce=1451  hash_=1409  poiso=1468  power=1467  power=1430  sawto=1426  sawto=1429  stale=1451  stale=1451  strid=1426  tempo=1406
  multi_range F64 N= 268435456 bins=     128 smem_static                  conce=1316  conce=1248  conce=1221  conce=1215  conce=1220  hash_=1256  poiso=1314  power=1337  power=1279  sawto=1254  sawto=1193  stale=1221  stale=1221  strid=1202  tempo=1255
  multi_range F64 N= 268435456 bins=     128 smem_cooperative_static      conce=1315  conce=1248  conce=1221  conce=1214  conce=1220  hash_=1256  poiso=1315  power=1337  power=1280  sawto=1255  sawto=1194  stale=1219  stale=1219  strid=1203  tempo=1254
  multi_range F64 N= 268435456 bins=     128 smem_dynamic                 conce=1369  conce=1250  conce=1183  conce=1191  conce=1227  hash_=1286  poiso=1366  power=1347  power=1275  sawto=1327  sawto=1227  stale=1227  stale=1227  strid=1245  tempo=1285
  multi_range F64 N= 268435456 bins=     128 smem_cooperative_dynamic     conce=1369  conce=1250  conce=1184  conce=1191  conce=1228  hash_=1285  poiso=1365  power=1348  power=1275  sawto=1331  sawto=1228  stale=1228  stale=1228  strid=1247  tempo=1284
  multi_range F64 N= 268435456 bins=     256 smem_static                  conce=1201  conce=1133  conce=1090  conce=1022  conce=977  hash_=1135  poiso=1198  power=1212  power=1133  sawto=1169  sawto=951  stale=977  stale=977  strid=972  tempo=1134
  multi_range F64 N= 268435456 bins=     256 smem_cooperative_static      conce=1201  conce=1134  conce=1089  conce=1021  conce=977  hash_=1136  poiso=1198  power=1213  power=1133  sawto=1169  sawto=951  stale=977  stale=977  strid=971  tempo=1135
  multi_range F64 N= 268435456 bins=     256 smem_dynamic                 conce=1265  conce=1134  conce=1034  conce=983  conce=960  hash_=1185  poiso=1261  power=1242  power=1122  sawto=1238  sawto=936  stale=960  stale=960  strid=957  tempo=1183
  multi_range F64 N= 268435456 bins=     256 smem_cooperative_dynamic     conce=1266  conce=1134  conce=1035  conce=983  conce=961  hash_=1185  poiso=1261  power=1242  power=1123  sawto=1242  sawto=936  stale=961  stale=960  strid=957  tempo=1183
  multi_range F64 N= 268435456 bins=     512 smem_dynamic                 conce=1966  conce=1736  conce=1793  conce=1924  conce=1971  hash_=1747  poiso=1966  power=1829  power=2009  sawto=2428  sawto=2159  stale=1970  stale=1970  strid=2145  tempo=1744
  multi_range F64 N= 268435456 bins=     512 smem_cooperative_dynamic     conce=1966  conce=1736  conce=1793  conce=1923  conce=1970  hash_=1747  poiso=1965  power=1829  power=2009  sawto=2429  sawto=2159  stale=1970  stale=1971  strid=2146  tempo=1744
  queried input cache: cub.bench.histogram.multi.range.base F64 N=1073741824 -> S=1024
  multi_range F64 N=1073741824 bins=       8 smem_static                  DROP (ran=None)
  multi_range F64 N=1073741824 bins=       8 smem_cooperative_static      DROP (ran=None)
  multi_range F64 N=1073741824 bins=       8 smem_dynamic                 DROP (ran=None)
  multi_range F64 N=1073741824 bins=       8 smem_cooperative_dynamic     DROP (ran=None)
  multi_range F64 N=1073741824 bins=      16 smem_static                  DROP (ran=None)
  multi_range F64 N=1073741824 bins=      16 smem_cooperative_static      DROP (ran=None)
  multi_range F64 N=1073741824 bins=      16 smem_dynamic                 DROP (ran=None)
  multi_range F64 N=1073741824 bins=      16 smem_cooperative_dynamic     DROP (ran=None)
  multi_range F64 N=1073741824 bins=      32 smem_static                  DROP (ran=None)
  multi_range F64 N=1073741824 bins=      32 smem_cooperative_static      DROP (ran=None)
  multi_range F64 N=1073741824 bins=      32 smem_dynamic                 DROP (ran=None)
  multi_range F64 N=1073741824 bins=      32 smem_cooperative_dynamic     DROP (ran=None)
  multi_range F64 N=1073741824 bins=      64 smem_static                  DROP (ran=None)
  multi_range F64 N=1073741824 bins=      64 smem_cooperative_static      DROP (ran=None)
  multi_range F64 N=1073741824 bins=      64 smem_dynamic                 DROP (ran=None)
  multi_range F64 N=1073741824 bins=      64 smem_cooperative_dynamic     DROP (ran=None)
  multi_range F64 N=1073741824 bins=     128 smem_static                  DROP (ran=None)
  multi_range F64 N=1073741824 bins=     128 smem_cooperative_static      DROP (ran=None)
  multi_range F64 N=1073741824 bins=     128 smem_dynamic                 DROP (ran=None)
  multi_range F64 N=1073741824 bins=     128 smem_cooperative_dynamic     DROP (ran=None)
  multi_range F64 N=1073741824 bins=     256 smem_static                  DROP (ran=None)
  multi_range F64 N=1073741824 bins=     256 smem_cooperative_static      DROP (ran=None)
  multi_range F64 N=1073741824 bins=     256 smem_dynamic                 DROP (ran=None)
  multi_range F64 N=1073741824 bins=     256 smem_cooperative_dynamic     DROP (ran=None)
  multi_range F64 N=1073741824 bins=     512 smem_dynamic                 DROP (ran=None)
  multi_range F64 N=1073741824 bins=     512 smem_cooperative_dynamic     DROP (ran=None)
  queried input cache: cub.bench.histogram.multi.range.base F64 N=2000000000 -> S=1024
  multi_range F64 N=2000000000 bins=       8 smem_static                  DROP (ran=None)
  multi_range F64 N=2000000000 bins=       8 smem_cooperative_static      DROP (ran=None)
  multi_range F64 N=2000000000 bins=       8 smem_dynamic                 DROP (ran=None)
  multi_range F64 N=2000000000 bins=       8 smem_cooperative_dynamic     DROP (ran=None)
  multi_range F64 N=2000000000 bins=      16 smem_static                  DROP (ran=None)
  multi_range F64 N=2000000000 bins=      16 smem_cooperative_static      DROP (ran=None)
  multi_range F64 N=2000000000 bins=      16 smem_dynamic                 DROP (ran=None)
  multi_range F64 N=2000000000 bins=      16 smem_cooperative_dynamic     DROP (ran=None)
  multi_range F64 N=2000000000 bins=      32 smem_static                  DROP (ran=None)
  multi_range F64 N=2000000000 bins=      32 smem_cooperative_static      DROP (ran=None)
  multi_range F64 N=2000000000 bins=      32 smem_dynamic                 DROP (ran=None)
  multi_range F64 N=2000000000 bins=      32 smem_cooperative_dynamic     DROP (ran=None)
  multi_range F64 N=2000000000 bins=      64 smem_static                  DROP (ran=None)
  multi_range F64 N=2000000000 bins=      64 smem_cooperative_static      DROP (ran=None)
  multi_range F64 N=2000000000 bins=      64 smem_dynamic                 DROP (ran=None)
  multi_range F64 N=2000000000 bins=      64 smem_cooperative_dynamic     DROP (ran=None)
  multi_range F64 N=2000000000 bins=     128 smem_static                  DROP (ran=None)
  multi_range F64 N=2000000000 bins=     128 smem_cooperative_static      DROP (ran=None)
  multi_range F64 N=2000000000 bins=     128 smem_dynamic                 DROP (ran=None)
  multi_range F64 N=2000000000 bins=     128 smem_cooperative_dynamic     DROP (ran=None)
  multi_range F64 N=2000000000 bins=     256 smem_static                  DROP (ran=None)
  multi_range F64 N=2000000000 bins=     256 smem_cooperative_static      DROP (ran=None)
  multi_range F64 N=2000000000 bins=     256 smem_dynamic                 DROP (ran=None)
  multi_range F64 N=2000000000 bins=     256 smem_cooperative_dynamic     DROP (ran=None)
  multi_range F64 N=2000000000 bins=     512 smem_dynamic                 DROP (ran=None)
  multi_range F64 N=2000000000 bins=     512 smem_cooperative_dynamic     DROP (ran=None)
  multi_range F64 N=   1048576 bins=       8 main                              conce=980  conce=945  conce=988  conce=1012  conce=1051  hash_=948  poiso=973  power=975  power=1001  sawto=945  sawto=948  stale=1042  stale=1053  strid=932  tempo=982
  multi_range F64 N=   1048576 bins=      16 main                              conce=915  conce=948  conce=969  conce=972  conce=964  hash_=887  poiso=897  power=897  power=959  sawto=984  sawto=985  stale=967  stale=968  strid=956  tempo=919
  multi_range F64 N=   1048576 bins=      32 main                              conce=852  conce=869  conce=888  conce=867  conce=887  hash_=831  poiso=858  power=883  power=899  sawto=906  sawto=907  stale=878  stale=887  strid=888  tempo=857
  multi_range F64 N=   1048576 bins=      64 main                              conce=813  conce=764  conce=772  conce=776  conce=819  hash_=778  poiso=791  power=829  power=815  sawto=802  sawto=795  stale=796  stale=812  strid=792  tempo=806
  multi_range F64 N=   1048576 bins=     128 main                              conce=761  conce=718  conce=721  conce=699  conce=713  hash_=717  poiso=733  power=754  power=733  sawto=638  sawto=641  stale=696  stale=703  strid=634  tempo=753
  multi_range F64 N=   1048576 bins=     256 main                              conce=702  conce=672  conce=643  conce=610  conce=600  hash_=674  poiso=681  power=691  power=655  sawto=456  sawto=484  stale=588  stale=592  strid=523  tempo=702
  multi_range F64 N=   1048576 bins=     512 main                              conce=575  conce=498  conce=443  conce=433  conce=441  hash_=545  poiso=554  power=572  power=489  sawto=406  sawto=389  stale=440  stale=444  strid=392  tempo=573
  multi_range F64 N=  16777216 bins=       8 main                              conce=1786  conce=1732  conce=1866  conce=1936  conce=1947  hash_=1728  poiso=1786  power=1783  power=1901  sawto=1701  sawto=1701  stale=1942  stale=1944  strid=1698  tempo=1787
  multi_range F64 N=  16777216 bins=      16 main                              conce=1652  conce=1759  conce=1763  conce=1672  conce=1656  hash_=1597  poiso=1644  power=1529  power=1656  sawto=1831  sawto=1830  stale=1655  stale=1655  strid=1828  tempo=1652
  multi_range F64 N=  16777216 bins=      32 main                              conce=1495  conce=1566  conce=1517  conce=1457  conce=1448  hash_=1464  poiso=1493  power=1543  power=1525  sawto=1609  sawto=1609  stale=1449  stale=1449  strid=1605  tempo=1496
  multi_range F64 N=  16777216 bins=      64 main                              conce=1355  conce=1256  conce=1241  conce=1249  conce=1315  hash_=1314  poiso=1346  power=1376  power=1308  sawto=1349  sawto=1352  stale=1302  stale=1302  strid=1347  tempo=1356
  multi_range F64 N=  16777216 bins=     128 main                              conce=1233  conce=1170  conce=1148  conce=1141  conce=1145  hash_=1177  poiso=1226  power=1247  power=1193  sawto=1040  sawto=1042  stale=1145  stale=1144  strid=1042  tempo=1233
  multi_range F64 N=  16777216 bins=     256 main                              conce=1121  conce=1056  conce=1030  conce=980  conce=940  hash_=1057  poiso=1113  power=1122  power=1053  sawto=623  sawto=687  stale=939  stale=939  strid=800  tempo=1122
  multi_range F64 N=  16777216 bins=     512 main                              conce=994  conce=802  conce=680  conce=664  conce=672  hash_=929  poiso=989  power=984  power=837  sawto=590  sawto=563  stale=673  stale=673  strid=570  tempo=993
  multi_range F64 N=  67108864 bins=       8 main                              conce=1697  conce=1635  conce=1746  conce=1820  conce=1885  hash_=1636  poiso=1698  power=1683  power=1784  sawto=1577  sawto=1617  stale=1885  stale=1885  strid=1576  tempo=1697
  multi_range F64 N=  67108864 bins=      16 main                              conce=1555  conce=1653  conce=1681  conce=1619  conce=1644  hash_=1522  poiso=1552  power=1463  power=1589  sawto=1689  sawto=1729  stale=1645  stale=1645  strid=1688  tempo=1554
  multi_range F64 N=  67108864 bins=      32 main                              conce=1423  conce=1495  conce=1476  conce=1454  conce=1469  hash_=1407  poiso=1421  power=1475  power=1501  sawto=1551  sawto=1577  stale=1470  stale=1470  strid=1551  tempo=1423
  multi_range F64 N=  67108864 bins=      64 main                              conce=1302  conce=1229  conce=1214  conce=1234  conce=1284  hash_=1268  poiso=1299  power=1332  power=1287  sawto=1303  sawto=1322  stale=1284  stale=1284  strid=1301  tempo=1302
  multi_range F64 N=  67108864 bins=     128 main                              conce=1192  conce=1127  conce=1090  conce=1074  conce=1073  hash_=1135  poiso=1189  power=1209  power=1145  sawto=935  sawto=950  stale=1074  stale=1074  strid=936  tempo=1191
  multi_range F64 N=  67108864 bins=     256 main                              conce=1098  conce=1019  conce=942  conce=879  conce=843  hash_=1033  poiso=1095  power=1111  power=991  sawto=577  sawto=638  stale=843  stale=843  strid=726  tempo=1098
  multi_range F64 N=  67108864 bins=     512 main                              conce=1038  conce=829  conce=699  conce=682  conce=691  hash_=967  poiso=1034  power=1024  power=865  sawto=603  sawto=576  stale=691  stale=691  strid=583  tempo=1037
  multi_range F64 N= 268435456 bins=       8 main                              conce=1717  conce=1657  conce=1775  conce=1853  conce=1921  hash_=1658  poiso=1718  power=1705  power=1816  sawto=1594  sawto=1636  stale=1924  stale=1923  strid=1595  tempo=1717
  multi_range F64 N= 268435456 bins=      16 main                              conce=1572  conce=1677  conce=1710  conce=1649  conce=1672  hash_=1543  poiso=1570  power=1484  power=1617  sawto=1718  sawto=1760  stale=1673  stale=1674  strid=1718  tempo=1572
  multi_range F64 N= 268435456 bins=      32 main                              conce=1441  conce=1519  conce=1502  conce=1477  conce=1491  hash_=1427  poiso=1439  power=1497  power=1526  sawto=1577  sawto=1604  stale=1492  stale=1491  strid=1576  tempo=1441
  multi_range F64 N= 268435456 bins=      64 main                              conce=1320  conce=1247  conce=1232  conce=1254  conce=1303  hash_=1286  poiso=1319  power=1353  power=1306  sawto=1321  sawto=1341  stale=1304  stale=1304  strid=1322  tempo=1320
  multi_range F64 N= 268435456 bins=     128 main                              conce=1211  conce=1143  conce=1102  conce=1085  conce=1085  hash_=1152  poiso=1208  power=1227  power=1159  sawto=941  sawto=956  stale=1085  stale=1085  strid=941  tempo=1211
  multi_range F64 N= 268435456 bins=     256 main                              conce=1111  conce=1032  conce=948  conce=884  conce=848  hash_=1048  poiso=1109  power=1126  power=999  sawto=578  sawto=640  stale=848  stale=848  strid=729  tempo=1111
  multi_range F64 N= 268435456 bins=     512 main                              conce=1055  conce=837  conce=703  conce=686  conce=695  hash_=980  poiso=1051  power=1039  power=872  sawto=606  sawto=579  stale=696  stale=696  strid=586  tempo=1055
  multi_range F64 N=1073741824 bins=       8 main                              conce=1722  conce=1663  conce=1784  conce=1864  conce=1936  hash_=1663  poiso=1723  power=1711  power=1825  sawto=1600  sawto=1640  stale=1935  stale=1935  strid=1599  tempo=1723
  multi_range F64 N=1073741824 bins=      16 main                              conce=1577  conce=1684  conce=1719  conce=1660  conce=1684  hash_=1548  poiso=1575  power=1490  power=1627  sawto=1727  sawto=1769  stale=1684  stale=1684  strid=1727  tempo=1577
  multi_range F64 N=1073741824 bins=      32 main                              conce=1446  conce=1526  conce=1511  conce=1484  conce=1501  hash_=1432  poiso=1444  power=1503  power=1534  sawto=1586  sawto=1612  stale=1501  stale=1501  strid=1586  tempo=1446
  multi_range F64 N=1073741824 bins=      64 main                              conce=1325  conce=1253  conce=1238  conce=1260  conce=1310  hash_=1291  poiso=1324  power=1360  power=1313  sawto=1326  sawto=1347  stale=1311  stale=1311  strid=1327  tempo=1325
  multi_range F64 N=1073741824 bins=     128 main                              conce=1217  conce=1148  conce=1104  conce=1089  conce=1089  hash_=1158  poiso=1215  power=1234  power=1164  sawto=943  sawto=958  stale=1088  stale=1088  strid=944  tempo=1218
  multi_range F64 N=1073741824 bins=     256 main                              conce=1117  conce=1037  conce=951  conce=887  conce=850  hash_=1054  poiso=1115  power=1133  power=1002  sawto=579  sawto=641  stale=850  stale=850  strid=731  tempo=1117
  multi_range F64 N=1073741824 bins=     512 main                              conce=1060  conce=839  conce=704  conce=687  conce=697  hash_=985  poiso=1057  power=1045  power=874  sawto=607  sawto=580  stale=697  stale=697  strid=587  tempo=1061
  multi_range F64 N=2000000000 bins=       8 main                              conce=1723  conce=1665  conce=1786  conce=1866  conce=1939  hash_=1664  poiso=1723  power=1712  power=1828  sawto=1600  sawto=1642  stale=1939  stale=1938  strid=1600  tempo=1723
  multi_range F64 N=2000000000 bins=      16 main                              conce=1578  conce=1685  conce=1721  conce=1663  conce=1686  hash_=1549  poiso=1576  power=1492  power=1629  sawto=1729  sawto=1772  stale=1687  stale=1686  strid=1729  tempo=1578
  multi_range F64 N=2000000000 bins=      32 main                              conce=1447  conce=1528  conce=1514  conce=1486  conce=1503  hash_=1433  poiso=1445  power=1505  power=1537  sawto=1589  sawto=1615  stale=1503  stale=1502  strid=1588  tempo=1447
  multi_range F64 N=2000000000 bins=      64 main                              conce=1327  conce=1254  conce=1241  conce=1262  conce=1312  hash_=1292  poiso=1325  power=1363  power=1315  sawto=1328  sawto=1349  stale=1312  stale=1312  strid=1329  tempo=1327
  multi_range F64 N=2000000000 bins=     128 main                              conce=1219  conce=1149  conce=1105  conce=1090  conce=1089  hash_=1160  poiso=1217  power=1236  power=1165  sawto=944  sawto=958  stale=1089  stale=1089  strid=944  tempo=1219
  multi_range F64 N=2000000000 bins=     256 main                              conce=1118  conce=1038  conce=951  conce=887  conce=850  hash_=1056  poiso=1117  power=1136  power=1003  sawto=579  sawto=641  stale=850  stale=850  strid=731  tempo=1118
  multi_range F64 N=2000000000 bins=     512 main                              conce=1062  conce=840  conce=705  conce=687  conce=697  hash_=986  poiso=1059  power=1046  power=875  sawto=607  sawto=580  stale=697  stale=697  strid=588  tempo=1062

wrote autocuda/results/cooperative-direct-output-smem-c32-resume/multi_full.json (792 benchmark invocations; branch_commit=f16c464e64d5786de2e0bf536479e0ef9ae57b30-dirty)
