=== [16:18:55] characterization figures ===
=== [16:19:10] PERF SWEEP: even ===
main baseline: comparing shapes ['concentrated:0.0', 'concentrated:0.25', 'concentrated:0.5', 'concentrated:0.75', 'concentrated:1.0', 'hash_synonym', 'poison', 'powerlaw:0.25', 'powerlaw:0.75', 'sawtooth', 'sawtooth:8192:2654435761:1', 'stale_resident:0.25', 'stale_resident:0.5', 'strided_sweep', 'temporal_phases:0.10']
  queried input cache: cub.bench.histogram.even.base.u64 I32 N=1048576 -> S=8192
  even        I32 N=   1048576 bins=       8 smem_static                  conce=417  conce=403  conce=399  conce=402  conce=395  hash_=385  poiso=414  power=398  power=404  sawto=375  sawto=375  stale=401  stale=403  strid=366  tempo=402
  even        I32 N=   1048576 bins=       8 smem_cooperative_static      conce=417  conce=415  conce=409  conce=415  conce=405  hash_=404  poiso=415  power=412  power=415  sawto=355  sawto=362  stale=414  stale=413  strid=346  tempo=415
  even        I32 N=   1048576 bins=       8 smem_dynamic                 conce=416  conce=394  conce=383  conce=388  conce=387  hash_=384  poiso=407  power=397  power=392  sawto=347  sawto=347  stale=399  stale=396  strid=337  tempo=398
  even        I32 N=   1048576 bins=       8 smem_cooperative_dynamic     conce=417  conce=392  conce=378  conce=408  conce=398  hash_=390  poiso=415  power=406  power=386  sawto=344  sawto=344  stale=413  stale=412  strid=339  tempo=410
  even        I32 N=   1048576 bins=      16 smem_static                  conce=417  conce=405  conce=399  conce=404  conce=398  hash_=384  poiso=412  power=398  power=404  sawto=401  sawto=398  stale=402  stale=403  strid=384  tempo=404
  even        I32 N=   1048576 bins=      16 smem_cooperative_static      conce=418  conce=415  conce=411  conce=415  conce=406  hash_=404  poiso=415  power=411  power=415  sawto=414  sawto=413  stale=414  stale=413  strid=403  tempo=414
  even        I32 N=   1048576 bins=      16 smem_dynamic                 conce=415  conce=395  conce=385  conce=394  conce=390  hash_=384  poiso=405  power=394  power=393  sawto=393  sawto=394  stale=400  stale=396  strid=382  tempo=399
  even        I32 N=   1048576 bins=      16 smem_cooperative_dynamic     conce=417  conce=409  conce=389  conce=408  conce=402  hash_=395  poiso=415  power=401  power=411  sawto=405  sawto=406  stale=413  stale=414  strid=382  tempo=408
  even        I32 N=   1048576 bins=      32 smem_static                  conce=417  conce=403  conce=399  conce=403  conce=401  hash_=384  poiso=417  power=396  power=406  sawto=408  sawto=404  stale=401  stale=405  strid=385  tempo=404
  even        I32 N=   1048576 bins=      32 smem_cooperative_static      conce=417  conce=416  conce=411  conce=415  conce=406  hash_=405  poiso=415  power=412  power=415  sawto=414  sawto=414  stale=414  stale=414  strid=407  tempo=415
  even        I32 N=   1048576 bins=      32 smem_dynamic                 conce=416  conce=393  conce=389  conce=400  conce=391  hash_=385  poiso=410  power=395  power=400  sawto=402  sawto=402  stale=401  stale=401  strid=384  tempo=400
  even        I32 N=   1048576 bins=      32 smem_cooperative_dynamic     conce=418  conce=407  conce=393  conce=414  conce=402  hash_=394  poiso=415  power=402  power=412  sawto=413  sawto=411  stale=414  stale=413  strid=401  tempo=410
  even        I32 N=   1048576 bins=      64 smem_static                  conce=417  conce=404  conce=400  conce=405  conce=404  hash_=384  poiso=417  power=399  power=405  sawto=406  sawto=405  stale=402  stale=406  strid=385  tempo=404
  even        I32 N=   1048576 bins=      64 smem_cooperative_static      conce=418  conce=415  conce=411  conce=415  conce=406  hash_=405  poiso=415  power=412  power=415  sawto=414  sawto=414  stale=414  stale=413  strid=406  tempo=413
  even        I32 N=   1048576 bins=      64 smem_dynamic                 conce=416  conce=400  conce=386  conce=400  conce=391  hash_=384  poiso=409  power=394  power=401  sawto=400  sawto=400  stale=402  stale=400  strid=384  tempo=401
  even        I32 N=   1048576 bins=      64 smem_cooperative_dynamic     conce=418  conce=412  conce=393  conce=411  conce=404  hash_=395  poiso=415  power=399  power=414  sawto=413  sawto=411  stale=414  stale=413  strid=401  tempo=410
  even        I32 N=   1048576 bins=     128 smem_static                  conce=418  conce=404  conce=400  conce=404  conce=401  hash_=385  poiso=416  power=398  power=405  sawto=408  sawto=404  stale=401  stale=406  strid=385  tempo=403
  even        I32 N=   1048576 bins=     128 smem_cooperative_static      conce=418  conce=415  conce=411  conce=416  conce=407  hash_=405  poiso=415  power=411  power=415  sawto=414  sawto=414  stale=414  stale=413  strid=406  tempo=414
  even        I32 N=   1048576 bins=     128 smem_dynamic                 conce=416  conce=395  conce=384  conce=399  conce=390  hash_=384  poiso=407  power=389  power=400  sawto=400  sawto=401  stale=401  stale=400  strid=384  tempo=400
  even        I32 N=   1048576 bins=     128 smem_cooperative_dynamic     conce=418  conce=411  conce=389  conce=411  conce=404  hash_=394  poiso=414  power=396  power=414  sawto=413  sawto=410  stale=414  stale=413  strid=400  tempo=409
  even        I32 N=   1048576 bins=     256 smem_static                  conce=417  conce=405  conce=399  conce=403  conce=404  hash_=385  poiso=415  power=398  power=405  sawto=406  sawto=402  stale=402  stale=406  strid=385  tempo=403
  even        I32 N=   1048576 bins=     256 smem_cooperative_static      conce=417  conce=416  conce=412  conce=415  conce=407  hash_=404  poiso=415  power=411  power=416  sawto=414  sawto=413  stale=415  stale=414  strid=406  tempo=414
  even        I32 N=   1048576 bins=     256 smem_dynamic                 conce=416  conce=390  conce=388  conce=399  conce=391  hash_=384  poiso=406  power=389  power=401  sawto=400  sawto=400  stale=402  stale=399  strid=384  tempo=400
  even        I32 N=   1048576 bins=     256 smem_cooperative_dynamic     conce=418  conce=387  conce=392  conce=414  conce=403  hash_=390  poiso=415  power=390  power=414  sawto=413  sawto=410  stale=414  stale=413  strid=400  tempo=409
  even        I32 N=   1048576 bins=     512 smem_dynamic                 conce=415  conce=381  conce=384  conce=400  conce=390  hash_=384  poiso=403  power=383  power=401  sawto=398  sawto=397  stale=400  stale=397  strid=384  tempo=396
  even        I32 N=   1048576 bins=     512 smem_cooperative_dynamic     conce=416  conce=398  conce=382  conce=402  conce=403  hash_=389  poiso=415  power=393  power=414  sawto=412  sawto=410  stale=413  stale=414  strid=394  tempo=404
  queried input cache: cub.bench.histogram.even.base.u64 I32 N=16777216 -> S=8192
  even        I32 N=  16777216 bins=       8 smem_static                  conce=2630  conce=2074  conce=1903  conce=1983  conce=2281  hash_=2283  poiso=2613  power=2241  power=1976  sawto=1429  sawto=1428  stale=2235  stale=2240  strid=1420  tempo=2289
  even        I32 N=  16777216 bins=       8 smem_cooperative_static      conce=2442  conce=1951  conce=1774  conce=1844  conce=2093  hash_=2201  poiso=2437  power=2096  power=1843  sawto=1343  sawto=1343  stale=2097  stale=2103  strid=1325  tempo=2146
  even        I32 N=  16777216 bins=       8 smem_dynamic                 conce=2618  conce=1911  conce=1729  conce=1820  conce=2062  hash_=2122  poiso=2599  power=2066  power=1819  sawto=1284  sawto=1281  stale=2067  stale=2065  strid=1274  tempo=2126
  even        I32 N=  16777216 bins=       8 smem_cooperative_dynamic     conce=2435  conce=1751  conce=1601  conce=1654  conce=1937  hash_=2066  poiso=2429  power=1951  power=1661  sawto=1196  sawto=1196  stale=1946  stale=1951  strid=1191  tempo=1984
  even        I32 N=  16777216 bins=      16 smem_static                  conce=2631  conce=2070  conce=1942  conce=2100  conce=2346  hash_=2283  poiso=2614  power=2201  power=2063  sawto=2096  sawto=2095  stale=2302  stale=2322  strid=2061  tempo=2286
  even        I32 N=  16777216 bins=      16 smem_cooperative_static      conce=2439  conce=1935  conce=1822  conce=1962  conce=2162  hash_=2197  poiso=2437  power=2071  power=1930  sawto=1962  sawto=1961  stale=2167  stale=2188  strid=1950  tempo=2141
  even        I32 N=  16777216 bins=      16 smem_dynamic                 conce=2615  conce=1875  conce=1766  conce=1920  conce=2182  hash_=2122  poiso=2604  power=2023  power=1854  sawto=1895  sawto=1895  stale=2144  stale=2171  strid=1890  tempo=2125
  even        I32 N=  16777216 bins=      16 smem_cooperative_dynamic     conce=2435  conce=1740  conce=1642  conce=1772  conce=2011  hash_=2055  poiso=2431  power=1892  power=1736  sawto=1744  sawto=1747  stale=2005  stale=2029  strid=1737  tempo=1984
  even        I32 N=  16777216 bins=      32 smem_static                  conce=2634  conce=1993  conce=1973  conce=2223  conce=2357  hash_=2288  poiso=2618  power=2134  power=2119  sawto=2406  sawto=2398  stale=2356  stale=2359  strid=2355  tempo=2287
  even        I32 N=  16777216 bins=      32 smem_cooperative_static      conce=2448  conce=1868  conce=1847  conce=2086  conce=2205  hash_=2196  poiso=2442  power=1986  power=1978  sawto=2242  sawto=2242  stale=2221  stale=2225  strid=2226  tempo=2146
  even        I32 N=  16777216 bins=      32 smem_dynamic                 conce=2615  conce=1834  conce=1807  conce=2032  conce=2198  hash_=2136  poiso=2593  power=1957  power=1941  sawto=2224  sawto=2218  stale=2204  stale=2198  strid=2184  tempo=2133
  even        I32 N=  16777216 bins=      32 smem_cooperative_dynamic     conce=2437  conce=1728  conce=1676  conce=1894  conce=2057  hash_=2057  poiso=2431  power=1836  power=1830  sawto=2087  sawto=2086  stale=2068  stale=2072  strid=2069  tempo=1997
  even        I32 N=  16777216 bins=      64 smem_static                  conce=2636  conce=2128  conce=1942  conce=2185  conce=2373  hash_=2282  poiso=2616  power=2062  power=2209  sawto=2394  sawto=2397  stale=2378  stale=2375  strid=2352  tempo=2292
  even        I32 N=  16777216 bins=      64 smem_cooperative_static      conce=2443  conce=1986  conce=1826  conce=2058  conce=2221  hash_=2190  poiso=2439  power=1950  power=2071  sawto=2244  sawto=2241  stale=2237  stale=2239  strid=2224  tempo=2136
  even        I32 N=  16777216 bins=      64 smem_dynamic                 conce=2614  conce=1972  conce=1784  conce=1982  conce=2215  hash_=2122  poiso=2598  power=1918  power=1994  sawto=2230  sawto=2224  stale=2218  stale=2218  strid=2186  tempo=2119
  even        I32 N=  16777216 bins=      64 smem_cooperative_dynamic     conce=2437  conce=1842  conce=1647  conce=1847  conce=2073  hash_=2060  poiso=2434  power=1785  power=1862  sawto=2089  sawto=2089  stale=2085  stale=2087  strid=2074  tempo=1980
  even        I32 N=  16777216 bins=     128 smem_static                  conce=2635  conce=2076  conce=1918  conce=2130  conce=2390  hash_=2281  poiso=2620  power=2047  power=2240  sawto=2404  sawto=2396  stale=2390  stale=2388  strid=2354  tempo=2283
  even        I32 N=  16777216 bins=     128 smem_cooperative_static      conce=2444  conce=1956  conce=1788  conce=1995  conce=2228  hash_=2195  poiso=2437  power=1913  power=2094  sawto=2243  sawto=2241  stale=2239  stale=2242  strid=2222  tempo=2134
  even        I32 N=  16777216 bins=     128 smem_dynamic                 conce=2610  conce=1936  conce=1746  conce=1947  conce=2225  hash_=2120  poiso=2595  power=1872  power=2070  sawto=2228  sawto=2220  stale=2217  stale=2221  strid=2187  tempo=2115
  even        I32 N=  16777216 bins=     128 smem_cooperative_dynamic     conce=2436  conce=1802  conce=1629  conce=1838  conce=2076  hash_=2053  poiso=2434  power=1738  power=1949  sawto=2090  sawto=2088  stale=2087  stale=2088  strid=2070  tempo=1979
  even        I32 N=  16777216 bins=     256 smem_static                  conce=2635  conce=1984  conce=2007  conce=2262  conce=2396  hash_=2273  poiso=2615  power=2003  power=2269  sawto=2400  sawto=2392  stale=2387  stale=2394  strid=2353  tempo=2276
  even        I32 N=  16777216 bins=     256 smem_cooperative_static      conce=2452  conce=1852  conce=1881  conce=2107  conce=2231  hash_=2187  poiso=2441  power=1875  power=2108  sawto=2235  sawto=2232  stale=2235  stale=2239  strid=2210  tempo=2133
  even        I32 N=  16777216 bins=     256 smem_dynamic                 conce=2617  conce=1819  conce=1828  conce=2072  conce=2234  hash_=2119  poiso=2598  power=1837  power=2093  sawto=2225  sawto=2219  stale=2208  stale=2223  strid=2183  tempo=2115
  even        I32 N=  16777216 bins=     256 smem_cooperative_dynamic     conce=2436  conce=1717  conce=1706  conce=1957  conce=2076  hash_=2050  poiso=2430  power=1723  power=1966  sawto=2088  sawto=2087  stale=2089  stale=2090  strid=2065  tempo=1977
  even        I32 N=  16777216 bins=     512 smem_dynamic                 conce=2603  conce=1821  conce=1815  conce=2105  conce=2238  hash_=2096  poiso=2589  power=1815  power=2117  sawto=2216  sawto=2211  stale=2216  stale=2219  strid=2184  tempo=2104
  even        I32 N=  16777216 bins=     512 smem_cooperative_dynamic     conce=2432  conce=1658  conce=1677  conce=1968  conce=2075  hash_=2043  poiso=2426  power=1694  power=1974  sawto=2082  sawto=2084  stale=2086  stale=2089  strid=2053  tempo=1975
  queried input cache: cub.bench.histogram.even.base.u64 I32 N=67108864 -> S=8192
  even        I32 N=  67108864 bins=       8 smem_static                  conce=3847  conce=2780  conce=2470  conce=2629  conce=3157  hash_=3213  poiso=3839  power=3153  power=2618  sawto=1731  sawto=1731  stale=3152  stale=3148  strid=1726  tempo=3211
  even        I32 N=  67108864 bins=       8 smem_cooperative_static      conce=3821  conce=2769  conce=2464  conce=2621  conce=3131  hash_=3212  poiso=3821  power=3147  power=2614  sawto=1729  sawto=1728  stale=3147  stale=3147  strid=1725  tempo=3204
  even        I32 N=  67108864 bins=       8 smem_dynamic                 conce=3800  conce=2463  conce=2179  conce=2310  conce=2784  hash_=2912  poiso=3796  power=2808  power=2307  sawto=1529  sawto=1528  stale=2781  stale=2779  strid=1526  tempo=2911
  even        I32 N=  67108864 bins=       8 smem_cooperative_dynamic     conce=3773  conce=2461  conce=2178  conce=2313  conce=2772  hash_=2915  poiso=3769  power=2804  power=2307  sawto=1530  sawto=1530  stale=2781  stale=2783  strid=1525  tempo=2910
  even        I32 N=  67108864 bins=      16 smem_static                  conce=3842  conce=2753  conce=2543  conce=2845  conce=3258  hash_=3212  poiso=3833  power=3017  power=2734  sawto=2818  sawto=2818  stale=3240  stale=3242  strid=2812  tempo=3206
  even        I32 N=  67108864 bins=      16 smem_cooperative_static      conce=3831  conce=2739  conce=2535  conce=2841  conce=3226  hash_=3209  poiso=3815  power=3004  power=2731  sawto=2803  sawto=2804  stale=3241  stale=3240  strid=2795  tempo=3201
  even        I32 N=  67108864 bins=      16 smem_dynamic                 conce=3802  conce=2443  conce=2235  conce=2502  conce=2971  hash_=2908  poiso=3795  power=2690  power=2406  sawto=2448  sawto=2448  stale=2963  stale=2962  strid=2441  tempo=2906
  even        I32 N=  67108864 bins=      16 smem_cooperative_dynamic     conce=3774  conce=2433  conce=2236  conce=2504  conce=2945  hash_=2910  poiso=3769  power=2683  power=2407  sawto=2451  sawto=2448  stale=2952  stale=2957  strid=2438  tempo=2903
  even        I32 N=  67108864 bins=      32 smem_static                  conce=3847  conce=2672  conce=2610  conce=3083  conce=3301  hash_=3212  poiso=3840  power=2893  power=2905  sawto=3403  sawto=3402  stale=3291  stale=3292  strid=3387  tempo=3208
  even        I32 N=  67108864 bins=      32 smem_cooperative_static      conce=3832  conce=2670  conce=2608  conce=3073  conce=3267  hash_=3209  poiso=3821  power=2883  power=2891  sawto=3388  sawto=3385  stale=3275  stale=3281  strid=3371  tempo=3200
  even        I32 N=  67108864 bins=      32 smem_dynamic                 conce=3802  conce=2362  conce=2296  conce=2722  conce=3012  hash_=2908  poiso=3798  power=2575  power=2558  sawto=3078  sawto=3078  stale=3004  stale=3003  strid=3067  tempo=2905
  even        I32 N=  67108864 bins=      32 smem_cooperative_dynamic     conce=3776  conce=2364  conce=2296  conce=2719  conce=2994  hash_=2911  poiso=3769  power=2570  power=2559  sawto=3075  sawto=3074  stale=3002  stale=3003  strid=3064  tempo=2901
  even        I32 N=  67108864 bins=      64 smem_static                  conce=3848  conce=2920  conce=2549  conce=2989  conce=3343  hash_=3212  poiso=3843  power=2796  power=3026  sawto=3404  sawto=3403  stale=3331  stale=3332  strid=3387  tempo=3208
  even        I32 N=  67108864 bins=      64 smem_cooperative_static      conce=3829  conce=2908  conce=2544  conce=2983  conce=3310  hash_=3207  poiso=3818  power=2792  power=3007  sawto=3385  sawto=3387  stale=3327  stale=3327  strid=3365  tempo=3200
  even        I32 N=  67108864 bins=      64 smem_dynamic                 conce=3799  conce=2604  conce=2258  conce=2653  conce=3048  hash_=2904  poiso=3799  power=2486  power=2682  sawto=3075  sawto=3076  stale=3036  stale=3038  strid=3069  tempo=2901
  even        I32 N=  67108864 bins=      64 smem_cooperative_dynamic     conce=3775  conce=2602  conce=2258  conce=2646  conce=3020  hash_=2904  poiso=3770  power=2481  power=2677  sawto=3075  sawto=3072  stale=3028  stale=3029  strid=3065  tempo=2895
  even        I32 N=  67108864 bins=     128 smem_static                  conce=3842  conce=2805  conce=2492  conce=2909  conce=3375  hash_=3209  poiso=3834  power=2720  power=3145  sawto=3397  sawto=3396  stale=3356  stale=3363  strid=3384  tempo=3204
  even        I32 N=  67108864 bins=     128 smem_cooperative_static      conce=3828  conce=2796  conce=2487  conce=2913  conce=3332  hash_=3204  poiso=3816  power=2722  power=3137  sawto=3378  sawto=3376  stale=3341  stale=3342  strid=3359  tempo=3195
  even        I32 N=  67108864 bins=     128 smem_dynamic                 conce=3796  conce=2499  conce=2211  conce=2591  conce=3060  hash_=2902  poiso=3794  power=2411  power=2798  sawto=3073  sawto=3075  stale=3053  stale=3055  strid=3062  tempo=2895
  even        I32 N=  67108864 bins=     128 smem_cooperative_dynamic     conce=3777  conce=2502  conce=2211  conce=2590  conce=3043  hash_=2900  poiso=3769  power=2411  power=2796  sawto=3074  sawto=3070  stale=3058  stale=3058  strid=3064  tempo=2891
  even        I32 N=  67108864 bins=     256 smem_static                  conce=3842  conce=2647  conce=2658  conce=3191  conce=3387  hash_=3208  poiso=3835  power=2667  power=3220  sawto=3393  sawto=3391  stale=3372  stale=3379  strid=3382  tempo=3204
  even        I32 N=  67108864 bins=     256 smem_cooperative_static      conce=3828  conce=2631  conce=2654  conce=3171  conce=3349  hash_=3201  poiso=3812  power=2666  power=3201  sawto=3369  sawto=3375  stale=3356  stale=3361  strid=3354  tempo=3195
  even        I32 N=  67108864 bins=     256 smem_dynamic                 conce=3795  conce=2349  conce=2357  conce=2847  conce=3071  hash_=2898  poiso=3790  power=2366  power=2885  sawto=3069  sawto=3070  stale=3066  stale=3066  strid=3059  tempo=2893
  even        I32 N=  67108864 bins=     256 smem_cooperative_dynamic     conce=3771  conce=2347  conce=2361  conce=2850  conce=3059  hash_=2897  poiso=3762  power=2365  power=2874  sawto=3073  sawto=3071  stale=3069  stale=3071  strid=3060  tempo=2891
  even        I32 N=  67108864 bins=     512 smem_dynamic                 conce=3788  conce=2311  conce=2315  conce=2908  conce=3075  hash_=2897  poiso=3784  power=2334  power=2933  sawto=3069  sawto=3065  stale=3068  stale=3068  strid=3055  tempo=2888
  even        I32 N=  67108864 bins=     512 smem_cooperative_dynamic     conce=3763  conce=2313  conce=2319  conce=2908  conce=3059  hash_=2896  poiso=3760  power=2329  power=2932  sawto=3070  sawto=3068  stale=3072  stale=3071  strid=3055  tempo=2887
  queried input cache: cub.bench.histogram.even.base.u64 I32 N=268435456 -> S=8192
  even        I32 N= 268435456 bins=       8 smem_static                  conce=4473  conce=3093  conce=2710  conce=2909  conce=3570  hash_=3658  poiso=4474  power=3578  power=2893  sawto=1840  sawto=1840  stale=3569  stale=3568  strid=1839  tempo=3648
  even        I32 N= 268435456 bins=       8 smem_cooperative_static      conce=4465  conce=3092  conce=2708  conce=2906  conce=3560  hash_=3658  poiso=4462  power=3575  power=2889  sawto=1838  sawto=1838  stale=3565  stale=3567  strid=1836  tempo=3645
  even        I32 N= 268435456 bins=       8 smem_dynamic                 conce=4439  conce=2711  conce=2368  conce=2527  conce=3110  hash_=3289  poiso=4438  power=3149  power=2520  sawto=1616  sawto=1616  stale=3106  stale=3107  strid=1616  tempo=3275
  even        I32 N= 268435456 bins=       8 smem_cooperative_dynamic     conce=4433  conce=2710  conce=2366  conce=2523  conce=3100  hash_=3286  poiso=4429  power=3148  power=2517  sawto=1615  sawto=1614  stale=3105  stale=3107  strid=1614  tempo=3274
  even        I32 N= 268435456 bins=      16 smem_static                  conce=4472  conce=3059  conce=2795  conce=3182  conce=3688  hash_=3656  poiso=4470  power=3394  power=3038  sawto=3131  sawto=3132  stale=3685  stale=3685  strid=3128  tempo=3647
  even        I32 N= 268435456 bins=      16 smem_cooperative_static      conce=4466  conce=3058  conce=2793  conce=3177  conce=3679  hash_=3654  poiso=4462  power=3392  power=3035  sawto=3128  sawto=3128  stale=3683  stale=3682  strid=3122  tempo=3641
  even        I32 N= 268435456 bins=      16 smem_dynamic                 conce=4440  conce=2681  conce=2437  conce=2762  conce=3338  hash_=3285  poiso=4438  power=2992  power=2645  sawto=2691  sawto=2690  stale=3338  stale=3341  strid=2686  tempo=3272
  even        I32 N= 268435456 bins=      16 smem_cooperative_dynamic     conce=4434  conce=2679  conce=2434  conce=2758  conce=3334  hash_=3284  poiso=4431  power=2991  power=2643  sawto=2689  sawto=2688  stale=3336  stale=3338  strid=2685  tempo=3270
  even        I32 N= 268435456 bins=      32 smem_static                  conce=4475  conce=2959  conce=2884  conce=3478  conce=3744  hash_=3656  poiso=4470  power=3240  power=3246  sawto=3886  sawto=3885  stale=3744  stale=3740  strid=3881  tempo=3647
  even        I32 N= 268435456 bins=      32 smem_cooperative_static      conce=4465  conce=2957  conce=2882  conce=3475  conce=3734  hash_=3653  poiso=4460  power=3238  power=3243  sawto=3879  sawto=3880  stale=3739  stale=3739  strid=3873  tempo=3640
  even        I32 N= 268435456 bins=      32 smem_dynamic                 conce=4440  conce=2589  conce=2510  conce=3032  conce=3381  hash_=3284  poiso=4438  power=2846  power=2826  sawto=3492  sawto=3491  stale=3379  stale=3378  strid=3489  tempo=3269
  even        I32 N= 268435456 bins=      32 smem_cooperative_dynamic     conce=4436  conce=2587  conce=2509  conce=3031  conce=3373  hash_=3279  poiso=4429  power=2845  power=2825  sawto=3488  sawto=3487  stale=3377  stale=3377  strid=3482  tempo=3267
  even        I32 N= 268435456 bins=      64 smem_static                  conce=4475  conce=3270  conce=2805  conce=3355  conce=3797  hash_=3657  poiso=4471  power=3119  power=3403  sawto=3885  sawto=3880  stale=3794  stale=3796  strid=3880  tempo=3646
  even        I32 N= 268435456 bins=      64 smem_cooperative_static      conce=4466  conce=3266  conce=2803  conce=3352  conce=3788  hash_=3650  poiso=4464  power=3114  power=3398  sawto=3880  sawto=3878  stale=3792  stale=3792  strid=3877  tempo=3641
  even        I32 N= 268435456 bins=      64 smem_dynamic                 conce=4441  conce=2880  conce=2460  conce=2945  conce=3422  hash_=3277  poiso=4438  power=2734  power=2985  sawto=3489  sawto=3491  stale=3420  stale=3421  strid=3488  tempo=3265
  even        I32 N= 268435456 bins=      64 smem_cooperative_dynamic     conce=4435  conce=2879  conce=2460  conce=2940  conce=3416  hash_=3278  poiso=4433  power=2733  power=2983  sawto=3488  sawto=3486  stale=3417  stale=3420  strid=3481  tempo=3263
  even        I32 N= 268435456 bins=     128 smem_static                  conce=4473  conce=3132  conce=2736  conce=3269  conce=3833  hash_=3653  poiso=4469  power=3029  power=3564  sawto=3881  sawto=3882  stale=3834  stale=3834  strid=3878  tempo=3645
  even        I32 N= 268435456 bins=     128 smem_cooperative_static      conce=4463  conce=3128  conce=2735  conce=3265  conce=3821  hash_=3649  poiso=4458  power=3023  power=3562  sawto=3879  sawto=3873  stale=3828  stale=3827  strid=3871  tempo=3639
  even        I32 N= 268435456 bins=     128 smem_dynamic                 conce=4438  conce=2758  conce=2409  conce=2873  conce=3449  hash_=3273  poiso=4433  power=2652  power=3136  sawto=3488  sawto=3487  stale=3449  stale=3448  strid=3483  tempo=3258
  even        I32 N= 268435456 bins=     128 smem_cooperative_dynamic     conce=4434  conce=2755  conce=2408  conce=2872  conce=3440  hash_=3275  poiso=4429  power=2649  power=3135  sawto=3486  sawto=3487  stale=3446  stale=3448  strid=3482  tempo=3256
  even        I32 N= 268435456 bins=     256 smem_static                  conce=4472  conce=2931  conce=2947  conce=3627  conce=3855  hash_=3652  poiso=4468  power=2964  power=3669  sawto=3882  sawto=3881  stale=3856  stale=3854  strid=3876  tempo=3642
  even        I32 N= 268435456 bins=     256 smem_cooperative_static      conce=4466  conce=2928  conce=2943  conce=3623  conce=3847  hash_=3646  poiso=4458  power=2961  power=3665  sawto=3874  sawto=3875  stale=3851  stale=3851  strid=3871  tempo=3640
  even        I32 N= 268435456 bins=     256 smem_dynamic                 conce=4437  conce=2573  conce=2586  conce=3202  conce=3467  hash_=3272  poiso=4434  power=2596  power=3255  sawto=3485  sawto=3487  stale=3463  stale=3466  strid=3483  tempo=3261
  even        I32 N= 268435456 bins=     256 smem_cooperative_dynamic     conce=4435  conce=2572  conce=2586  conce=3201  conce=3461  hash_=3271  poiso=4428  power=2595  power=3253  sawto=3485  sawto=3486  stale=3465  stale=3464  strid=3483  tempo=3258
  even        I32 N= 268435456 bins=     512 smem_dynamic                 conce=4436  conce=2529  conce=2539  conce=3292  conce=3475  hash_=3271  poiso=4433  power=2557  power=3326  sawto=3485  sawto=3485  stale=3475  stale=3474  strid=3484  tempo=3257
  even        I32 N= 268435456 bins=     512 smem_cooperative_dynamic     conce=4433  conce=2527  conce=2539  conce=3287  conce=3466  hash_=3273  poiso=4427  power=2557  power=3326  sawto=3483  sawto=3485  stale=3473  stale=3472  strid=3477  tempo=3256
  queried input cache: cub.bench.histogram.even.base.u64 I32 N=1073741824 -> S=8192
  even        I32 N=1073741824 bins=       8 smem_static                  conce=4653  conce=3177  conce=2772  conce=2984  conce=3686  hash_=3774  poiso=4652  power=3696  power=2962  sawto=1866  sawto=1867  stale=3687  stale=3688  strid=1866  tempo=3762
  even        I32 N=1073741824 bins=       8 smem_cooperative_static      conce=4650  conce=3177  conce=2771  conce=2981  conce=3684  hash_=3772  poiso=4650  power=3694  power=2962  sawto=1866  sawto=1866  stale=3685  stale=3684  strid=1865  tempo=3760
  even        I32 N=1073741824 bins=       8 smem_dynamic                 conce=4641  conce=2779  conce=2418  conce=2585  conce=3200  hash_=3399  poiso=4639  power=3253  power=2578  sawto=1638  sawto=1638  stale=3201  stale=3201  strid=1638  tempo=3381
  even        I32 N=1073741824 bins=       8 smem_cooperative_dynamic     conce=4640  conce=2779  conce=2417  conce=2584  conce=3199  hash_=3396  poiso=4634  power=3252  power=2577  sawto=1638  sawto=1638  stale=3200  stale=3201  strid=1638  tempo=3380
  even        I32 N=1073741824 bins=      16 smem_static                  conce=4654  conce=3142  conce=2862  conce=3270  conce=3795  hash_=3773  poiso=4653  power=3502  power=3119  sawto=3216  sawto=3214  stale=3796  stale=3796  strid=3214  tempo=3758
  even        I32 N=1073741824 bins=      16 smem_cooperative_static      conce=4652  conce=3141  conce=2861  conce=3270  conce=3792  hash_=3772  poiso=4648  power=3501  power=3118  sawto=3215  sawto=3215  stale=3793  stale=3795  strid=3214  tempo=3759
  even        I32 N=1073741824 bins=      16 smem_dynamic                 conce=4641  conce=2747  conce=2491  conce=2832  conce=3415  hash_=3394  poiso=4638  power=3080  power=2708  sawto=2756  sawto=2756  stale=3413  stale=3413  strid=2755  tempo=3379
  even        I32 N=1073741824 bins=      16 smem_cooperative_dynamic     conce=4635  conce=2746  conce=2491  conce=2832  conce=3412  hash_=3395  poiso=4636  power=3079  power=2708  sawto=2756  sawto=2756  stale=3412  stale=3412  strid=2755  tempo=3378
  even        I32 N=1073741824 bins=      32 smem_static                  conce=4654  conce=3034  conce=2955  conce=3594  conce=3851  hash_=3773  poiso=4653  power=3332  power=3339  sawto=4007  sawto=4009  stale=3850  stale=3851  strid=4006  tempo=3758
  even        I32 N=1073741824 bins=      32 smem_cooperative_static      conce=4655  conce=3034  conce=2954  conce=3593  conce=3849  hash_=3773  poiso=4652  power=3332  power=3339  sawto=4006  sawto=4005  stale=3851  stale=3850  strid=4006  tempo=3758
  even        I32 N=1073741824 bins=      32 smem_dynamic                 conce=4640  conce=2650  conce=2567  conce=3120  conce=3473  hash_=3394  poiso=4639  power=2923  power=2900  sawto=3574  sawto=3574  stale=3473  stale=3475  strid=3573  tempo=3376
  even        I32 N=1073741824 bins=      32 smem_cooperative_dynamic     conce=4634  conce=2649  conce=2567  conce=3117  conce=3471  hash_=3391  poiso=4636  power=2923  power=2900  sawto=3577  sawto=3574  stale=3470  stale=3472  strid=3572  tempo=3376
  even        I32 N=1073741824 bins=      64 smem_static                  conce=4654  conce=3364  conce=2872  conce=3458  conce=3907  hash_=3772  poiso=4652  power=3202  power=3509  sawto=4006  sawto=4006  stale=3908  stale=3910  strid=4004  tempo=3759
  even        I32 N=1073741824 bins=      64 smem_cooperative_static      conce=4653  conce=3364  conce=2870  conce=3457  conce=3906  hash_=3771  poiso=4649  power=3200  power=3508  sawto=4003  sawto=4006  stale=3908  stale=3907  strid=4003  tempo=3759
  even        I32 N=1073741824 bins=      64 smem_dynamic                 conce=4641  conce=2961  conce=2517  conce=3025  conce=3514  hash_=3391  poiso=4635  power=2804  power=3069  sawto=3574  sawto=3576  stale=3515  stale=3514  strid=3574  tempo=3372
  even        I32 N=1073741824 bins=      64 smem_cooperative_dynamic     conce=4640  conce=2959  conce=2515  conce=3025  conce=3512  hash_=3389  poiso=4637  power=2803  power=3068  sawto=3574  sawto=3574  stale=3512  stale=3513  strid=3572  tempo=3372
  even        I32 N=1073741824 bins=     128 smem_static                  conce=4654  conce=3216  conce=2800  conce=3365  conce=3951  hash_=3773  poiso=4650  power=3107  power=3685  sawto=4009  sawto=4010  stale=3950  stale=3951  strid=4007  tempo=3758
  even        I32 N=1073741824 bins=     128 smem_cooperative_static      conce=4651  conce=3215  conce=2799  conce=3365  conce=3948  hash_=3772  poiso=4652  power=3107  power=3683  sawto=4008  sawto=4004  stale=3948  stale=3949  strid=4005  tempo=3759
  even        I32 N=1073741824 bins=     128 smem_dynamic                 conce=4640  conce=2828  conce=2463  conce=2950  conce=3542  hash_=3387  poiso=4636  power=2716  power=3231  sawto=3574  sawto=3574  stale=3541  stale=3544  strid=3575  tempo=3371
  even        I32 N=1073741824 bins=     128 smem_cooperative_dynamic     conce=4637  conce=2828  conce=2462  conce=2951  conce=3542  hash_=3387  poiso=4635  power=2716  power=3233  sawto=3577  sawto=3576  stale=3543  stale=3544  strid=3572  tempo=3368
  even        I32 N=1073741824 bins=     256 smem_static                  conce=4654  conce=3007  conce=3022  conce=3750  conce=3973  hash_=3774  poiso=4649  power=3040  power=3788  sawto=4008  sawto=4008  stale=3973  stale=3977  strid=4007  tempo=3758
  even        I32 N=1073741824 bins=     256 smem_cooperative_static      conce=4651  conce=3004  conce=3021  conce=3751  conce=3972  hash_=3770  poiso=4644  power=3038  power=3785  sawto=4005  sawto=4007  stale=3973  stale=3974  strid=4004  tempo=3755
  even        I32 N=1073741824 bins=     256 smem_dynamic                 conce=4638  conce=2634  conce=2648  conce=3303  conce=3559  hash_=3387  poiso=4637  power=2658  power=3359  sawto=3573  sawto=3574  stale=3561  stale=3562  strid=3571  tempo=3372
  even        I32 N=1073741824 bins=     256 smem_cooperative_dynamic     conce=4639  conce=2634  conce=2647  conce=3302  conce=3561  hash_=3387  poiso=4637  power=2658  power=3357  sawto=3574  sawto=3572  stale=3560  stale=3560  strid=3571  tempo=3369
  even        I32 N=1073741824 bins=     512 smem_dynamic                 conce=4638  conce=2588  conce=2602  conce=3399  conce=3571  hash_=3387  poiso=4637  power=2619  power=3433  sawto=3572  sawto=3573  stale=3571  stale=3570  strid=3570  tempo=3370
  even        I32 N=1073741824 bins=     512 smem_cooperative_dynamic     conce=4640  conce=2588  conce=2601  conce=3397  conce=3570  hash_=3388  poiso=4635  power=2620  power=3432  sawto=3575  sawto=3572  stale=3568  stale=3570  strid=3569  tempo=3369
  queried input cache: cub.bench.histogram.even.base.u64 I32 N=2000000000 -> S=8192
  even        I32 N=2000000000 bins=       8 smem_static                  conce=4696  conce=3195  conce=2782  conce=2997  conce=3712  hash_=3801  poiso=4695  power=3724  power=2978  sawto=1870  sawto=1871  stale=3714  stale=3714  strid=1871  tempo=3784
  even        I32 N=2000000000 bins=       8 smem_cooperative_static      conce=4694  conce=3193  conce=2782  conce=2996  conce=3711  hash_=3800  poiso=4692  power=3720  power=2976  sawto=1870  sawto=1870  stale=3712  stale=3712  strid=1870  tempo=3785
  even        I32 N=2000000000 bins=       8 smem_dynamic                 conce=4681  conce=2790  conce=2426  conce=2596  conce=3218  hash_=3420  poiso=4678  power=3271  power=2588  sawto=1642  sawto=1642  stale=3218  stale=3218  strid=1642  tempo=3402
  even        I32 N=2000000000 bins=       8 smem_cooperative_dynamic     conce=4680  conce=2791  conce=2426  conce=2596  conce=3216  hash_=3419  poiso=4679  power=3270  power=2588  sawto=1642  sawto=1642  stale=3218  stale=3217  strid=1641  tempo=3400
  even        I32 N=2000000000 bins=      16 smem_static                  conce=4695  conce=3159  conce=2874  conce=3289  conce=3822  hash_=3801  poiso=4692  power=3523  power=3135  sawto=3230  sawto=3231  stale=3821  stale=3823  strid=3231  tempo=3784
  even        I32 N=2000000000 bins=      16 smem_cooperative_static      conce=4694  conce=3157  conce=2874  conce=3286  conce=3821  hash_=3798  poiso=4693  power=3521  power=3134  sawto=3233  sawto=3231  stale=3819  stale=3819  strid=3230  tempo=3784
  even        I32 N=2000000000 bins=      16 smem_dynamic                 conce=4681  conce=2758  conce=2500  conce=2844  conce=3436  hash_=3417  poiso=4679  power=3094  power=2720  sawto=2767  sawto=2767  stale=3432  stale=3435  strid=2766  tempo=3399
  even        I32 N=2000000000 bins=      16 smem_cooperative_dynamic     conce=4681  conce=2758  conce=2500  conce=2845  conce=3434  hash_=3417  poiso=4680  power=3094  power=2720  sawto=2767  sawto=2767  stale=3435  stale=3433  strid=2766  tempo=3399
  even        I32 N=2000000000 bins=      32 smem_static                  conce=4694  conce=3050  conce=2969  conce=3616  conce=3879  hash_=3801  poiso=4694  power=3352  power=3360  sawto=4036  sawto=4036  stale=3878  stale=3879  strid=4036  tempo=3785
  even        I32 N=2000000000 bins=      32 smem_cooperative_static      conce=4692  conce=3048  conce=2968  conce=3615  conce=3875  hash_=3799  poiso=4694  power=3352  power=3361  sawto=4035  sawto=4035  stale=3877  stale=3877  strid=4035  tempo=3782
  even        I32 N=2000000000 bins=      32 smem_dynamic                 conce=4678  conce=2660  conce=2577  conce=3137  conce=3497  hash_=3416  poiso=4680  power=2937  power=2914  sawto=3601  sawto=3600  stale=3495  stale=3495  strid=3598  tempo=3397
  even        I32 N=2000000000 bins=      32 smem_cooperative_dynamic     conce=4677  conce=2660  conce=2578  conce=3136  conce=3494  hash_=3416  poiso=4678  power=2936  power=2914  sawto=3597  sawto=3600  stale=3497  stale=3493  strid=3599  tempo=3396
  even        I32 N=2000000000 bins=      64 smem_static                  conce=4693  conce=3385  conce=2884  conce=3478  conce=3940  hash_=3802  poiso=4692  power=3219  power=3530  sawto=4037  sawto=4038  stale=3937  stale=3938  strid=4037  tempo=3784
  even        I32 N=2000000000 bins=      64 smem_cooperative_static      conce=4692  conce=3384  conce=2883  conce=3479  conce=3935  hash_=3798  poiso=4690  power=3219  power=3533  sawto=4039  sawto=4035  stale=3935  stale=3937  strid=4035  tempo=3784
  even        I32 N=2000000000 bins=      64 smem_dynamic                 conce=4679  conce=2973  conce=2525  conce=3040  conce=3534  hash_=3411  poiso=4679  power=2815  power=3083  sawto=3599  sawto=3601  stale=3535  stale=3534  strid=3598  tempo=3393
  even        I32 N=2000000000 bins=      64 smem_cooperative_dynamic     conce=4678  conce=2973  conce=2525  conce=3040  conce=3536  hash_=3410  poiso=4680  power=2815  power=3085  sawto=3600  sawto=3599  stale=3535  stale=3537  strid=3598  tempo=3393
  even        I32 N=2000000000 bins=     128 smem_static                  conce=4693  conce=3235  conce=2813  conce=3385  conce=3981  hash_=3802  poiso=4695  power=3123  power=3709  sawto=4039  sawto=4039  stale=3981  stale=3981  strid=4036  tempo=3786
  even        I32 N=2000000000 bins=     128 smem_cooperative_static      conce=4693  conce=3233  conce=2812  conce=3384  conce=3980  hash_=3799  poiso=4693  power=3122  power=3709  sawto=4038  sawto=4038  stale=3979  stale=3977  strid=4035  tempo=3784
  even        I32 N=2000000000 bins=     128 smem_dynamic                 conce=4682  conce=2841  conce=2470  conce=2966  conce=3567  hash_=3408  poiso=4680  power=2726  power=3252  sawto=3599  sawto=3599  stale=3564  stale=3567  strid=3598  tempo=3392
  even        I32 N=2000000000 bins=     128 smem_cooperative_dynamic     conce=4677  conce=2839  conce=2470  conce=2965  conce=3566  hash_=3410  poiso=4675  power=2728  power=3252  sawto=3600  sawto=3599  stale=3565  stale=3566  strid=3598  tempo=3391
  even        I32 N=2000000000 bins=     256 smem_static                  conce=4693  conce=3019  conce=3037  conce=3779  conce=4006  hash_=3798  poiso=4693  power=3055  power=3816  sawto=4038  sawto=4038  stale=4003  stale=4006  strid=4036  tempo=3784
  even        I32 N=2000000000 bins=     256 smem_cooperative_static      conce=4693  conce=3019  conce=3036  conce=3779  conce=4005  hash_=3799  poiso=4692  power=3054  power=3815  sawto=4037  sawto=4036  stale=4004  stale=4005  strid=4035  tempo=3783
  even        I32 N=2000000000 bins=     256 smem_dynamic                 conce=4682  conce=2645  conce=2659  conce=3323  conce=3586  hash_=3408  poiso=4678  power=2669  power=3380  sawto=3599  sawto=3599  stale=3586  stale=3586  strid=3597  tempo=3390
  even        I32 N=2000000000 bins=     256 smem_cooperative_dynamic     conce=4683  conce=2643  conce=2659  conce=3324  conce=3585  hash_=3408  poiso=4679  power=2669  power=3380  sawto=3599  sawto=3597  stale=3584  stale=3583  strid=3598  tempo=3391
  even        I32 N=2000000000 bins=     512 smem_dynamic                 conce=4678  conce=2598  conce=2611  conce=3421  conce=3596  hash_=3410  poiso=4679  power=2629  power=3457  sawto=3597  sawto=3598  stale=3596  stale=3595  strid=3596  tempo=3390
  even        I32 N=2000000000 bins=     512 smem_cooperative_dynamic     conce=4679  conce=2597  conce=2611  conce=3421  conce=3595  hash_=3408  poiso=4679  power=2629  power=3458  sawto=3598  sawto=3598  stale=3593  stale=3596  strid=3597  tempo=3388
  even        I32 N=   1048576 bins=       8 main                              conce=223  conce=219  conce=204  conce=197  conce=204  hash_=207  poiso=226  power=197  power=192  sawto=204  sawto=205  stale=192  stale=199  strid=203  tempo=224
  even        I32 N=   1048576 bins=      16 main                              conce=223  conce=213  conce=212  conce=198  conce=205  hash_=212  poiso=227  power=218  power=204  sawto=199  sawto=199  stale=198  stale=199  strid=197  tempo=223
  even        I32 N=   1048576 bins=      32 main                              conce=223  conce=219  conce=215  conce=203  conce=212  hash_=213  poiso=226  power=218  power=204  sawto=219  sawto=220  stale=202  stale=201  strid=212  tempo=225
  even        I32 N=   1048576 bins=      64 main                              conce=222  conce=213  conce=219  conce=204  conce=214  hash_=213  poiso=227  power=218  power=217  sawto=219  sawto=219  stale=206  stale=211  strid=212  tempo=223
  even        I32 N=   1048576 bins=     128 main                              conce=223  conce=219  conce=219  conce=217  conce=218  hash_=219  poiso=223  power=218  power=213  sawto=219  sawto=220  stale=213  stale=217  strid=220  tempo=223
  even        I32 N=   1048576 bins=     256 main                              conce=222  conce=213  conce=221  conce=220  conce=224  hash_=213  poiso=227  power=219  power=219  sawto=218  sawto=219  stale=219  stale=220  strid=212  tempo=222
  even        I32 N=   1048576 bins=     512 main                              conce=222  conce=196  conce=178  conce=173  conce=191  hash_=210  poiso=220  power=196  power=186  sawto=171  sawto=165  stale=181  stale=180  strid=169  tempo=222
  even        I32 N=  16777216 bins=       8 main                              conce=698  conce=664  conce=586  conce=566  conce=566  hash_=606  poiso=697  power=568  power=566  sawto=674  sawto=676  stale=566  stale=566  strid=673  tempo=699
  even        I32 N=  16777216 bins=      16 main                              conce=698  conce=667  conce=608  conce=569  conce=567  hash_=630  poiso=698  power=664  power=591  sawto=630  sawto=628  stale=567  stale=568  strid=627  tempo=698
  even        I32 N=  16777216 bins=      32 main                              conce=698  conce=664  conce=623  conce=581  conce=581  hash_=650  poiso=698  power=658  power=591  sawto=651  sawto=655  stale=579  stale=576  strid=655  tempo=699
  even        I32 N=  16777216 bins=      64 main                              conce=698  conce=660  conce=630  conce=601  conce=607  hash_=658  poiso=698  power=668  power=644  sawto=654  sawto=655  stale=603  stale=602  strid=651  tempo=698
  even        I32 N=  16777216 bins=     128 main                              conce=697  conce=662  conce=644  conce=625  conce=635  hash_=664  poiso=698  power=668  power=644  sawto=654  sawto=654  stale=630  stale=631  strid=654  tempo=698
  even        I32 N=  16777216 bins=     256 main                              conce=698  conce=664  conce=661  conce=651  conce=652  hash_=664  poiso=697  power=667  power=645  sawto=653  sawto=654  stale=653  stale=653  strid=650  tempo=698
  even        I32 N=  16777216 bins=     512 main                              conce=697  conce=532  conce=393  conce=480  conce=525  hash_=649  poiso=697  power=517  power=549  sawto=472  sawto=425  stale=515  stale=533  strid=463  tempo=697
  even        I32 N=  67108864 bins=       8 main                              conce=776  conce=744  conce=644  conce=618  conce=618  hash_=671  poiso=776  power=620  power=618  sawto=807  sawto=804  stale=618  stale=618  strid=806  tempo=776
  even        I32 N=  67108864 bins=      16 main                              conce=776  conce=744  conce=672  conce=624  conce=621  hash_=700  poiso=776  power=739  power=651  sawto=765  sawto=754  stale=621  stale=621  strid=760  tempo=776
  even        I32 N=  67108864 bins=      32 main                              conce=776  conce=743  conce=691  conce=639  conce=636  hash_=721  poiso=776  power=733  power=651  sawto=735  sawto=736  stale=636  stale=636  strid=735  tempo=777
  even        I32 N=  67108864 bins=      64 main                              conce=776  conce=735  conce=701  conce=662  conce=665  hash_=733  poiso=776  power=745  power=716  sawto=736  sawto=736  stale=664  stale=664  strid=735  tempo=776
  even        I32 N=  67108864 bins=     128 main                              conce=776  conce=738  conce=718  conce=693  conce=698  hash_=740  poiso=776  power=744  power=717  sawto=735  sawto=736  stale=697  stale=698  strid=736  tempo=776
  even        I32 N=  67108864 bins=     256 main                              conce=776  conce=744  conce=736  conce=722  conce=723  hash_=743  poiso=776  power=743  power=719  sawto=735  sawto=736  stale=723  stale=723  strid=734  tempo=776
  even        I32 N=  67108864 bins=     512 main                              conce=777  conce=463  conce=475  conce=507  conce=580  hash_=731  poiso=777  power=551  power=637  sawto=495  sawto=449  stale=590  stale=588  strid=490  tempo=776
  even        I32 N= 268435456 bins=       8 main                              conce=799  conce=766  conce=663  conce=636  conce=635  hash_=692  poiso=799  power=638  power=635  sawto=855  sawto=852  stale=635  stale=636  strid=855  tempo=800
  even        I32 N= 268435456 bins=      16 main                              conce=799  conce=766  conce=692  conce=642  conce=638  hash_=722  poiso=799  power=762  power=671  sawto=818  sawto=804  stale=638  stale=638  strid=813  tempo=800
  even        I32 N= 268435456 bins=      32 main                              conce=799  conce=765  conce=712  conce=657  conce=654  hash_=743  poiso=800  power=756  power=671  sawto=757  sawto=757  stale=654  stale=654  strid=757  tempo=799
  even        I32 N= 268435456 bins=      64 main                              conce=799  conce=759  conce=723  conce=682  conce=685  hash_=756  poiso=799  power=766  power=739  sawto=757  sawto=757  stale=686  stale=686  strid=757  tempo=799
  even        I32 N= 268435456 bins=     128 main                              conce=799  conce=761  conce=740  conce=714  conce=720  hash_=761  poiso=799  power=766  power=740  sawto=757  sawto=757  stale=720  stale=720  strid=757  tempo=800
  even        I32 N= 268435456 bins=     256 main                              conce=800  conce=766  conce=759  conce=745  conce=746  hash_=764  poiso=799  power=766  power=742  sawto=757  sawto=757  stale=747  stale=747  strid=757  tempo=799
  even        I32 N= 268435456 bins=     512 main                              conce=804  conce=567  conce=481  conce=509  conce=600  hash_=757  poiso=805  power=711  power=646  sawto=505  sawto=456  stale=607  stale=605  strid=500  tempo=805
  even        I32 N=1073741824 bins=       8 main                              conce=767  conce=736  conce=643  conce=612  conce=612  hash_=673  poiso=766  power=616  power=612  sawto=853  sawto=808  stale=612  stale=612  strid=842  tempo=767
  even        I32 N=1073741824 bins=      16 main                              conce=766  conce=736  conce=673  conce=619  conce=615  hash_=703  poiso=766  power=736  power=651  sawto=792  sawto=765  stale=615  stale=615  strid=788  tempo=767
  even        I32 N=1073741824 bins=      32 main                              conce=767  conce=736  conce=693  conce=637  conce=633  hash_=723  poiso=766  power=733  power=651  sawto=729  sawto=733  stale=633  stale=633  strid=732  tempo=766
  even        I32 N=1073741824 bins=      64 main                              conce=766  conce=734  conce=704  conce=662  conce=666  hash_=732  poiso=766  power=737  power=719  sawto=730  sawto=733  stale=667  stale=667  strid=732  tempo=767
  even        I32 N=1073741824 bins=     128 main                              conce=766  conce=735  conce=720  conce=695  conce=701  hash_=736  poiso=766  power=737  power=720  sawto=730  sawto=733  stale=702  stale=702  strid=732  tempo=766
  even        I32 N=1073741824 bins=     256 main                              conce=767  conce=736  conce=735  conce=725  conce=726  hash_=736  poiso=767  power=736  power=722  sawto=730  sawto=733  stale=726  stale=727  strid=732  tempo=766
  even        I32 N=1073741824 bins=     512 main                              conce=797  conce=567  conce=480  conce=507  conce=611  hash_=752  poiso=797  power=677  power=647  sawto=505  sawto=459  stale=624  stale=615  strid=498  tempo=797
  even        I32 N=2000000000 bins=       8 main                              conce=768  conce=738  conce=644  conce=613  conce=613  hash_=674  poiso=768  power=616  power=613  sawto=856  sawto=814  stale=613  stale=613  strid=845  tempo=768
  even        I32 N=2000000000 bins=      16 main                              conce=768  conce=738  conce=674  conce=620  conce=616  hash_=704  poiso=768  power=737  power=652  sawto=795  sawto=769  stale=616  stale=616  strid=791  tempo=768
  even        I32 N=2000000000 bins=      32 main                              conce=768  conce=737  conce=694  conce=638  conce=634  hash_=724  poiso=768  power=734  power=652  sawto=731  sawto=734  stale=634  stale=634  strid=733  tempo=768
  even        I32 N=2000000000 bins=      64 main                              conce=768  conce=735  conce=705  conce=664  conce=667  hash_=734  poiso=768  power=738  power=720  sawto=731  sawto=734  stale=668  stale=668  strid=733  tempo=768
  even        I32 N=2000000000 bins=     128 main                              conce=768  conce=737  conce=721  conce=697  conce=702  hash_=737  poiso=767  power=738  power=721  sawto=731  sawto=734  stale=702  stale=702  strid=733  tempo=768
  even        I32 N=2000000000 bins=     256 main                              conce=768  conce=738  conce=736  conce=726  conce=727  hash_=738  poiso=768  power=738  power=723  sawto=731  sawto=734  stale=727  stale=727  strid=733  tempo=768
  even        I32 N=2000000000 bins=     512 main                              conce=798  conce=567  conce=481  conce=507  conce=612  hash_=753  poiso=798  power=675  power=645  sawto=503  sawto=459  stale=623  stale=617  strid=496  tempo=798
  queried input cache: cub.bench.histogram.even.base.u64 F64 N=1048576 -> S=8192
  even        F64 N=   1048576 bins=       8 smem_static                  conce=804  conce=780  conce=772  conce=796  conce=786  hash_=768  poiso=802  power=791  power=793  sawto=808  sawto=805  stale=804  stale=807  strid=768  tempo=792
  even        F64 N=   1048576 bins=       8 smem_cooperative_static      conce=783  conce=688  conce=705  conce=689  conce=739  hash_=711  poiso=755  power=705  power=688  sawto=752  sawto=751  stale=768  stale=768  strid=706  tempo=739
  even        F64 N=   1048576 bins=       8 smem_dynamic                 conce=796  conce=712  conce=720  conce=727  conce=768  hash_=749  poiso=794  power=730  power=709  sawto=762  sawto=761  stale=774  stale=766  strid=745  tempo=757
  even        F64 N=   1048576 bins=       8 smem_cooperative_dynamic     conce=741  conce=682  conce=687  conce=688  conce=699  hash_=684  poiso=704  power=696  power=685  sawto=693  sawto=695  stale=692  stale=727  strid=681  tempo=698
  even        F64 N=   1048576 bins=      16 smem_static                  conce=797  conce=780  conce=778  conce=805  conce=795  hash_=768  poiso=801  power=781  power=798  sawto=806  sawto=804  stale=799  stale=800  strid=768  tempo=789
  even        F64 N=   1048576 bins=      16 smem_cooperative_static      conce=774  conce=688  conce=719  conce=694  conce=761  hash_=717  poiso=754  power=697  power=691  sawto=790  sawto=787  stale=791  stale=795  strid=743  tempo=740
  even        F64 N=   1048576 bins=      16 smem_dynamic                 conce=800  conce=709  conce=731  conce=729  conce=773  hash_=746  poiso=800  power=722  power=716  sawto=807  sawto=801  stale=801  stale=787  strid=769  tempo=756
  even        F64 N=   1048576 bins=      16 smem_cooperative_dynamic     conce=742  conce=680  conce=689  conce=701  conce=719  hash_=693  poiso=706  power=694  power=693  sawto=753  sawto=754  stale=712  stale=737  strid=716  tempo=708
  even        F64 N=   1048576 bins=      32 smem_static                  conce=808  conce=776  conce=794  conce=810  conce=801  hash_=768  poiso=802  power=791  power=810  sawto=824  sawto=820  stale=803  stale=810  strid=770  tempo=796
  even        F64 N=   1048576 bins=      32 smem_cooperative_static      conce=794  conce=687  conce=737  conce=726  conce=765  hash_=713  poiso=774  power=698  power=695  sawto=808  sawto=807  stale=805  stale=819  strid=764  tempo=741
  even        F64 N=   1048576 bins=      32 smem_dynamic                 conce=800  conce=707  conce=738  conce=756  conce=780  hash_=749  poiso=802  power=717  power=738  sawto=809  sawto=803  stale=802  stale=803  strid=769  tempo=757
  even        F64 N=   1048576 bins=      32 smem_cooperative_dynamic     conce=747  conce=682  conce=688  conce=698  conce=733  hash_=693  poiso=711  power=692  power=692  sawto=763  sawto=766  stale=751  stale=755  strid=729  tempo=704
  even        F64 N=   1048576 bins=      64 smem_static                  conce=808  conce=793  conce=778  conce=806  conce=802  hash_=769  poiso=802  power=787  power=810  sawto=821  sawto=820  stale=804  stale=811  strid=769  tempo=793
  even        F64 N=   1048576 bins=      64 smem_cooperative_static      conce=792  conce=692  conce=725  conce=713  conce=772  hash_=714  poiso=774  power=696  power=709  sawto=806  sawto=804  stale=805  stale=813  strid=764  tempo=741
  even        F64 N=   1048576 bins=      64 smem_dynamic                 conce=783  conce=726  conce=740  conce=749  conce=785  hash_=752  poiso=789  power=741  power=754  sawto=791  sawto=786  stale=788  stale=778  strid=767  tempo=758
  even        F64 N=   1048576 bins=      64 smem_cooperative_dynamic     conce=746  conce=687  conce=686  conce=687  conce=733  hash_=684  poiso=712  power=686  power=688  sawto=766  sawto=768  stale=752  stale=755  strid=725  tempo=694
  even        F64 N=   1048576 bins=     128 smem_static                  conce=802  conce=765  conce=769  conce=792  conce=786  hash_=769  poiso=802  power=787  power=807  sawto=804  sawto=804  stale=805  stale=803  strid=769  tempo=781
  even        F64 N=   1048576 bins=     128 smem_cooperative_static      conce=793  conce=690  conce=710  conce=692  conce=745  hash_=712  poiso=780  power=696  power=705  sawto=767  sawto=768  stale=762  stale=769  strid=723  tempo=730
  even        F64 N=   1048576 bins=     128 smem_dynamic                 conce=797  conce=719  conce=726  conce=737  conce=776  hash_=743  poiso=794  power=726  power=763  sawto=797  sawto=793  stale=795  stale=786  strid=768  tempo=756
  even        F64 N=   1048576 bins=     128 smem_cooperative_dynamic     conce=748  conce=686  conce=685  conce=687  conce=723  hash_=682  poiso=716  power=686  power=688  sawto=756  sawto=758  stale=733  stale=747  strid=713  tempo=693
  even        F64 N=   1048576 bins=     256 smem_static                  conce=790  conce=774  conce=767  conce=774  conce=784  hash_=767  poiso=789  power=772  power=789  sawto=791  sawto=785  stale=792  stale=783  strid=768  tempo=765
  even        F64 N=   1048576 bins=     256 smem_cooperative_static      conce=796  conce=688  conce=721  conce=690  conce=747  hash_=712  poiso=775  power=696  power=696  sawto=760  sawto=762  stale=764  stale=766  strid=719  tempo=707
  even        F64 N=   1048576 bins=     256 smem_dynamic                 conce=797  conce=709  conce=742  conce=752  conce=773  hash_=736  poiso=798  power=719  power=779  sawto=802  sawto=797  stale=801  stale=800  strid=768  tempo=751
  even        F64 N=   1048576 bins=     256 smem_cooperative_dynamic     conce=740  conce=683  conce=688  conce=689  conce=724  hash_=681  poiso=708  power=684  power=688  sawto=754  sawto=754  stale=725  stale=743  strid=714  tempo=693
  even        F64 N=   1048576 bins=     512 smem_dynamic                 conce=790  conce=706  conce=722  conce=744  conce=770  hash_=729  poiso=796  power=720  power=743  sawto=802  sawto=798  stale=795  stale=781  strid=768  tempo=745
  even        F64 N=   1048576 bins=     512 smem_cooperative_dynamic     conce=734  conce=679  conce=689  conce=697  conce=720  hash_=693  poiso=704  power=680  power=695  sawto=752  sawto=751  stale=703  stale=731  strid=714  tempo=704
  queried input cache: cub.bench.histogram.even.base.u64 F64 N=16777216 -> S=8192
  even        F64 N=  16777216 bins=       8 smem_static                  conce=3662  conce=3179  conce=3116  conce=3323  conce=3678  hash_=3525  poiso=3648  power=3401  power=3247  sawto=3554  sawto=3549  stale=3625  stale=3651  strid=3543  tempo=3536
  even        F64 N=  16777216 bins=       8 smem_cooperative_static      conce=3550  conce=3096  conce=2992  conce=3143  conce=3497  hash_=3342  poiso=3523  power=3256  power=3107  sawto=3407  sawto=3412  stale=3505  stale=3537  strid=3349  tempo=3399
  even        F64 N=  16777216 bins=       8 smem_dynamic                 conce=3652  conce=2866  conce=2755  conce=2905  conce=3351  hash_=3214  poiso=3628  power=3063  power=2866  sawto=3075  sawto=3068  stale=3333  stale=3340  strid=3055  tempo=3228
  even        F64 N=  16777216 bins=       8 smem_cooperative_dynamic     conce=3519  conce=2720  conce=2646  conce=2817  conce=3179  hash_=3103  poiso=3497  power=2958  power=2729  sawto=2959  sawto=2955  stale=3173  stale=3219  strid=2941  tempo=3114
  even        F64 N=  16777216 bins=      16 smem_static                  conce=3667  conce=3189  conce=3215  conce=3506  conce=3636  hash_=3508  poiso=3647  power=3355  power=3377  sawto=3635  sawto=3634  stale=3622  stale=3642  strid=3594  tempo=3513
  even        F64 N=  16777216 bins=      16 smem_cooperative_static      conce=3542  conce=3106  conce=3108  conce=3318  conce=3512  hash_=3335  poiso=3511  power=3180  power=3269  sawto=3535  sawto=3533  stale=3516  stale=3542  strid=3490  tempo=3393
  even        F64 N=  16777216 bins=      16 smem_dynamic                 conce=3652  conce=2859  conce=2815  conce=3078  conce=3581  hash_=3213  poiso=3624  power=3022  power=2943  sawto=3603  sawto=3597  stale=3563  stale=3572  strid=3582  tempo=3224
  even        F64 N=  16777216 bins=      16 smem_cooperative_dynamic     conce=3519  conce=2712  conce=2707  conce=2963  conce=3432  hash_=3098  poiso=3492  power=2884  power=2835  sawto=3476  sawto=3473  stale=3450  stale=3459  strid=3449  tempo=3114
  even        F64 N=  16777216 bins=      32 smem_static                  conce=3671  conce=3150  conce=3271  conce=3639  conce=3640  hash_=3479  poiso=3658  power=3248  power=3501  sawto=3649  sawto=3648  stale=3634  stale=3648  strid=3599  tempo=3501
  even        F64 N=  16777216 bins=      32 smem_cooperative_static      conce=3562  conce=3049  conce=3128  conce=3475  conce=3513  hash_=3344  poiso=3519  power=3129  power=3350  sawto=3549  sawto=3543  stale=3525  stale=3557  strid=3503  tempo=3372
  even        F64 N=  16777216 bins=      32 smem_dynamic                 conce=3653  conce=2800  conce=2887  conce=3244  conce=3615  hash_=3213  poiso=3626  power=2919  power=3079  sawto=3608  sawto=3606  stale=3604  stale=3609  strid=3586  tempo=3220
  even        F64 N=  16777216 bins=      32 smem_cooperative_dynamic     conce=3530  conce=2709  conce=2785  conce=3121  conce=3467  hash_=3100  poiso=3503  power=2830  power=2981  sawto=3494  sawto=3493  stale=3477  stale=3494  strid=3474  tempo=3114
  even        F64 N=  16777216 bins=      64 smem_static                  conce=3673  conce=3242  conce=3195  conce=3594  conce=3645  hash_=3478  poiso=3660  power=3225  power=3607  sawto=3644  sawto=3641  stale=3624  stale=3639  strid=3600  tempo=3492
  even        F64 N=  16777216 bins=      64 smem_cooperative_static      conce=3557  conce=3127  conce=3083  conce=3448  conce=3520  hash_=3320  poiso=3530  power=3101  power=3458  sawto=3542  sawto=3554  stale=3538  stale=3558  strid=3515  tempo=3365
  even        F64 N=  16777216 bins=      64 smem_dynamic                 conce=3656  conce=2947  conce=2814  conce=3216  conce=3611  hash_=3210  poiso=3641  power=2893  power=3253  sawto=3616  sawto=3615  stale=3608  stale=3620  strid=3583  tempo=3218
  even        F64 N=  16777216 bins=      64 smem_cooperative_dynamic     conce=3516  conce=2831  conce=2708  conce=3112  conce=3464  hash_=3097  poiso=3495  power=2817  power=3113  sawto=3488  sawto=3487  stale=3474  stale=3487  strid=3463  tempo=3110
  even        F64 N=  16777216 bins=     128 smem_static                  conce=3669  conce=3244  conce=3129  conce=3507  conce=3639  hash_=3430  poiso=3661  power=3228  power=3643  sawto=3648  sawto=3644  stale=3629  stale=3641  strid=3595  tempo=3478
  even        F64 N=  16777216 bins=     128 smem_cooperative_static      conce=3552  conce=3113  conce=3007  conce=3393  conce=3517  hash_=3307  poiso=3525  power=3108  power=3481  sawto=3540  sawto=3546  stale=3532  stale=3552  strid=3504  tempo=3353
  even        F64 N=  16777216 bins=     128 smem_dynamic                 conce=3658  conce=2866  conce=2790  conce=3148  conce=3611  hash_=3203  poiso=3643  power=2867  power=3321  sawto=3620  sawto=3611  stale=3612  stale=3613  strid=3582  tempo=3210
  even        F64 N=  16777216 bins=     128 smem_cooperative_dynamic     conce=3521  conce=2819  conce=2702  conce=3050  conce=3463  hash_=3095  poiso=3494  power=2762  power=3185  sawto=3484  sawto=3487  stale=3475  stale=3483  strid=3463  tempo=3107
  even        F64 N=  16777216 bins=     256 smem_static                  conce=3668  conce=3145  conce=3299  conce=3638  conce=3635  hash_=3417  poiso=3661  power=3201  power=3637  sawto=3643  sawto=3637  stale=3627  stale=3638  strid=3595  tempo=3467
  even        F64 N=  16777216 bins=     256 smem_cooperative_static      conce=3556  conce=3079  conce=3184  conce=3490  conce=3510  hash_=3301  poiso=3517  power=3107  power=3484  sawto=3530  sawto=3538  stale=3524  stale=3542  strid=3496  tempo=3340
  even        F64 N=  16777216 bins=     256 smem_dynamic                 conce=3657  conce=2810  conce=2948  conce=3380  conce=3604  hash_=3202  poiso=3641  power=2840  power=3430  sawto=3613  sawto=3610  stale=3607  stale=3604  strid=3577  tempo=3207
  even        F64 N=  16777216 bins=     256 smem_cooperative_dynamic     conce=3519  conce=2707  conce=2832  conce=3269  conce=3466  hash_=3096  poiso=3496  power=2727  power=3283  sawto=3485  sawto=3485  stale=3474  stale=3483  strid=3460  tempo=3104
  even        F64 N=  16777216 bins=     512 smem_dynamic                 conce=3650  conce=2808  conce=2923  conce=3439  conce=3598  hash_=3183  poiso=3637  power=2823  power=3462  sawto=3597  sawto=3601  stale=3599  stale=3607  strid=3577  tempo=3193
  even        F64 N=  16777216 bins=     512 smem_cooperative_dynamic     conce=3504  conce=2701  conce=2825  conce=3286  conce=3455  hash_=3092  poiso=3490  power=2713  power=3293  sawto=3479  sawto=3479  stale=3472  stale=3479  strid=3456  tempo=3100
  queried input cache: cub.bench.histogram.even.base.u64 F64 N=67108864 -> S=8192
  even        F64 N=  67108864 bins=       8 smem_static                  conce=4708  conce=3832  conce=3714  conce=4007  conce=4664  hash_=4316  poiso=4704  power=4121  power=3911  sawto=4348  sawto=4346  stale=4659  stale=4662  strid=4340  tempo=4318
  even        F64 N=  67108864 bins=       8 smem_cooperative_static      conce=4666  conce=3783  conce=3673  conce=3965  conce=4620  hash_=4301  poiso=4666  power=4091  power=3884  sawto=4311  sawto=4308  stale=4631  stale=4627  strid=4303  tempo=4303
  even        F64 N=  67108864 bins=       8 smem_dynamic                 conce=4631  conce=3362  conce=3206  conce=3426  conce=4051  hash_=3883  poiso=4629  power=3675  power=3374  sawto=3661  sawto=3659  stale=4041  stale=4043  strid=3647  tempo=3889
  even        F64 N=  67108864 bins=       8 smem_cooperative_dynamic     conce=4589  conce=3339  conce=3184  conce=3409  conce=4021  hash_=3881  poiso=4586  power=3647  power=3359  sawto=3622  sawto=3622  stale=4026  stale=4026  strid=3617  tempo=3862
  even        F64 N=  67108864 bins=      16 smem_static                  conce=4707  conce=3832  conce=3835  conce=4291  conce=4815  hash_=4300  poiso=4705  power=4013  power=4100  sawto=4876  sawto=4876  stale=4817  stale=4821  strid=4862  tempo=4306
  even        F64 N=  67108864 bins=      16 smem_cooperative_static      conce=4668  conce=3785  conce=3805  conce=4246  conce=4772  hash_=4282  poiso=4663  power=3971  power=4067  sawto=4835  sawto=4831  stale=4794  stale=4790  strid=4829  tempo=4283
  even        F64 N=  67108864 bins=      16 smem_dynamic                 conce=4628  conce=3357  conce=3303  conce=3674  conce=4526  hash_=3877  poiso=4627  power=3559  power=3531  sawto=4627  sawto=4628  stale=4524  stale=4522  strid=4617  tempo=3876
  even        F64 N=  67108864 bins=      16 smem_cooperative_dynamic     conce=4591  conce=3328  conce=3277  conce=3661  conce=4490  hash_=3863  poiso=4588  power=3532  power=3506  sawto=4594  sawto=4592  stale=4491  stale=4492  strid=4581  tempo=3849
  even        F64 N=  67108864 bins=      32 smem_static                  conce=4707  conce=3799  conce=3938  conce=4572  conce=4913  hash_=4291  poiso=4703  power=3941  power=4324  sawto=4924  sawto=4922  stale=4907  stale=4900  strid=4914  tempo=4295
  even        F64 N=  67108864 bins=      32 smem_cooperative_static      conce=4670  conce=3774  conce=3904  conce=4551  conce=4865  hash_=4273  poiso=4666  power=3901  power=4307  sawto=4893  sawto=4894  stale=4881  stale=4871  strid=4875  tempo=4268
  even        F64 N=  67108864 bins=      32 smem_dynamic                 conce=4632  conce=3313  conce=3391  conce=3949  conce=4714  hash_=3874  poiso=4627  power=3480  power=3727  sawto=4857  sawto=4854  stale=4705  stale=4715  strid=4852  tempo=3872
  even        F64 N=  67108864 bins=      32 smem_cooperative_dynamic     conce=4588  conce=3287  conce=3364  conce=3924  conce=4677  hash_=3858  poiso=4590  power=3451  power=3713  sawto=4820  sawto=4821  stale=4682  stale=4689  strid=4810  tempo=3844
  even        F64 N=  67108864 bins=      64 smem_static                  conce=4707  conce=3952  conce=3801  conce=4441  conce=4899  hash_=4281  poiso=4703  power=3885  power=4474  sawto=4924  sawto=4925  stale=4900  stale=4892  strid=4916  tempo=4281
  even        F64 N=  67108864 bins=      64 smem_cooperative_static      conce=4670  conce=3905  conce=3772  conce=4398  conce=4854  hash_=4244  poiso=4663  power=3848  power=4456  sawto=4896  sawto=4891  stale=4870  stale=4861  strid=4876  tempo=4247
  even        F64 N=  67108864 bins=      64 smem_dynamic                 conce=4628  conce=3498  conce=3304  conce=3863  conce=4714  hash_=3865  poiso=4627  power=3413  power=3895  sawto=4856  sawto=4856  stale=4701  stale=4710  strid=4857  tempo=3856
  even        F64 N=  67108864 bins=      64 smem_cooperative_dynamic     conce=4592  conce=3462  conce=3280  conce=3840  conce=4675  hash_=3840  poiso=4590  power=3394  power=3869  sawto=4820  sawto=4820  stale=4682  stale=4685  strid=4814  tempo=3837
  even        F64 N=  67108864 bins=     128 smem_static                  conce=4709  conce=3853  conce=3737  conce=4342  conce=4887  hash_=4269  poiso=4704  power=3854  power=4624  sawto=4925  sawto=4924  stale=4889  stale=4886  strid=4913  tempo=4271
  even        F64 N=  67108864 bins=     128 smem_cooperative_static      conce=4669  conce=3834  conce=3716  conce=4314  conce=4842  hash_=4237  poiso=4667  power=3830  power=4574  sawto=4895  sawto=4894  stale=4860  stale=4854  strid=4877  tempo=4239
  even        F64 N=  67108864 bins=     128 smem_dynamic                 conce=4631  conce=3410  conce=3262  conce=3795  conce=4711  hash_=3850  poiso=4632  power=3369  power=4061  sawto=4855  sawto=4854  stale=4705  stale=4714  strid=4850  tempo=3847
  even        F64 N=  67108864 bins=     128 smem_cooperative_dynamic     conce=4593  conce=3391  conce=3238  conce=3778  conce=4674  hash_=3836  poiso=4593  power=3355  power=4032  sawto=4822  sawto=4821  stale=4681  stale=4684  strid=4813  tempo=3832
  even        F64 N=  67108864 bins=     256 smem_static                  conce=4707  conce=3805  conce=4004  conce=4649  conce=4879  hash_=4265  poiso=4702  power=3832  power=4684  sawto=4923  sawto=4921  stale=4882  stale=4881  strid=4912  tempo=4263
  even        F64 N=  67108864 bins=     256 smem_cooperative_static      conce=4668  conce=3777  conce=3965  conce=4632  conce=4835  hash_=4236  poiso=4667  power=3791  power=4646  sawto=4895  sawto=4893  stale=4854  stale=4845  strid=4878  tempo=4235
  even        F64 N=  67108864 bins=     256 smem_dynamic                 conce=4634  conce=3332  conce=3487  conce=4143  conce=4710  hash_=3853  poiso=4630  power=3351  power=4222  sawto=4851  sawto=4851  stale=4704  stale=4713  strid=4849  tempo=3847
  even        F64 N=  67108864 bins=     256 smem_cooperative_dynamic     conce=4594  conce=3316  conce=3461  conce=4115  conce=4674  hash_=3837  poiso=4593  power=3326  power=4183  sawto=4819  sawto=4817  stale=4680  stale=4686  strid=4810  tempo=3832
  even        F64 N=  67108864 bins=     512 smem_dynamic                 conce=4629  conce=3287  conce=3444  conce=4253  conce=4708  hash_=3850  poiso=4628  power=3341  power=4337  sawto=4847  sawto=4848  stale=4701  stale=4710  strid=4841  tempo=3842
  even        F64 N=  67108864 bins=     512 smem_cooperative_dynamic     conce=4588  conce=3272  conce=3417  conce=4237  conce=4668  hash_=3835  poiso=4588  power=3315  power=4314  sawto=4815  sawto=4816  stale=4674  stale=4684  strid=4808  tempo=3822
  queried input cache: cub.bench.histogram.even.base.u64 F64 N=268435456 -> S=8192
  even        F64 N= 268435456 bins=       8 smem_static                  conce=5183  conce=4050  conce=3918  conce=4244  conce=5082  hash_=4627  poiso=5182  power=4379  power=4141  sawto=4634  sawto=4632  stale=5082  stale=5080  strid=4631  tempo=4616
  even        F64 N= 268435456 bins=       8 smem_cooperative_static      conce=5176  conce=4046  conce=3914  conce=4240  conce=5073  hash_=4621  poiso=5179  power=4374  power=4135  sawto=4632  sawto=4632  stale=5076  stale=5077  strid=4630  tempo=4614
  even        F64 N= 268435456 bins=       8 smem_dynamic                 conce=5010  conce=3538  conce=3359  conce=3609  conce=4312  hash_=4138  poiso=5009  power=3881  power=3544  sawto=3861  sawto=3862  stale=4311  stale=4311  strid=3860  tempo=4125
  even        F64 N= 268435456 bins=       8 smem_cooperative_dynamic     conce=5006  conce=3537  conce=3358  conce=3608  conce=4304  hash_=4134  poiso=5005  power=3877  power=3543  sawto=3861  sawto=3859  stale=4308  stale=4307  strid=3857  tempo=4123
  even        F64 N= 268435456 bins=      16 smem_static                  conce=5181  conce=4054  conce=4057  conce=4581  conce=5634  hash_=4609  poiso=5184  power=4259  power=4360  sawto=5824  sawto=5825  stale=5636  stale=5634  strid=5823  tempo=4603
  even        F64 N= 268435456 bins=      16 smem_cooperative_static      conce=5173  conce=4051  conce=4055  conce=4575  conce=5624  hash_=4607  poiso=5176  power=4255  power=4354  sawto=5822  sawto=5818  stale=5629  stale=5630  strid=5818  tempo=4598
  even        F64 N= 268435456 bins=      16 smem_dynamic                 conce=5009  conce=3534  conce=3468  conce=3889  conce=4908  hash_=4125  poiso=5009  power=3754  power=3720  sawto=5068  sawto=5068  stale=4907  stale=4907  strid=5067  tempo=4115
  even        F64 N= 268435456 bins=      16 smem_cooperative_dynamic     conce=5005  conce=3532  conce=3468  conce=3886  conce=4895  hash_=4123  poiso=5003  power=3750  power=3720  sawto=5061  sawto=5060  stale=4899  stale=4899  strid=5061  tempo=4110
  even        F64 N= 268435456 bins=      32 smem_static                  conce=5182  conce=4012  conce=4169  conce=4940  conce=5954  hash_=4604  poiso=5184  power=4174  power=4627  sawto=6028  sawto=6027  stale=5951  stale=5951  strid=6013  tempo=4594
  even        F64 N= 268435456 bins=      32 smem_cooperative_static      conce=5175  conce=4008  conce=4165  conce=4938  conce=5943  hash_=4599  poiso=5176  power=4169  power=4623  sawto=6019  sawto=6018  stale=5949  stale=5948  strid=6015  tempo=4592
  even        F64 N= 268435456 bins=      32 smem_dynamic                 conce=5010  conce=3483  conce=3561  conce=4203  conce=5327  hash_=4121  poiso=5008  power=3658  power=3944  sawto=5789  sawto=5789  stale=5323  stale=5322  strid=5789  tempo=4108
  even        F64 N= 268435456 bins=      32 smem_cooperative_dynamic     conce=5006  conce=3481  conce=3558  conce=4198  conce=5310  hash_=4119  poiso=5003  power=3657  power=3943  sawto=5791  sawto=5790  stale=5313  stale=5314  strid=5792  tempo=4107
  even        F64 N= 268435456 bins=      64 smem_static                  conce=5182  conce=4179  conce=4012  conce=4765  conce=5925  hash_=4581  poiso=5181  power=4113  power=4814  sawto=6030  sawto=6026  stale=5919  stale=5918  strid=6017  tempo=4567
  even        F64 N= 268435456 bins=      64 smem_cooperative_static      conce=5176  conce=4176  conce=4009  conce=4762  conce=5914  hash_=4575  poiso=5176  power=4110  power=4810  sawto=6019  sawto=6020  stale=5920  stale=5917  strid=6011  tempo=4568
  even        F64 N= 268435456 bins=      64 smem_dynamic                 conce=5011  conce=3681  conce=3469  conce=4100  conce=5318  hash_=4103  poiso=5010  power=3591  power=4140  sawto=5791  sawto=5791  stale=5317  stale=5315  strid=5791  tempo=4089
  even        F64 N= 268435456 bins=      64 smem_cooperative_dynamic     conce=5008  conce=3679  conce=3468  conce=4097  conce=5303  hash_=4100  poiso=5004  power=3588  power=4135  sawto=5788  sawto=5787  stale=5308  stale=5305  strid=5789  tempo=4086
  even        F64 N= 268435456 bins=     128 smem_static                  conce=5183  conce=4078  conce=3943  conce=4651  conce=5889  hash_=4566  poiso=5181  power=4074  power=5008  sawto=6023  sawto=6022  stale=5889  stale=5889  strid=6011  tempo=4558
  even        F64 N= 268435456 bins=     128 smem_cooperative_static      conce=5176  conce=4076  conce=3942  conce=4646  conce=5875  hash_=4563  poiso=5176  power=4074  power=5003  sawto=6017  sawto=6018  stale=5884  stale=5884  strid=6017  tempo=4553
  even        F64 N= 268435456 bins=     128 smem_dynamic                 conce=5010  conce=3590  conce=3420  conce=4024  conce=5313  hash_=4092  poiso=5009  power=3544  power=4334  sawto=5793  sawto=5785  stale=5315  stale=5312  strid=5788  tempo=4081
  even        F64 N= 268435456 bins=     128 smem_cooperative_dynamic     conce=5005  conce=3585  conce=3419  conce=4022  conce=5299  hash_=4091  poiso=5003  power=3543  power=4329  sawto=5788  sawto=5789  stale=5306  stale=5302  strid=5790  tempo=4076
  even        F64 N= 268435456 bins=     256 smem_static                  conce=5183  conce=4022  conce=4242  conce=5071  conce=5866  hash_=4561  poiso=5181  power=4054  power=5167  sawto=6024  sawto=6030  stale=5865  stale=5865  strid=6010  tempo=4550
  even        F64 N= 268435456 bins=     256 smem_cooperative_static      conce=5175  conce=4019  conce=4241  conce=5068  conce=5857  hash_=4555  poiso=5175  power=4053  power=5160  sawto=6019  sawto=6021  stale=5862  stale=5858  strid=6013  tempo=4548
  even        F64 N= 268435456 bins=     256 smem_dynamic                 conce=5014  conce=3501  conce=3671  conce=4429  conce=5317  hash_=4093  poiso=5015  power=3522  power=4520  sawto=5798  sawto=5796  stale=5321  stale=5317  strid=5793  tempo=4080
  even        F64 N= 268435456 bins=     256 smem_cooperative_dynamic     conce=5014  conce=3502  conce=3669  conce=4427  conce=5305  hash_=4093  poiso=5010  power=3520  power=4512  sawto=5795  sawto=5792  stale=5308  stale=5309  strid=5794  tempo=4077
  even        F64 N= 268435456 bins=     512 smem_dynamic                 conce=5015  conce=3454  conce=3626  conce=4575  conce=5316  hash_=4089  poiso=5013  power=3509  power=4676  sawto=5792  sawto=5791  stale=5318  stale=5313  strid=5790  tempo=4076
  even        F64 N= 268435456 bins=     512 smem_cooperative_dynamic     conce=5011  conce=3454  conce=3622  conce=4570  conce=5306  hash_=4088  poiso=5009  power=3507  power=4670  sawto=5793  sawto=5793  stale=5310  stale=5307  strid=5793  tempo=4074
  queried input cache: cub.bench.histogram.even.base.u64 F64 N=1073741824 -> S=8192
  even        F64 N=1073741824 bins=       8 smem_static                  conce=5324  conce=4111  conce=3973  conce=4313  conce=5207  hash_=4709  poiso=5322  power=4453  power=4203  sawto=4716  sawto=4716  stale=5205  stale=5205  strid=4715  tempo=4700
  even        F64 N=1073741824 bins=       8 smem_cooperative_static      conce=5321  conce=4110  conce=3974  conce=4314  conce=5205  hash_=4708  poiso=5320  power=4452  power=4202  sawto=4715  sawto=4714  stale=5206  stale=5208  strid=4714  tempo=4699
  even        F64 N=1073741824 bins=       8 smem_dynamic                 conce=5116  conce=3586  conce=3401  conce=3660  conce=4389  hash_=4207  poiso=5116  power=3940  power=3593  sawto=3917  sawto=3918  stale=4389  stale=4389  strid=3917  tempo=4193
  even        F64 N=1073741824 bins=       8 smem_cooperative_dynamic     conce=5115  conce=3585  conce=3400  conce=3658  conce=4386  hash_=4205  poiso=5115  power=3940  power=3593  sawto=3917  sawto=3917  stale=4386  stale=4387  strid=3917  tempo=4192
  even        F64 N=1073741824 bins=      16 smem_static                  conce=5322  conce=4114  conce=4118  conce=4663  conce=5896  hash_=4694  poiso=5323  power=4328  power=4432  sawto=6134  sawto=6133  stale=5897  stale=5898  strid=6137  tempo=4684
  even        F64 N=1073741824 bins=      16 smem_cooperative_static      conce=5321  conce=4113  conce=4118  conce=4664  conce=5897  hash_=4693  poiso=5320  power=4328  power=4432  sawto=6134  sawto=6134  stale=5899  stale=5900  strid=6132  tempo=4685
  even        F64 N=1073741824 bins=      16 smem_dynamic                 conce=5116  conce=3581  conce=3514  conce=3950  conce=5021  hash_=4195  poiso=5116  power=3808  power=3776  sawto=5198  sawto=5199  stale=5020  stale=5020  strid=5198  tempo=4181
  even        F64 N=1073741824 bins=      16 smem_cooperative_dynamic     conce=5115  conce=3580  conce=3513  conce=3949  conce=5014  hash_=4194  poiso=5116  power=3807  power=3775  sawto=5193  sawto=5193  stale=5013  stale=5015  strid=5190  tempo=4180
  even        F64 N=1073741824 bins=      32 smem_static                  conce=5323  conce=4070  conce=4235  conce=5046  conce=6238  hash_=4685  poiso=5322  power=4239  power=4714  sawto=6331  sawto=6331  stale=6238  stale=6238  strid=6328  tempo=4675
  even        F64 N=1073741824 bins=      32 smem_cooperative_static      conce=5321  conce=4071  conce=4235  conce=5045  conce=6238  hash_=4683  poiso=5321  power=4239  power=4712  sawto=6333  sawto=6333  stale=6237  stale=6239  strid=6333  tempo=4676
  even        F64 N=1073741824 bins=      32 smem_dynamic                 conce=5117  conce=3529  conce=3611  conce=4277  conce=5516  hash_=4188  poiso=5117  power=3711  power=4008  sawto=6075  sawto=6075  stale=5515  stale=5515  strid=6072  tempo=4175
  even        F64 N=1073741824 bins=      32 smem_cooperative_dynamic     conce=5115  conce=3528  conce=3611  conce=4276  conce=5506  hash_=4187  poiso=5115  power=3710  power=4007  sawto=6077  sawto=6075  stale=5509  stale=5508  strid=6075  tempo=4174
  even        F64 N=1073741824 bins=      64 smem_static                  conce=5322  conce=4247  conce=4072  conce=4857  conce=6232  hash_=4660  poiso=5322  power=4177  power=4909  sawto=6326  sawto=6324  stale=6230  stale=6227  strid=6323  tempo=4651
  even        F64 N=1073741824 bins=      64 smem_cooperative_static      conce=5323  conce=4247  conce=4072  conce=4857  conce=6233  hash_=4659  poiso=5321  power=4176  power=4911  sawto=6324  sawto=6321  stale=6234  stale=6234  strid=6321  tempo=4651
  even        F64 N=1073741824 bins=      64 smem_dynamic                 conce=5117  conce=3735  conce=3516  conce=4172  conce=5507  hash_=4171  poiso=5116  power=3640  power=4211  sawto=6075  sawto=6074  stale=5507  stale=5506  strid=6068  tempo=4156
  even        F64 N=1073741824 bins=      64 smem_cooperative_dynamic     conce=5116  conce=3734  conce=3515  conce=4171  conce=5499  hash_=4169  poiso=5115  power=3640  power=4210  sawto=6079  sawto=6078  stale=5499  stale=5501  strid=6072  tempo=4154
  even        F64 N=1073741824 bins=     128 smem_static                  conce=5322  conce=4142  conce=4001  conce=4739  conce=6209  hash_=4647  poiso=5322  power=4138  power=5121  sawto=6324  sawto=6322  stale=6208  stale=6208  strid=6328  tempo=4639
  even        F64 N=1073741824 bins=     128 smem_cooperative_static      conce=5322  conce=4141  conce=4001  conce=4738  conce=6210  hash_=4647  poiso=5322  power=4137  power=5122  sawto=6326  sawto=6329  stale=6212  stale=6212  strid=6320  tempo=4637
  even        F64 N=1073741824 bins=     128 smem_dynamic                 conce=5118  conce=3639  conce=3465  conce=4090  conce=5502  hash_=4160  poiso=5116  power=3594  power=4414  sawto=6073  sawto=6072  stale=5502  stale=5502  strid=6072  tempo=4145
  even        F64 N=1073741824 bins=     128 smem_cooperative_dynamic     conce=5116  conce=3638  conce=3464  conce=4089  conce=5493  hash_=4159  poiso=5116  power=3593  power=4411  sawto=6077  sawto=6076  stale=5495  stale=5495  strid=6073  tempo=4145
  even        F64 N=1073741824 bins=     256 smem_static                  conce=5323  conce=4081  conce=4311  conce=5196  conce=6187  hash_=4641  poiso=5323  power=4116  power=5312  sawto=6328  sawto=6326  stale=6188  stale=6187  strid=6317  tempo=4632
  even        F64 N=1073741824 bins=     256 smem_cooperative_static      conce=5322  conce=4080  conce=4311  conce=5196  conce=6185  hash_=4640  poiso=5322  power=4117  power=5311  sawto=6329  sawto=6321  stale=6189  stale=6188  strid=6321  tempo=4631
  even        F64 N=1073741824 bins=     256 smem_dynamic                 conce=5124  conce=3549  conce=3723  conce=4515  conce=5508  hash_=4161  poiso=5123  power=3570  power=4609  sawto=6079  sawto=6076  stale=5508  stale=5507  strid=6077  tempo=4147
  even        F64 N=1073741824 bins=     256 smem_cooperative_dynamic     conce=5122  conce=3548  conce=3722  conce=4513  conce=5499  hash_=4160  poiso=5123  power=3569  power=4605  sawto=6083  sawto=6085  stale=5501  stale=5503  strid=6080  tempo=4145
  even        F64 N=1073741824 bins=     512 smem_dynamic                 conce=5123  conce=3500  conce=3676  conce=4668  conce=5507  hash_=4158  poiso=5123  power=3556  power=4774  sawto=6079  sawto=6077  stale=5506  stale=5507  strid=6074  tempo=4145
  even        F64 N=1073741824 bins=     512 smem_cooperative_dynamic     conce=5122  conce=3500  conce=3677  conce=4665  conce=5499  hash_=4157  poiso=5122  power=3556  power=4771  sawto=6081  sawto=6084  stale=5501  stale=5500  strid=6080  tempo=4143
  queried input cache: cub.bench.histogram.even.base.u64 F64 N=2000000000 -> S=8192
  even        F64 N=2000000000 bins=       8 smem_static                  conce=5344  conce=4120  conce=3982  conce=4323  conce=5226  hash_=4722  poiso=5344  power=4465  power=4212  sawto=4728  sawto=4728  stale=5225  stale=5224  strid=4727  tempo=4713
  even        F64 N=2000000000 bins=       8 smem_cooperative_static      conce=5345  conce=4121  conce=3982  conce=4324  conce=5226  hash_=4723  poiso=5344  power=4465  power=4213  sawto=4728  sawto=4729  stale=5227  stale=5227  strid=4728  tempo=4713
  even        F64 N=2000000000 bins=       8 smem_dynamic                 conce=5133  conce=3593  conce=3407  conce=3667  conce=4401  hash_=4219  poiso=5133  power=3950  power=3600  sawto=3927  sawto=3927  stale=4401  stale=4402  strid=3926  tempo=4205
  even        F64 N=2000000000 bins=       8 smem_cooperative_dynamic     conce=5133  conce=3593  conce=3407  conce=3666  conce=4399  hash_=4218  poiso=5133  power=3950  power=3600  sawto=3927  sawto=3927  stale=4399  stale=4400  strid=3926  tempo=4204
  even        F64 N=2000000000 bins=      16 smem_static                  conce=5345  conce=4124  conce=4126  conce=4676  conce=5937  hash_=4707  poiso=5344  power=4339  power=4442  sawto=6183  sawto=6183  stale=5939  stale=5939  strid=6182  tempo=4698
  even        F64 N=2000000000 bins=      16 smem_cooperative_static      conce=5344  conce=4124  conce=4128  conce=4677  conce=5940  hash_=4707  poiso=5343  power=4338  power=4444  sawto=6184  sawto=6185  stale=5941  stale=5944  strid=6185  tempo=4698
  even        F64 N=2000000000 bins=      16 smem_dynamic                 conce=5133  conce=3588  conce=3519  conce=3959  conce=5041  hash_=4206  poiso=5131  power=3817  power=3783  sawto=5219  sawto=5218  stale=5040  stale=5041  strid=5217  tempo=4192
  even        F64 N=2000000000 bins=      16 smem_cooperative_dynamic     conce=5132  conce=3589  conce=3520  conce=3959  conce=5034  hash_=4206  poiso=5132  power=3816  power=3783  sawto=5213  sawto=5215  stale=5034  stale=5035  strid=5212  tempo=4191
  even        F64 N=2000000000 bins=      32 smem_static                  conce=5345  conce=4080  conce=4244  conce=5061  conce=6270  hash_=4698  poiso=5343  power=4248  power=4725  sawto=6368  sawto=6368  stale=6270  stale=6265  strid=6359  tempo=4688
  even        F64 N=2000000000 bins=      32 smem_cooperative_static      conce=5345  conce=4080  conce=4245  conce=5062  conce=6268  hash_=4698  poiso=5343  power=4249  power=4725  sawto=6365  sawto=6366  stale=6268  stale=6270  strid=6366  tempo=4689
  even        F64 N=2000000000 bins=      32 smem_dynamic                 conce=5132  conce=3536  conce=3618  conce=4289  conce=5549  hash_=4200  poiso=5133  power=3718  power=4019  sawto=6109  sawto=6108  stale=5549  stale=5547  strid=6110  tempo=4187
  even        F64 N=2000000000 bins=      32 smem_cooperative_dynamic     conce=5132  conce=3536  conce=3618  conce=4287  conce=5539  hash_=4200  poiso=5131  power=3718  power=4018  sawto=6118  sawto=6119  stale=5540  stale=5541  strid=6117  tempo=4185
  even        F64 N=2000000000 bins=      64 smem_static                  conce=5344  conce=4256  conce=4080  conce=4870  conce=6265  hash_=4673  poiso=5344  power=4186  power=4924  sawto=6359  sawto=6355  stale=6263  stale=6265  strid=6355  tempo=4663
  even        F64 N=2000000000 bins=      64 smem_cooperative_static      conce=5345  conce=4256  conce=4081  conce=4871  conce=6266  hash_=4673  poiso=5343  power=4186  power=4925  sawto=6360  sawto=6362  stale=6272  stale=6267  strid=6358  tempo=4662
  even        F64 N=2000000000 bins=      64 smem_dynamic                 conce=5133  conce=3742  conce=3522  conce=4182  conce=5538  hash_=4182  poiso=5132  power=3648  power=4222  sawto=6104  sawto=6110  stale=5537  stale=5539  strid=6109  tempo=4167
  even        F64 N=2000000000 bins=      64 smem_cooperative_dynamic     conce=5133  conce=3742  conce=3522  conce=4182  conce=5530  hash_=4181  poiso=5132  power=3647  power=4221  sawto=6112  sawto=6115  stale=5531  stale=5530  strid=6117  tempo=4166
  even        F64 N=2000000000 bins=     128 smem_static                  conce=5344  conce=4150  conce=4009  conce=4751  conce=6249  hash_=4660  poiso=5343  power=4145  power=5137  sawto=6359  sawto=6353  stale=6249  stale=6249  strid=6356  tempo=4649
  even        F64 N=2000000000 bins=     128 smem_cooperative_static      conce=5345  conce=4151  conce=4010  conce=4752  conce=6250  hash_=4660  poiso=5344  power=4147  power=5139  sawto=6359  sawto=6358  stale=6253  stale=6252  strid=6356  tempo=4651
  even        F64 N=2000000000 bins=     128 smem_dynamic                 conce=5132  conce=3646  conce=3471  conce=4101  conce=5534  hash_=4171  poiso=5132  power=3600  power=4426  sawto=6109  sawto=6108  stale=5532  stale=5533  strid=6107  tempo=4157
  even        F64 N=2000000000 bins=     128 smem_cooperative_dynamic     conce=5132  conce=3646  conce=3471  conce=4100  conce=5526  hash_=4172  poiso=5132  power=3601  power=4425  sawto=6116  sawto=6116  stale=5525  stale=5528  strid=6115  tempo=4156
  even        F64 N=2000000000 bins=     256 smem_static                  conce=5345  conce=4089  conce=4322  conce=5213  conce=6234  hash_=4653  poiso=5344  power=4126  power=5333  sawto=6357  sawto=6356  stale=6234  stale=6231  strid=6357  tempo=4644
  even        F64 N=2000000000 bins=     256 smem_cooperative_static      conce=5344  conce=4090  conce=4323  conce=5214  conce=6233  hash_=4655  poiso=5344  power=4126  power=5335  sawto=6356  sawto=6360  stale=6236  stale=6238  strid=6358  tempo=4644
  even        F64 N=2000000000 bins=     256 smem_dynamic                 conce=5141  conce=3556  conce=3730  conce=4530  conce=5541  hash_=4172  poiso=5141  power=3577  power=4622  sawto=6116  sawto=6114  stale=5538  stale=5539  strid=6116  tempo=4157
  even        F64 N=2000000000 bins=     256 smem_cooperative_dynamic     conce=5140  conce=3555  conce=3730  conce=4527  conce=5533  hash_=4172  poiso=5140  power=3577  power=4620  sawto=6123  sawto=6121  stale=5532  stale=5533  strid=6122  tempo=4157
  even        F64 N=2000000000 bins=     512 smem_dynamic                 conce=5140  conce=3507  conce=3685  conce=4683  conce=5539  hash_=4170  poiso=5140  power=3564  power=4791  sawto=6117  sawto=6115  stale=5539  stale=5539  strid=6114  tempo=4155
  even        F64 N=2000000000 bins=     512 smem_cooperative_dynamic     conce=5140  conce=3507  conce=3685  conce=4680  conce=5530  hash_=4169  poiso=5140  power=3563  power=4787  sawto=6121  sawto=6121  stale=5531  stale=5531  strid=6121  tempo=4154
  even        F64 N=   1048576 bins=       8 main                              conce=775  conce=703  conce=710  conce=705  conce=777  hash_=731  poiso=801  power=715  power=705  sawto=557  sawto=576  stale=727  stale=730  strid=569  tempo=777
  even        F64 N=   1048576 bins=      16 main                              conce=776  conce=703  conce=723  conce=706  conce=779  hash_=730  poiso=793  power=709  power=708  sawto=677  sawto=680  stale=770  stale=761  strid=638  tempo=777
  even        F64 N=   1048576 bins=      32 main                              conce=782  conce=698  conce=732  conce=717  conce=781  hash_=735  poiso=795  power=707  power=709  sawto=760  sawto=757  stale=791  stale=769  strid=728  tempo=784
  even        F64 N=   1048576 bins=      64 main                              conce=776  conce=705  conce=720  conce=705  conce=781  hash_=721  poiso=764  power=710  power=723  sawto=759  sawto=753  stale=762  stale=767  strid=704  tempo=779
  even        F64 N=   1048576 bins=     128 main                              conce=778  conce=704  conce=711  conce=712  conce=782  hash_=724  poiso=795  power=710  power=729  sawto=757  sawto=752  stale=788  stale=766  strid=719  tempo=780
  even        F64 N=   1048576 bins=     256 main                              conce=771  conce=637  conce=674  conce=670  conce=749  hash_=637  poiso=794  power=706  power=671  sawto=677  sawto=681  stale=700  stale=679  strid=657  tempo=772
  even        F64 N=   1048576 bins=     512 main                              conce=732  conce=477  conce=439  conce=422  conce=485  hash_=494  poiso=714  power=540  power=477  sawto=477  sawto=437  stale=470  stale=467  strid=436  tempo=734
  even        F64 N=  16777216 bins=       8 main                              conce=3677  conce=2917  conce=2826  conce=2947  conce=3398  hash_=3294  poiso=3668  power=3188  power=2948  sawto=1524  sawto=1519  stale=3321  stale=3379  strid=1513  tempo=3672
  even        F64 N=  16777216 bins=      16 main                              conce=3675  conce=2911  conce=2903  conce=3114  conce=3692  hash_=3290  poiso=3670  power=3094  power=3015  sawto=2295  sawto=2294  stale=3647  stale=3656  strid=2274  tempo=3676
  even        F64 N=  16777216 bins=      32 main                              conce=3679  conce=2906  conce=2955  conce=3277  conce=3688  hash_=3286  poiso=3673  power=3064  power=3137  sawto=3106  sawto=3109  stale=3642  stale=3654  strid=3053  tempo=3679
  even        F64 N=  16777216 bins=      64 main                              conce=3677  conce=3038  conce=2898  conce=3210  conce=3693  hash_=3264  poiso=3666  power=2994  power=3251  sawto=3081  sawto=3104  stale=3641  stale=3655  strid=3051  tempo=3679
  even        F64 N=  16777216 bins=     128 main                              conce=3678  conce=2968  conce=2834  conce=3137  conce=3691  hash_=3296  poiso=3632  power=2943  power=3277  sawto=3048  sawto=3045  stale=3590  stale=3652  strid=3009  tempo=3678
  even        F64 N=  16777216 bins=     256 main                              conce=3671  conce=2777  conce=2878  conce=3204  conce=3488  hash_=3175  poiso=3670  power=2850  power=3267  sawto=2902  sawto=2906  stale=3441  stale=3458  strid=2894  tempo=3672
  even        F64 N=  16777216 bins=     512 main                              conce=2027  conce=995  conce=918  conce=888  conce=977  hash_=1467  poiso=2371  power=1121  power=1111  sawto=1054  sawto=884  stale=1109  stale=1005  strid=943  tempo=2011
  even        F64 N=  67108864 bins=       8 main                              conce=4667  conce=3559  conce=3362  conce=3556  conce=4141  hash_=4098  poiso=4662  power=3890  power=3513  sawto=1676  sawto=1674  stale=4112  stale=4123  strid=1673  tempo=4674
  even        F64 N=  67108864 bins=      16 main                              conce=4669  conce=3553  conce=3454  conce=3783  conce=4585  hash_=4077  poiso=4665  power=3762  power=3657  sawto=2641  sawto=2648  stale=4560  stale=4561  strid=2639  tempo=4674
  even        F64 N=  67108864 bins=      32 main                              conce=4666  conce=3502  conce=3529  conce=4025  conce=4786  hash_=4071  poiso=4665  power=3660  power=3830  sawto=3718  sawto=3719  stale=4764  stale=4768  strid=3700  tempo=4672
  even        F64 N=  67108864 bins=      64 main                              conce=4668  conce=3675  conce=3439  conce=3910  conce=4777  hash_=4064  poiso=4662  power=3601  power=3957  sawto=3692  sawto=3699  stale=4757  stale=4760  strid=3682  tempo=4674
  even        F64 N=  67108864 bins=     128 main                              conce=4667  conce=3590  conce=3390  conce=3838  conce=4762  hash_=4054  poiso=4661  power=3549  power=4089  sawto=3636  sawto=3643  stale=4735  stale=4738  strid=3624  tempo=4672
  even        F64 N=  67108864 bins=     256 main                              conce=4664  conce=3450  conce=3529  conce=4087  conce=4680  hash_=3998  poiso=4660  power=3469  power=4156  sawto=3505  sawto=3506  stale=4656  stale=4652  strid=3488  tempo=4669
  even        F64 N=  67108864 bins=     512 main                              conce=2232  conce=1084  conce=946  conce=939  conce=1062  hash_=1653  poiso=2712  power=1151  power=1187  sawto=1126  sawto=913  stale=1199  stale=1078  strid=1006  tempo=2220
  even        F64 N= 268435456 bins=       8 main                              conce=4927  conce=3688  conce=3475  conce=3689  conce=4305  hash_=4284  poiso=4926  power=4039  power=3639  sawto=1699  sawto=1699  stale=4306  stale=4306  strid=1699  tempo=4930
  even        F64 N= 268435456 bins=      16 main                              conce=4929  conce=3676  conce=3568  conce=3931  conce=4819  hash_=4271  poiso=4929  power=3901  power=3788  sawto=2709  sawto=2709  stale=4819  stale=4819  strid=2707  tempo=4930
  even        F64 N= 268435456 bins=      32 main                              conce=4932  conce=3620  conce=3648  conce=4203  conce=5195  hash_=4265  poiso=4926  power=3799  power=3979  sawto=3854  sawto=3857  stale=5190  stale=5193  strid=3855  tempo=4932
  even        F64 N= 268435456 bins=      64 main                              conce=4930  conce=3815  conce=3554  conce=4078  conce=5139  hash_=4245  poiso=4925  power=3723  power=4121  sawto=3823  sawto=3823  stale=5133  stale=5136  strid=3821  tempo=4930
  even        F64 N= 268435456 bins=     128 main                              conce=4930  conce=3716  conce=3499  conce=3998  conce=5102  hash_=4229  poiso=4926  power=3671  power=4272  sawto=3763  sawto=3764  stale=5097  stale=5097  strid=3762  tempo=4929
  even        F64 N= 268435456 bins=     256 main                              conce=4927  conce=3602  conce=3698  conce=4324  conce=5071  hash_=4215  poiso=4926  power=3633  power=4404  sawto=3651  sawto=3653  stale=5068  stale=5066  strid=3652  tempo=4931
  even        F64 N= 268435456 bins=     512 main                              conce=2317  conce=1126  conce=962  conce=948  conce=1088  hash_=1673  poiso=2490  power=1222  power=1214  sawto=1145  sawto=925  stale=1233  stale=1074  strid=1025  tempo=2332
  even        F64 N=1073741824 bins=       8 main                              conce=5019  conce=3737  conce=3519  conce=3737  conce=4373  hash_=4356  poiso=5020  power=4098  power=3686  sawto=1708  sawto=1708  stale=4377  stale=4376  strid=1708  tempo=5021
  even        F64 N=1073741824 bins=      16 main                              conce=5020  conce=3725  conce=3613  conce=3989  conce=4910  hash_=4341  poiso=5020  power=3957  power=3839  sawto=2734  sawto=2734  stale=4913  stale=4912  strid=2733  tempo=5020
  even        F64 N=1073741824 bins=      32 main                              conce=5021  conce=3665  conce=3696  conce=4271  conce=5321  hash_=4331  poiso=5020  power=3852  power=4038  sawto=3908  sawto=3908  stale=5325  stale=5325  strid=3907  tempo=5019
  even        F64 N=1073741824 bins=      64 main                              conce=5020  conce=3869  conce=3598  conce=4142  conce=5255  hash_=4308  poiso=5020  power=3775  power=4184  sawto=3877  sawto=3877  stale=5259  stale=5258  strid=3875  tempo=5021
  even        F64 N=1073741824 bins=     128 main                              conce=5019  conce=3765  conce=3541  conce=4057  conce=5212  hash_=4298  poiso=5019  power=3720  power=4341  sawto=3815  sawto=3815  stale=5215  stale=5215  strid=3814  tempo=5019
  even        F64 N=1073741824 bins=     256 main                              conce=5021  conce=3657  conce=3753  conce=4400  conce=5190  hash_=4293  poiso=5019  power=3685  power=4487  sawto=3701  sawto=3702  stale=5194  stale=5194  strid=3700  tempo=5020
  even        F64 N=1073741824 bins=     512 main                              conce=2337  conce=1132  conce=967  conce=950  conce=1089  hash_=1682  poiso=2514  power=1238  power=1221  sawto=1150  sawto=927  stale=1231  stale=1075  strid=1029  tempo=2357
  even        F64 N=2000000000 bins=       8 main                              conce=5033  conce=3743  conce=3523  conce=3743  conce=4383  hash_=4367  poiso=5033  power=4106  power=3692  sawto=1709  sawto=1709  stale=4386  stale=4386  strid=1709  tempo=5033
  even        F64 N=2000000000 bins=      16 main                              conce=5032  conce=3730  conce=3618  conce=3996  conce=4922  hash_=4351  poiso=5032  power=3963  power=3846  sawto=2737  sawto=2737  stale=4925  stale=4925  strid=2736  tempo=5033
  even        F64 N=2000000000 bins=      32 main                              conce=5032  conce=3669  conce=3701  conce=4279  conce=5341  hash_=4341  poiso=5032  power=3859  power=4045  sawto=3915  sawto=3916  stale=5345  stale=5345  strid=3914  tempo=5033
  even        F64 N=2000000000 bins=      64 main                              conce=5033  conce=3874  conce=3604  conce=4149  conce=5272  hash_=4319  poiso=5034  power=3781  power=4192  sawto=3883  sawto=3884  stale=5277  stale=5277  strid=3882  tempo=5034
  even        F64 N=2000000000 bins=     128 main                              conce=5033  conce=3772  conce=3547  conce=4066  conce=5228  hash_=4308  poiso=5033  power=3726  power=4351  sawto=3822  sawto=3822  stale=5232  stale=5233  strid=3821  tempo=5033
  even        F64 N=2000000000 bins=     256 main                              conce=5033  conce=3663  conce=3759  conce=4410  conce=5205  hash_=4302  poiso=5033  power=3691  power=4497  sawto=3707  sawto=3707  stale=5211  stale=5211  strid=3707  tempo=5033
  even        F64 N=2000000000 bins=     512 main                              conce=2339  conce=1130  conce=964  conce=957  conce=1092  hash_=1682  poiso=2524  power=1249  power=1220  sawto=1149  sawto=930  stale=1238  stale=1076  strid=1039  tempo=2360

wrote autocuda/results/cooperative-direct-output-smem-u64/partial_even.json (396 benchmark invocations; branch_commit=f16c464e64d5786de2e0bf536479e0ef9ae57b30-dirty)
  merged ['even', '_meta'] -> autocuda/results/cooperative-direct-output-smem-u64/algo_sweep_full.json (2 binaries)
=== [18:04:26] FIGURES (cumulative through even) ===
  partial results ready: 32 figs covering ['_meta', 'even']
=== [18:04:58] PERF SWEEP: range ===
main baseline: comparing shapes ['concentrated:0.0', 'concentrated:0.25', 'concentrated:0.5', 'concentrated:0.75', 'concentrated:1.0', 'hash_synonym', 'poison', 'powerlaw:0.25', 'powerlaw:0.75', 'sawtooth', 'sawtooth:8192:2654435761:1', 'stale_resident:0.25', 'stale_resident:0.5', 'strided_sweep', 'temporal_phases:0.10']
  queried input cache: cub.bench.histogram.range.base.u64 I32 N=1048576 -> S=4096
  range       I32 N=   1048576 bins=       8 smem_static                  conce=323  conce=283  conce=281  conce=283  conce=283  hash_=274  poiso=324  power=285  power=284  sawto=281  sawto=280  stale=283  stale=284  strid=274  tempo=289
  range       I32 N=   1048576 bins=       8 smem_cooperative_static      conce=331  conce=289  conce=287  conce=289  conce=284  hash_=283  poiso=323  power=289  power=289  sawto=287  sawto=286  stale=288  stale=288  strid=279  tempo=290
  range       I32 N=   1048576 bins=       8 smem_dynamic                 conce=248  conce=224  conce=224  conce=225  conce=233  hash_=223  poiso=247  power=238  power=224  sawto=221  sawto=220  stale=226  stale=227  strid=214  tempo=238
  range       I32 N=   1048576 bins=       8 smem_cooperative_dynamic     conce=249  conce=223  conce=223  conce=223  conce=222  hash_=221  poiso=247  power=232  power=223  sawto=221  sawto=221  stale=223  stale=224  strid=218  tempo=234
  range       I32 N=   1048576 bins=      16 smem_static                  conce=296  conce=284  conce=276  conce=267  conce=274  hash_=274  poiso=298  power=265  power=263  sawto=281  sawto=281  stale=268  stale=272  strid=273  tempo=278
  range       I32 N=   1048576 bins=      16 smem_cooperative_static      conce=293  conce=289  conce=278  conce=260  conce=263  hash_=273  poiso=293  power=262  power=258  sawto=287  sawto=284  stale=261  stale=266  strid=277  tempo=284
  range       I32 N=   1048576 bins=      16 smem_dynamic                 conce=239  conce=225  conce=224  conce=218  conce=222  hash_=222  poiso=237  power=215  power=215  sawto=220  sawto=220  stale=215  stale=218  strid=215  tempo=227
  range       I32 N=   1048576 bins=      16 smem_cooperative_dynamic     conce=235  conce=223  conce=222  conce=222  conce=216  hash_=220  poiso=228  power=219  power=218  sawto=221  sawto=221  stale=221  stale=221  strid=218  tempo=223
  range       I32 N=   1048576 bins=      32 smem_static                  conce=282  conce=263  conce=256  conce=251  conce=262  hash_=263  poiso=281  power=268  power=256  sawto=265  sawto=263  stale=252  stale=253  strid=264  tempo=268
  range       I32 N=   1048576 bins=      32 smem_cooperative_static      conce=288  conce=260  conce=254  conce=252  conce=251  hash_=254  poiso=288  power=268  power=253  sawto=257  sawto=261  stale=252  stale=253  strid=253  tempo=265
  range       I32 N=   1048576 bins=      32 smem_dynamic                 conce=226  conce=216  conce=213  conce=209  conce=213  hash_=213  poiso=223  power=214  power=215  sawto=213  sawto=213  stale=213  stale=212  strid=210  tempo=217
  range       I32 N=   1048576 bins=      32 smem_cooperative_dynamic     conce=223  conce=216  conce=212  conce=205  conce=207  hash_=213  poiso=220  power=218  power=213  sawto=212  sawto=211  stale=208  stale=211  strid=207  tempo=219
  range       I32 N=   1048576 bins=      64 smem_static                  conce=271  conce=245  conce=238  conce=238  conce=241  hash_=241  poiso=262  power=245  power=246  sawto=247  sawto=244  stale=245  stale=244  strid=240  tempo=250
  range       I32 N=   1048576 bins=      64 smem_cooperative_static      conce=260  conce=250  conce=242  conce=244  conce=244  hash_=248  poiso=255  power=250  power=250  sawto=250  sawto=249  stale=249  stale=249  strid=247  tempo=252
  range       I32 N=   1048576 bins=      64 smem_dynamic                 conce=216  conce=200  conce=198  conce=198  conce=208  hash_=204  poiso=214  power=205  power=202  sawto=203  sawto=201  stale=202  stale=202  strid=198  tempo=207
  range       I32 N=   1048576 bins=      64 smem_cooperative_dynamic     conce=215  conce=199  conce=198  conce=199  conce=199  hash_=199  poiso=208  power=202  power=200  sawto=200  sawto=199  stale=200  stale=200  strid=197  tempo=203
  range       I32 N=   1048576 bins=     128 smem_static                  conce=250  conce=228  conce=223  conce=222  conce=233  hash_=236  poiso=246  power=235  power=227  sawto=225  sawto=225  stale=226  stale=225  strid=220  tempo=237
  range       I32 N=   1048576 bins=     128 smem_cooperative_static      conce=251  conce=224  conce=223  conce=223  conce=224  hash_=234  poiso=251  power=234  power=225  sawto=224  sawto=224  stale=223  stale=224  strid=221  tempo=237
  range       I32 N=   1048576 bins=     128 smem_dynamic                 conce=204  conce=196  conce=194  conce=195  conce=196  hash_=192  poiso=202  power=194  power=197  sawto=194  sawto=193  stale=195  stale=196  strid=191  tempo=197
  range       I32 N=   1048576 bins=     128 smem_cooperative_dynamic     conce=200  conce=196  conce=195  conce=194  conce=193  hash_=194  poiso=198  power=197  power=197  sawto=190  sawto=189  stale=196  stale=197  strid=187  tempo=198
  range       I32 N=   1048576 bins=     256 smem_static                  conce=237  conce=216  conce=213  conce=218  conce=214  hash_=215  poiso=230  power=214  power=216  sawto=214  sawto=214  stale=215  stale=214  strid=212  tempo=219
  range       I32 N=   1048576 bins=     256 smem_cooperative_static      conce=236  conce=222  conce=220  conce=221  conce=215  hash_=220  poiso=225  power=218  power=221  sawto=217  sawto=218  stale=219  stale=220  strid=211  tempo=221
  range       I32 N=   1048576 bins=     256 smem_dynamic                 conce=195  conce=186  conce=187  conce=187  conce=190  hash_=187  poiso=195  power=187  power=186  sawto=185  sawto=185  stale=187  stale=188  strid=183  tempo=190
  range       I32 N=   1048576 bins=     256 smem_cooperative_dynamic     conce=192  conce=181  conce=182  conce=181  conce=182  hash_=181  poiso=188  power=182  power=181  sawto=181  sawto=181  stale=181  stale=182  strid=179  tempo=183
  range       I32 N=   1048576 bins=     512 smem_dynamic                 conce=321  conce=183  conce=183  conce=183  conce=187  hash_=197  poiso=321  power=183  power=183  sawto=183  sawto=183  stale=183  stale=184  strid=180  tempo=194
  range       I32 N=   1048576 bins=     512 smem_cooperative_dynamic     conce=297  conce=177  conce=178  conce=180  conce=179  hash_=197  poiso=295  power=178  power=180  sawto=179  sawto=181  stale=181  stale=181  strid=176  tempo=184
  queried input cache: cub.bench.histogram.range.base.u64 I32 N=16777216 -> S=4096
  range       I32 N=  16777216 bins=       8 smem_static                  conce=1217  conce=917  conce=898  conce=912  conce=932  hash_=926  poiso=1202  power=990  power=906  sawto=840  sawto=831  stale=930  stale=931  strid=837  tempo=958
  range       I32 N=  16777216 bins=       8 smem_cooperative_static      conce=1148  conce=859  conce=830  conce=843  conce=870  hash_=884  poiso=1138  power=932  power=836  sawto=789  sawto=782  stale=873  stale=875  strid=786  tempo=906
  range       I32 N=  16777216 bins=       8 smem_dynamic                 conce=1036  conce=788  conce=784  conce=787  conce=799  hash_=801  poiso=1030  power=838  power=788  sawto=775  sawto=775  stale=794  stale=794  strid=772  tempo=819
  range       I32 N=  16777216 bins=       8 smem_cooperative_dynamic     conce=967  conce=733  conce=729  conce=733  conce=732  hash_=751  poiso=962  power=780  power=730  sawto=728  sawto=723  stale=734  stale=734  strid=725  tempo=757
  range       I32 N=  16777216 bins=      16 smem_static                  conce=1022  conce=921  conce=840  conce=807  conce=811  hash_=873  poiso=1015  power=806  power=796  sawto=869  sawto=867  stale=809  stale=811  strid=866  tempo=854
  range       I32 N=  16777216 bins=      16 smem_cooperative_static      conce=963  conce=859  conce=786  conce=754  conce=757  hash_=835  poiso=945  power=754  power=751  sawto=813  sawto=813  stale=758  stale=760  strid=810  tempo=801
  range       I32 N=  16777216 bins=      16 smem_dynamic                 conce=901  conce=797  conce=738  conce=706  conce=718  hash_=763  poiso=898  power=710  power=703  sawto=759  sawto=758  stale=715  stale=716  strid=758  tempo=749
  range       I32 N=  16777216 bins=      16 smem_cooperative_dynamic     conce=836  conce=735  conce=683  conce=654  conce=658  hash_=718  poiso=833  power=655  power=651  sawto=701  sawto=700  stale=657  stale=659  strid=699  tempo=689
  range       I32 N=  16777216 bins=      32 smem_static                  conce=877  conce=791  conce=734  conce=719  conce=727  hash_=786  poiso=873  power=804  power=748  sawto=780  sawto=774  stale=726  stale=727  strid=778  tempo=788
  range       I32 N=  16777216 bins=      32 smem_cooperative_static      conce=819  conce=744  conce=692  conce=674  conce=676  hash_=746  poiso=814  power=753  power=699  sawto=724  sawto=723  stale=676  stale=678  strid=720  tempo=735
  range       I32 N=  16777216 bins=      32 smem_dynamic                 conce=795  conce=702  conce=657  conce=644  conce=652  hash_=701  poiso=787  power=710  power=664  sawto=689  sawto=686  stale=653  stale=654  strid=688  tempo=700
  range       I32 N=  16777216 bins=      32 smem_cooperative_dynamic     conce=734  conce=652  conce=610  conce=593  conce=601  hash_=654  poiso=733  power=655  power=614  sawto=636  sawto=633  stale=603  stale=603  strid=632  tempo=645
  range       I32 N=  16777216 bins=      64 smem_static                  conce=770  conce=667  conce=640  conce=646  conce=664  hash_=710  poiso=766  power=705  power=661  sawto=693  sawto=690  stale=664  stale=664  strid=691  tempo=712
  range       I32 N=  16777216 bins=      64 smem_cooperative_static      conce=721  conce=623  conce=600  conce=604  conce=619  hash_=669  poiso=718  power=657  power=616  sawto=644  sawto=643  stale=620  stale=621  strid=643  tempo=666
  range       I32 N=  16777216 bins=      64 smem_dynamic                 conce=710  conce=602  conce=583  conce=584  conce=602  hash_=641  poiso=703  power=633  power=597  sawto=623  sawto=621  stale=602  stale=603  strid=620  tempo=640
  range       I32 N=  16777216 bins=      64 smem_cooperative_dynamic     conce=655  conce=558  conce=540  conce=540  conce=556  hash_=597  poiso=655  power=582  power=550  sawto=573  sawto=573  stale=558  stale=557  strid=571  tempo=592
  range       I32 N=  16777216 bins=     128 smem_static                  conce=684  conce=632  conce=610  conce=609  conce=616  hash_=639  poiso=682  power=641  power=632  sawto=622  sawto=620  stale=614  stale=615  strid=621  tempo=643
  range       I32 N=  16777216 bins=     128 smem_cooperative_static      conce=643  conce=592  conce=573  conce=570  conce=576  hash_=604  poiso=642  power=601  power=592  sawto=580  sawto=580  stale=575  stale=576  strid=579  tempo=603
  range       I32 N=  16777216 bins=     128 smem_dynamic                 conce=638  conce=575  conce=560  conce=555  conce=563  hash_=586  poiso=635  power=582  power=573  sawto=565  sawto=564  stale=561  stale=562  strid=564  tempo=585
  range       I32 N=  16777216 bins=     128 smem_cooperative_dynamic     conce=591  conce=531  conce=520  conce=512  conce=519  hash_=546  poiso=589  power=539  power=530  sawto=521  sawto=521  stale=520  stale=520  strid=520  tempo=540
  range       I32 N=  16777216 bins=     256 smem_static                  conce=616  conce=578  conce=572  conce=577  conce=570  hash_=582  poiso=614  power=581  power=576  sawto=569  sawto=568  stale=569  stale=570  strid=565  tempo=586
  range       I32 N=  16777216 bins=     256 smem_cooperative_static      conce=581  conce=540  conce=540  conce=544  conce=533  hash_=549  poiso=580  power=544  power=540  sawto=534  sawto=532  stale=534  stale=535  strid=532  tempo=548
  range       I32 N=  16777216 bins=     256 smem_dynamic                 conce=580  conce=531  conce=530  conce=529  conce=525  hash_=537  poiso=578  power=533  power=528  sawto=522  sawto=522  stale=523  stale=524  strid=521  tempo=537
  range       I32 N=  16777216 bins=     256 smem_cooperative_dynamic     conce=538  conce=494  conce=494  conce=490  conce=483  hash_=502  poiso=536  power=495  power=488  sawto=483  sawto=483  stale=484  stale=485  strid=481  tempo=496
  range       I32 N=  16777216 bins=     512 smem_dynamic                 conce=2205  conce=960  conce=955  conce=994  conce=1028  hash_=1012  poiso=2194  power=961  power=997  sawto=1024  sawto=1020  stale=1024  stale=1025  strid=1016  tempo=1010
  range       I32 N=  16777216 bins=     512 smem_cooperative_dynamic     conce=2155  conce=909  conce=907  conce=938  conce=962  hash_=1001  poiso=2112  power=912  power=938  sawto=966  sawto=964  stale=966  stale=966  strid=961  tempo=936
  queried input cache: cub.bench.histogram.range.base.u64 I32 N=67108864 -> S=4096
  range       I32 N=  67108864 bins=       8 smem_static                  conce=1461  conce=1060  conce=1043  conce=1054  conce=1080  hash_=1082  poiso=1458  power=1168  power=1054  sawto=975  sawto=979  stale=1080  stale=1081  strid=974  tempo=1121
  range       I32 N=  67108864 bins=       8 smem_cooperative_static      conce=1478  conce=1071  conce=1043  conce=1065  conce=1089  hash_=1093  poiso=1475  power=1176  power=1062  sawto=992  sawto=1010  stale=1091  stale=1092  strid=992  tempo=1131
  range       I32 N=  67108864 bins=       8 smem_dynamic                 conce=1213  conce=909  conce=903  conce=905  conce=912  hash_=913  poiso=1211  power=969  power=907  sawto=929  sawto=931  stale=911  stale=911  strid=927  tempo=938
  range       I32 N=  67108864 bins=       8 smem_cooperative_dynamic     conce=1215  conce=911  conce=906  conce=908  conce=911  hash_=914  poiso=1214  power=971  power=909  sawto=931  sawto=933  stale=912  stale=912  strid=930  tempo=938
  range       I32 N=  67108864 bins=      16 smem_static                  conce=1196  conce=1074  conce=981  conce=930  conce=932  hash_=1013  poiso=1195  power=928  power=921  sawto=1012  sawto=1011  stale=932  stale=932  strid=1011  tempo=990
  range       I32 N=  67108864 bins=      16 smem_cooperative_static      conce=1212  conce=1086  conce=990  conce=940  conce=939  hash_=1022  poiso=1209  power=936  power=931  sawto=1022  sawto=1021  stale=941  stale=941  strid=1019  tempo=999
  range       I32 N=  67108864 bins=      16 smem_dynamic                 conce=1029  conce=921  conce=849  conce=804  conce=805  hash_=866  poiso=1029  power=803  power=802  sawto=868  sawto=869  stale=805  stale=805  strid=866  tempo=847
  range       I32 N=  67108864 bins=      16 smem_cooperative_dynamic     conce=1031  conce=922  conce=850  conce=805  conce=805  hash_=864  poiso=1030  power=803  power=802  sawto=869  sawto=869  stale=805  stale=806  strid=868  tempo=848
  range       I32 N=  67108864 bins=      32 smem_static                  conce=1012  conce=919  conce=845  conce=821  conce=823  hash_=904  poiso=1010  power=932  power=855  sawto=889  sawto=886  stale=824  stale=824  strid=887  tempo=904
  range       I32 N=  67108864 bins=      32 smem_cooperative_static      conce=1025  conce=931  conce=856  conce=830  conce=831  hash_=913  poiso=1021  power=941  power=864  sawto=895  sawto=894  stale=832  stale=832  strid=894  tempo=913
  range       I32 N=  67108864 bins=      32 smem_dynamic                 conce=896  conce=803  conce=746  conce=724  conce=726  hash_=787  poiso=895  power=807  power=747  sawto=772  sawto=772  stale=726  stale=726  strid=771  tempo=786
  range       I32 N=  67108864 bins=      32 smem_cooperative_dynamic     conce=897  conce=803  conce=746  conce=724  conce=726  hash_=787  poiso=893  power=808  power=749  sawto=773  sawto=772  stale=725  stale=726  strid=772  tempo=787
  range       I32 N=  67108864 bins=      64 smem_static                  conce=878  conce=757  conce=732  conce=731  conce=749  hash_=809  poiso=876  power=806  power=748  sawto=782  sawto=781  stale=749  stale=750  strid=781  tempo=808
  range       I32 N=  67108864 bins=      64 smem_cooperative_static      conce=888  conce=764  conce=741  conce=739  conce=756  hash_=817  poiso=887  power=815  power=756  sawto=789  sawto=789  stale=757  stale=757  strid=789  tempo=816
  range       I32 N=  67108864 bins=      64 smem_dynamic                 conce=792  conce=675  conce=656  conce=654  conce=670  hash_=716  poiso=790  power=713  power=667  sawto=693  sawto=692  stale=669  stale=669  strid=692  tempo=715
  range       I32 N=  67108864 bins=      64 smem_cooperative_dynamic     conce=792  conce=674  conce=656  conce=654  conce=669  hash_=716  poiso=790  power=714  power=667  sawto=692  sawto=692  stale=668  stale=668  strid=692  tempo=715
  range       I32 N=  67108864 bins=     128 smem_static                  conce=774  conce=720  conce=697  conce=688  conce=690  hash_=726  poiso=773  power=729  power=715  sawto=697  sawto=697  stale=691  stale=692  strid=697  tempo=725
  range       I32 N=  67108864 bins=     128 smem_cooperative_static      conce=784  conce=728  conce=707  conce=695  conce=697  hash_=733  poiso=783  power=737  power=723  sawto=704  sawto=704  stale=699  stale=699  strid=703  tempo=733
  range       I32 N=  67108864 bins=     128 smem_dynamic                 conce=709  conce=647  conce=632  conce=621  conce=624  hash_=652  poiso=707  power=654  power=641  sawto=627  sawto=627  stale=623  stale=623  strid=627  tempo=650
  range       I32 N=  67108864 bins=     128 smem_cooperative_dynamic     conce=708  conce=647  conce=631  conce=621  conce=623  hash_=651  poiso=707  power=655  power=642  sawto=627  sawto=626  stale=623  stale=623  strid=626  tempo=651
  range       I32 N=  67108864 bins=     256 smem_static                  conce=692  conce=654  conce=650  conce=648  conce=639  hash_=656  poiso=691  power=657  power=647  sawto=636  sawto=636  stale=639  stale=639  strid=636  tempo=656
  range       I32 N=  67108864 bins=     256 smem_cooperative_static      conce=701  conce=661  conce=657  conce=656  conce=645  hash_=663  poiso=700  power=664  power=654  sawto=644  sawto=643  stale=646  stale=646  strid=644  tempo=663
  range       I32 N=  67108864 bins=     256 smem_dynamic                 conce=641  conce=595  conce=593  conce=589  conce=582  hash_=596  poiso=640  power=597  power=588  sawto=579  sawto=579  stale=581  stale=581  strid=579  tempo=595
  range       I32 N=  67108864 bins=     256 smem_cooperative_dynamic     conce=641  conce=595  conce=592  conce=589  conce=581  hash_=595  poiso=639  power=596  power=587  sawto=579  sawto=579  stale=580  stale=580  strid=579  tempo=595
  range       I32 N=  67108864 bins=     512 smem_dynamic                 conce=3308  conce=1163  conce=1157  conce=1192  conce=1226  hash_=1197  poiso=3300  power=1169  power=1194  sawto=1223  sawto=1222  stale=1224  stale=1225  strid=1220  tempo=1190
  range       I32 N=  67108864 bins=     512 smem_cooperative_dynamic     conce=3305  conce=1164  conce=1159  conce=1194  conce=1222  hash_=1197  poiso=3299  power=1170  power=1195  sawto=1223  sawto=1222  stale=1224  stale=1225  strid=1220  tempo=1189
  queried input cache: cub.bench.histogram.range.base.u64 I32 N=268435456 -> S=4096
  range       I32 N= 268435456 bins=       8 smem_static                  conce=1555  conce=1108  conce=1097  conce=1110  conce=1139  hash_=1144  poiso=1552  power=1233  power=1106  sawto=1036  sawto=1044  stale=1139  stale=1139  strid=1035  tempo=1181
  range       I32 N= 268435456 bins=       8 smem_cooperative_static      conce=1573  conce=1121  conce=1106  conce=1122  conce=1148  hash_=1154  poiso=1569  power=1242  power=1118  sawto=1051  sawto=1079  stale=1148  stale=1149  strid=1051  tempo=1191
  range       I32 N= 268435456 bins=       8 smem_dynamic                 conce=1296  conce=960  conce=959  conce=959  conce=961  hash_=966  poiso=1295  power=1026  power=959  sawto=1009  sawto=1012  stale=960  stale=960  strid=1008  tempo=990
  range       I32 N= 268435456 bins=       8 smem_cooperative_dynamic     conce=1296  conce=959  conce=958  conce=958  conce=959  hash_=965  poiso=1294  power=1025  power=958  sawto=1008  sawto=1012  stale=960  stale=959  strid=1008  tempo=990
  range       I32 N= 268435456 bins=      16 smem_static                  conce=1261  conce=1124  conce=1038  conce=977  conce=977  hash_=1070  poiso=1261  power=974  power=968  sawto=1068  sawto=1068  stale=976  stale=976  strid=1069  tempo=1041
  range       I32 N= 268435456 bins=      16 smem_cooperative_static      conce=1277  conce=1138  conce=1047  conce=987  conce=985  hash_=1079  poiso=1276  power=984  power=981  sawto=1080  sawto=1081  stale=985  stale=985  strid=1080  tempo=1051
  range       I32 N= 268435456 bins=      16 smem_dynamic                 conce=1092  conce=974  conce=894  conce=846  conce=845  hash_=914  poiso=1091  power=844  power=842  sawto=915  sawto=915  stale=845  stale=845  strid=915  tempo=893
  range       I32 N= 268435456 bins=      16 smem_cooperative_dynamic     conce=1092  conce=973  conce=893  conce=845  conce=844  hash_=913  poiso=1091  power=843  power=841  sawto=915  sawto=914  stale=844  stale=844  strid=914  tempo=893
  range       I32 N= 268435456 bins=      32 smem_static                  conce=1062  conce=964  conce=893  conce=860  conce=861  hash_=951  poiso=1061  power=980  power=896  sawto=928  sawto=927  stale=860  stale=860  strid=928  tempo=948
  range       I32 N= 268435456 bins=      32 smem_cooperative_static      conce=1075  conce=978  conce=902  conce=869  conce=869  hash_=960  poiso=1074  power=990  power=905  sawto=937  sawto=937  stale=868  stale=869  strid=937  tempo=956
  range       I32 N= 268435456 bins=      32 smem_dynamic                 conce=944  conce=845  conce=783  conce=758  conce=759  hash_=829  poiso=942  power=849  power=785  sawto=809  sawto=809  stale=758  stale=759  strid=809  tempo=825
  range       I32 N= 268435456 bins=      32 smem_cooperative_dynamic     conce=943  conce=843  conce=783  conce=757  conce=758  hash_=827  poiso=942  power=848  power=785  sawto=809  sawto=809  stale=758  stale=758  strid=808  tempo=824
  range       I32 N= 268435456 bins=      64 smem_static                  conce=917  conce=791  conce=767  conce=763  conce=781  hash_=847  poiso=916  power=845  power=781  sawto=815  sawto=814  stale=781  stale=781  strid=815  tempo=845
  range       I32 N= 268435456 bins=      64 smem_cooperative_static      conce=929  conce=801  conce=775  conce=771  conce=789  hash_=855  poiso=928  power=853  power=790  sawto=824  sawto=824  stale=789  stale=789  strid=824  tempo=854
  range       I32 N= 268435456 bins=      64 smem_dynamic                 conce=830  conce=706  conce=687  conce=683  conce=698  hash_=751  poiso=829  power=748  power=698  sawto=724  sawto=724  stale=698  stale=698  strid=724  tempo=748
  range       I32 N= 268435456 bins=      64 smem_cooperative_dynamic     conce=829  conce=706  conce=686  conce=683  conce=697  hash_=749  poiso=828  power=747  power=697  sawto=723  sawto=723  stale=697  stale=697  strid=723  tempo=747
  range       I32 N= 268435456 bins=     128 smem_static                  conce=807  conce=753  conce=734  conce=718  conce=721  hash_=758  poiso=806  power=763  power=746  sawto=726  sawto=726  stale=721  stale=721  strid=726  tempo=757
  range       I32 N= 268435456 bins=     128 smem_cooperative_static      conce=818  conce=761  conce=743  conce=727  conce=729  hash_=767  poiso=817  power=772  power=755  sawto=734  sawto=734  stale=729  stale=729  strid=734  tempo=765
  range       I32 N= 268435456 bins=     128 smem_dynamic                 conce=741  conce=676  conce=662  conce=648  conce=651  hash_=681  poiso=740  power=684  power=671  sawto=654  sawto=654  stale=651  stale=651  strid=654  tempo=680
  range       I32 N= 268435456 bins=     128 smem_cooperative_dynamic     conce=740  conce=675  conce=661  conce=648  conce=650  hash_=680  poiso=739  power=684  power=670  sawto=654  sawto=654  stale=650  stale=650  strid=654  tempo=679
  range       I32 N= 268435456 bins=     256 smem_static                  conce=720  conce=683  conce=680  conce=676  conce=666  hash_=683  poiso=719  power=685  power=674  sawto=663  sawto=662  stale=666  stale=666  strid=663  tempo=683
  range       I32 N= 268435456 bins=     256 smem_cooperative_static      conce=730  conce=691  conce=688  conce=683  conce=673  hash_=691  poiso=729  power=693  power=681  sawto=670  sawto=670  stale=673  stale=673  strid=670  tempo=691
  range       I32 N= 268435456 bins=     256 smem_dynamic                 conce=669  conce=621  conce=618  conce=614  conce=606  hash_=622  poiso=668  power=622  power=613  sawto=604  sawto=604  stale=606  stale=606  strid=603  tempo=620
  range       I32 N= 268435456 bins=     256 smem_cooperative_dynamic     conce=668  conce=621  conce=618  conce=614  conce=605  hash_=621  poiso=667  power=622  power=612  sawto=603  sawto=603  stale=606  stale=605  strid=603  tempo=620
  range       I32 N= 268435456 bins=     512 smem_dynamic                 conce=3909  conce=1257  conce=1255  conce=1281  conce=1312  hash_=1277  poiso=3905  power=1261  power=1280  sawto=1311  sawto=1310  stale=1311  stale=1312  strid=1311  tempo=1267
  range       I32 N= 268435456 bins=     512 smem_cooperative_dynamic     conce=3916  conce=1259  conce=1257  conce=1282  conce=1310  hash_=1277  poiso=3906  power=1263  power=1280  sawto=1312  sawto=1310  stale=1311  stale=1312  strid=1309  tempo=1268
  queried input cache: cub.bench.histogram.range.base.u64 I32 N=1073741824 -> S=4096
  range       I32 N=1073741824 bins=       8 smem_static                  conce=1604  conce=1139  conce=1130  conce=1148  conce=1167  hash_=1171  poiso=1603  power=1263  power=1142  sawto=1078  sawto=1087  stale=1166  stale=1166  strid=1076  tempo=1209
  range       I32 N=1073741824 bins=       8 smem_cooperative_static      conce=1604  conce=1141  conce=1130  conce=1149  conce=1166  hash_=1171  poiso=1603  power=1262  power=1142  sawto=1087  sawto=1088  stale=1166  stale=1166  strid=1086  tempo=1208
  range       I32 N=1073741824 bins=       8 smem_dynamic                 conce=1304  conce=964  conce=962  conce=963  conce=964  hash_=970  poiso=1302  power=1030  power=963  sawto=1034  sawto=1038  stale=964  stale=964  strid=1034  tempo=995
  range       I32 N=1073741824 bins=       8 smem_cooperative_dynamic     conce=1303  conce=964  conce=962  conce=963  conce=964  hash_=969  poiso=1302  power=1030  power=963  sawto=1034  sawto=1038  stale=964  stale=964  strid=1035  tempo=994
  range       I32 N=1073741824 bins=      16 smem_static                  conce=1303  conce=1159  conce=1070  conce=1003  conce=1001  hash_=1098  poiso=1302  power=1000  power=998  sawto=1103  sawto=1101  stale=1001  stale=1001  strid=1103  tempo=1069
  range       I32 N=1073741824 bins=      16 smem_cooperative_static      conce=1301  conce=1158  conce=1070  conce=1002  conce=1000  hash_=1097  poiso=1301  power=999  power=998  sawto=1103  sawto=1100  stale=1000  stale=1000  strid=1103  tempo=1068
  range       I32 N=1073741824 bins=      16 smem_dynamic                 conce=1096  conce=978  conce=898  conce=849  conce=848  hash_=918  poiso=1095  power=847  power=845  sawto=919  sawto=919  stale=847  stale=848  strid=919  tempo=897
  range       I32 N=1073741824 bins=      16 smem_cooperative_dynamic     conce=1096  conce=978  conce=898  conce=849  conce=847  hash_=917  poiso=1095  power=847  power=845  sawto=919  sawto=919  stale=847  stale=847  strid=919  tempo=897
  range       I32 N=1073741824 bins=      32 smem_static                  conce=1096  conce=1000  conce=918  conce=883  conce=883  hash_=976  poiso=1095  power=1007  power=920  sawto=953  sawto=952  stale=882  stale=882  strid=953  tempo=974
  range       I32 N=1073741824 bins=      32 smem_cooperative_static      conce=1095  conce=999  conce=917  conce=882  conce=882  hash_=976  poiso=1095  power=1006  power=919  sawto=952  sawto=950  stale=882  stale=882  strid=952  tempo=974
  range       I32 N=1073741824 bins=      32 smem_dynamic                 conce=946  conce=848  conce=787  conce=760  conce=761  hash_=830  poiso=944  power=853  power=788  sawto=812  sawto=812  stale=760  stale=760  strid=811  tempo=829
  range       I32 N=1073741824 bins=      32 smem_cooperative_dynamic     conce=946  conce=848  conce=786  conce=760  conce=760  hash_=830  poiso=944  power=853  power=788  sawto=812  sawto=811  stale=760  stale=760  strid=811  tempo=829
  range       I32 N=1073741824 bins=      64 smem_static                  conce=946  conce=813  conce=789  conce=784  conce=802  hash_=870  poiso=945  power=869  power=802  sawto=838  sawto=837  stale=802  stale=802  strid=838  tempo=869
  range       I32 N=1073741824 bins=      64 smem_cooperative_static      conce=945  conce=812  conce=788  conce=783  conce=801  hash_=869  poiso=944  power=868  power=801  sawto=837  sawto=835  stale=801  stale=801  strid=837  tempo=868
  range       I32 N=1073741824 bins=      64 smem_dynamic                 conce=831  conce=708  conce=688  conce=685  conce=699  hash_=752  poiso=830  power=750  power=699  sawto=726  sawto=726  stale=699  stale=700  strid=726  tempo=751
  range       I32 N=1073741824 bins=      64 smem_cooperative_dynamic     conce=831  conce=708  conce=688  conce=685  conce=699  hash_=752  poiso=830  power=750  power=699  sawto=726  sawto=726  stale=699  stale=699  strid=726  tempo=750
  range       I32 N=1073741824 bins=     128 smem_static                  conce=832  conce=775  conce=755  conce=739  conce=741  hash_=779  poiso=832  power=785  power=767  sawto=746  sawto=745  stale=741  stale=741  strid=746  tempo=778
  range       I32 N=1073741824 bins=     128 smem_cooperative_static      conce=831  conce=774  conce=754  conce=738  conce=740  hash_=778  poiso=830  power=784  power=766  sawto=745  sawto=744  stale=740  stale=740  strid=745  tempo=777
  range       I32 N=1073741824 bins=     128 smem_dynamic                 conce=742  conce=678  conce=663  conce=650  conce=652  hash_=682  poiso=740  power=686  power=672  sawto=656  sawto=656  stale=652  stale=652  strid=656  tempo=681
  range       I32 N=1073741824 bins=     128 smem_cooperative_dynamic     conce=742  conce=678  conce=663  conce=650  conce=652  hash_=682  poiso=740  power=686  power=672  sawto=656  sawto=656  stale=652  stale=652  strid=655  tempo=681
  range       I32 N=1073741824 bins=     256 smem_static                  conce=743  conce=703  conce=699  conce=694  conce=684  hash_=703  poiso=742  power=705  power=692  sawto=681  sawto=681  stale=684  stale=684  strid=681  tempo=702
  range       I32 N=1073741824 bins=     256 smem_cooperative_static      conce=742  conce=702  conce=699  conce=694  conce=683  hash_=702  poiso=741  power=704  power=691  sawto=680  sawto=679  stale=683  stale=683  strid=680  tempo=701
  range       I32 N=1073741824 bins=     256 smem_dynamic                 conce=670  conce=622  conce=620  conce=616  conce=607  hash_=623  poiso=668  power=624  power=614  sawto=605  sawto=605  stale=607  stale=607  strid=605  tempo=622
  range       I32 N=1073741824 bins=     256 smem_cooperative_dynamic     conce=670  conce=622  conce=620  conce=615  conce=607  hash_=623  poiso=668  power=624  power=614  sawto=605  sawto=605  stale=607  stale=607  strid=605  tempo=622
  range       I32 N=1073741824 bins=     512 smem_dynamic                 conce=4022  conce=1264  conce=1263  conce=1285  conce=1312  hash_=1283  poiso=4018  power=1266  power=1283  sawto=1315  sawto=1314  stale=1312  stale=1314  strid=1313  tempo=1270
  range       I32 N=1073741824 bins=     512 smem_cooperative_dynamic     conce=4008  conce=1268  conce=1266  conce=1289  conce=1316  hash_=1287  poiso=4005  power=1271  power=1287  sawto=1317  sawto=1317  stale=1317  stale=1318  strid=1317  tempo=1274
  queried input cache: cub.bench.histogram.range.base.u64 I32 N=2000000000 -> S=4096
  range       I32 N=2000000000 bins=       8 smem_static                  conce=1609  conce=1142  conce=1131  conce=1157  conce=1169  hash_=1173  poiso=1607  power=1266  power=1146  sawto=1079  sawto=1092  stale=1169  stale=1169  strid=1081  tempo=1211
  range       I32 N=2000000000 bins=       8 smem_cooperative_static      conce=1608  conce=1144  conce=1132  conce=1155  conce=1168  hash_=1173  poiso=1607  power=1265  power=1147  sawto=1090  sawto=1091  stale=1168  stale=1168  strid=1090  tempo=1210
  range       I32 N=2000000000 bins=       8 smem_dynamic                 conce=1307  conce=966  conce=964  conce=965  conce=966  hash_=971  poiso=1305  power=1033  power=965  sawto=1039  sawto=1042  stale=966  stale=966  strid=1039  tempo=996
  range       I32 N=2000000000 bins=       8 smem_cooperative_dynamic     conce=1306  conce=966  conce=964  conce=965  conce=966  hash_=971  poiso=1305  power=1032  power=965  sawto=1039  sawto=1042  stale=966  stale=966  strid=1039  tempo=996
  range       I32 N=2000000000 bins=      16 smem_static                  conce=1305  conce=1162  conce=1074  conce=1005  conce=1003  hash_=1100  poiso=1305  power=1002  power=1000  sawto=1105  sawto=1103  stale=1003  stale=1003  strid=1105  tempo=1071
  range       I32 N=2000000000 bins=      16 smem_cooperative_static      conce=1304  conce=1162  conce=1073  conce=1004  conce=1002  hash_=1099  poiso=1304  power=1001  power=999  sawto=1105  sawto=1103  stale=1002  stale=1002  strid=1105  tempo=1070
  range       I32 N=2000000000 bins=      16 smem_dynamic                 conce=1098  conce=980  conce=900  conce=850  conce=849  hash_=919  poiso=1097  power=849  power=847  sawto=921  sawto=921  stale=849  stale=849  strid=921  tempo=899
  range       I32 N=2000000000 bins=      16 smem_cooperative_dynamic     conce=1098  conce=980  conce=900  conce=850  conce=849  hash_=919  poiso=1097  power=849  power=847  sawto=920  sawto=920  stale=849  stale=849  strid=921  tempo=898
  range       I32 N=2000000000 bins=      32 smem_static                  conce=1098  conce=1002  conce=920  conce=884  conce=884  hash_=978  poiso=1097  power=1009  power=922  sawto=955  sawto=953  stale=884  stale=884  strid=955  tempo=976
  range       I32 N=2000000000 bins=      32 smem_cooperative_static      conce=1097  conce=1002  conce=920  conce=883  conce=883  hash_=977  poiso=1096  power=1009  power=921  sawto=954  sawto=952  stale=883  stale=883  strid=954  tempo=975
  range       I32 N=2000000000 bins=      32 smem_dynamic                 conce=947  conce=850  conce=788  conce=762  conce=762  hash_=832  poiso=946  power=854  power=789  sawto=813  sawto=813  stale=762  stale=762  strid=813  tempo=830
  range       I32 N=2000000000 bins=      32 smem_cooperative_dynamic     conce=947  conce=850  conce=788  conce=762  conce=762  hash_=832  poiso=946  power=854  power=789  sawto=813  sawto=813  stale=762  stale=762  strid=813  tempo=830
  range       I32 N=2000000000 bins=      64 smem_static                  conce=948  conce=815  conce=790  conce=785  conce=804  hash_=872  poiso=947  power=870  power=804  sawto=839  sawto=838  stale=804  stale=804  strid=839  tempo=870
  range       I32 N=2000000000 bins=      64 smem_cooperative_static      conce=947  conce=814  conce=789  conce=784  conce=803  hash_=871  poiso=946  power=869  power=803  sawto=838  sawto=837  stale=803  stale=803  strid=838  tempo=870
  range       I32 N=2000000000 bins=      64 smem_dynamic                 conce=833  conce=709  conce=690  conce=686  conce=701  hash_=753  poiso=832  power=751  power=701  sawto=727  sawto=727  stale=701  stale=701  strid=727  tempo=752
  range       I32 N=2000000000 bins=      64 smem_cooperative_dynamic     conce=833  conce=709  conce=690  conce=686  conce=701  hash_=753  poiso=831  power=751  power=700  sawto=727  sawto=727  stale=701  stale=701  strid=727  tempo=752
  range       I32 N=2000000000 bins=     128 smem_static                  conce=834  conce=776  conce=757  conce=741  conce=742  hash_=781  poiso=833  power=786  power=768  sawto=747  sawto=746  stale=742  stale=742  strid=748  tempo=780
  range       I32 N=2000000000 bins=     128 smem_cooperative_static      conce=832  conce=775  conce=756  conce=740  conce=741  hash_=780  poiso=832  power=785  power=767  sawto=747  sawto=745  stale=741  stale=741  strid=747  tempo=779
  range       I32 N=2000000000 bins=     128 smem_dynamic                 conce=743  conce=680  conce=664  conce=651  conce=653  hash_=684  poiso=742  power=688  power=673  sawto=657  sawto=657  stale=653  stale=653  strid=657  tempo=683
  range       I32 N=2000000000 bins=     128 smem_cooperative_dynamic     conce=743  conce=680  conce=664  conce=651  conce=653  hash_=684  poiso=742  power=688  power=673  sawto=657  sawto=657  stale=653  stale=653  strid=657  tempo=683
  range       I32 N=2000000000 bins=     256 smem_static                  conce=744  conce=705  conce=701  conce=696  conce=685  hash_=704  poiso=744  power=706  power=694  sawto=682  sawto=682  stale=685  stale=685  strid=682  tempo=703
  range       I32 N=2000000000 bins=     256 smem_cooperative_static      conce=743  conce=704  conce=700  conce=695  conce=684  hash_=703  poiso=743  power=705  power=693  sawto=681  sawto=681  stale=684  stale=684  strid=681  tempo=702
  range       I32 N=2000000000 bins=     256 smem_dynamic                 conce=671  conce=624  conce=621  conce=617  conce=608  hash_=624  poiso=669  power=625  power=615  sawto=606  sawto=606  stale=609  stale=608  strid=606  tempo=623
  range       I32 N=2000000000 bins=     256 smem_cooperative_dynamic     conce=671  conce=624  conce=621  conce=617  conce=608  hash_=624  poiso=669  power=625  power=615  sawto=606  sawto=606  stale=608  stale=608  strid=606  tempo=623
  range       I32 N=2000000000 bins=     512 smem_dynamic                 conce=4048  conce=1265  conce=1265  conce=1288  conce=1316  hash_=1285  poiso=4043  power=1269  power=1285  sawto=1317  sawto=1316  stale=1315  stale=1315  strid=1315  tempo=1271
  range       I32 N=2000000000 bins=     512 smem_cooperative_dynamic     conce=4035  conce=1270  conce=1269  conce=1291  conce=1319  hash_=1290  poiso=4029  power=1273  power=1289  sawto=1321  sawto=1319  stale=1320  stale=1320  strid=1319  tempo=1276
  range       I32 N=   1048576 bins=       8 main                              conce=280  conce=239  conce=248  conce=247  conce=249  hash_=247  poiso=283  power=249  power=247  sawto=206  sawto=205  stale=247  stale=239  strid=204  tempo=284
  range       I32 N=   1048576 bins=      16 main                              conce=253  conce=239  conce=238  conce=226  conce=238  hash_=233  poiso=259  power=228  power=227  sawto=197  sawto=197  stale=226  stale=226  strid=191  tempo=253
  range       I32 N=   1048576 bins=      32 main                              conce=242  conce=222  conce=221  conce=219  conce=220  hash_=213  poiso=244  power=228  power=219  sawto=219  sawto=219  stale=220  stale=219  strid=212  tempo=246
  range       I32 N=   1048576 bins=      64 main                              conce=222  conce=200  conce=199  conce=200  conce=213  hash_=218  poiso=223  power=218  power=202  sawto=196  sawto=199  stale=203  stale=200  strid=197  tempo=222
  range       I32 N=   1048576 bins=     128 main                              conce=212  conce=191  conce=194  conce=197  conce=197  hash_=192  poiso=209  power=200  power=197  sawto=183  sawto=186  stale=197  stale=196  strid=182  tempo=213
  range       I32 N=   1048576 bins=     256 main                              conce=198  conce=181  conce=183  conce=182  conce=187  hash_=185  poiso=197  power=183  power=182  sawto=170  sawto=172  stale=181  stale=180  strid=167  tempo=198
  range       I32 N=   1048576 bins=     512 main                              conce=180  conce=138  conce=131  conce=132  conce=138  hash_=166  poiso=178  power=151  power=139  sawto=127  sawto=122  stale=139  stale=136  strid=125  tempo=180
  range       I32 N=  16777216 bins=       8 main                              conce=1200  conce=898  conce=894  conce=902  conce=916  hash_=960  poiso=1191  power=972  power=891  sawto=623  sawto=625  stale=908  stale=903  strid=623  tempo=1203
  range       I32 N=  16777216 bins=      16 main                              conce=1005  conce=903  conce=831  conce=793  conce=804  hash_=850  poiso=1003  power=794  power=788  sawto=576  sawto=581  stale=794  stale=797  strid=573  tempo=1008
  range       I32 N=  16777216 bins=      32 main                              conce=860  conce=783  conce=727  conce=708  conce=713  hash_=769  poiso=859  power=795  power=733  sawto=693  sawto=694  stale=714  stale=714  strid=691  tempo=861
  range       I32 N=  16777216 bins=      64 main                              conce=753  conce=650  conce=629  conce=634  conce=651  hash_=694  poiso=751  power=697  power=648  sawto=619  sawto=623  stale=650  stale=650  strid=618  tempo=752
  range       I32 N=  16777216 bins=     128 main                              conce=669  conce=624  conce=602  conce=596  conce=603  hash_=625  poiso=669  power=631  power=618  sawto=558  sawto=559  stale=601  stale=601  strid=556  tempo=669
  range       I32 N=  16777216 bins=     256 main                              conce=602  conce=568  conce=562  conce=563  conce=558  hash_=569  poiso=601  power=571  power=561  sawto=503  sawto=503  stale=557  stale=557  strid=500  tempo=602
  range       I32 N=  16777216 bins=     512 main                              conce=555  conce=423  conce=380  conce=381  conce=401  hash_=516  poiso=550  power=464  power=435  sawto=320  sawto=305  stale=403  stale=404  strid=317  tempo=555
  range       I32 N=  67108864 bins=       8 main                              conce=1403  conce=1017  conce=1000  conce=1010  conce=1026  hash_=1079  poiso=1395  power=1105  power=1005  sawto=707  sawto=707  stale=1024  stale=1025  strid=705  tempo=1404
  range       I32 N=  67108864 bins=      16 main                              conce=1147  conce=1025  conce=928  conce=881  conce=884  hash_=960  poiso=1143  power=880  power=873  sawto=658  sawto=662  stale=883  stale=884  strid=657  tempo=1147
  range       I32 N=  67108864 bins=      32 main                              conce=968  conce=873  conce=803  conce=779  conce=782  hash_=858  poiso=965  power=883  power=811  sawto=796  sawto=797  stale=779  stale=781  strid=796  tempo=968
  range       I32 N=  67108864 bins=      64 main                              conce=837  conce=718  conce=695  conce=693  conce=710  hash_=767  poiso=836  power=764  power=710  sawto=714  sawto=715  stale=710  stale=711  strid=713  tempo=837
  range       I32 N=  67108864 bins=     128 main                              conce=737  conce=682  conce=663  conce=652  conce=657  hash_=688  poiso=736  power=692  power=677  sawto=637  sawto=639  stale=656  stale=656  strid=637  tempo=737
  range       I32 N=  67108864 bins=     256 main                              conce=659  conce=619  conce=614  conce=613  conce=605  hash_=621  poiso=658  power=622  power=612  sawto=561  sawto=562  stale=605  stale=605  strid=562  tempo=659
  range       I32 N=  67108864 bins=     512 main                              conce=605  conce=517  conce=447  conce=451  conce=480  hash_=570  poiso=603  power=553  power=519  sawto=395  sawto=376  stale=485  stale=476  strid=391  tempo=605
  range       I32 N= 268435456 bins=       8 main                              conce=1485  conce=1060  conce=1042  conce=1056  conce=1075  hash_=1137  poiso=1483  power=1162  power=1054  sawto=742  sawto=744  stale=1075  stale=1075  strid=741  tempo=1485
  range       I32 N= 268435456 bins=      16 main                              conce=1204  conce=1075  conce=975  conce=922  conce=922  hash_=1007  poiso=1202  power=918  power=915  sawto=695  sawto=697  stale=923  stale=923  strid=695  tempo=1204
  range       I32 N= 268435456 bins=      32 main                              conce=1011  conce=913  conce=842  conce=812  conce=812  hash_=895  poiso=1010  power=923  power=845  sawto=843  sawto=843  stale=812  stale=813  strid=843  tempo=1011
  range       I32 N= 268435456 bins=      64 main                              conce=871  conce=746  conce=722  conce=720  conce=737  hash_=797  poiso=870  power=796  power=737  sawto=753  sawto=754  stale=737  stale=737  strid=752  tempo=871
  range       I32 N= 268435456 bins=     128 main                              conce=765  conce=709  conce=690  conce=677  conce=679  hash_=714  poiso=764  power=719  power=704  sawto=671  sawto=671  stale=680  stale=680  strid=671  tempo=765
  range       I32 N= 268435456 bins=     256 main                              conce=682  conce=643  conce=639  conce=636  conce=627  hash_=643  poiso=681  power=645  power=635  sawto=590  sawto=590  stale=627  stale=627  strid=590  tempo=682
  range       I32 N= 268435456 bins=     512 main                              conce=628  conce=553  conce=482  conce=485  conce=513  hash_=594  poiso=626  power=589  power=553  sawto=422  sawto=400  stale=522  stale=514  strid=414  tempo=628
  range       I32 N=1073741824 bins=       8 main                              conce=1504  conce=1072  conce=1057  conce=1070  conce=1084  hash_=1149  poiso=1503  power=1175  power=1069  sawto=757  sawto=758  stale=1086  stale=1085  strid=756  tempo=1504
  range       I32 N=1073741824 bins=      16 main                              conce=1215  conce=1087  conce=989  conce=930  conce=929  hash_=1016  poiso=1214  power=927  power=923  sawto=711  sawto=712  stale=930  stale=930  strid=711  tempo=1215
  range       I32 N=1073741824 bins=      32 main                              conce=1018  conce=923  conce=849  conce=817  conce=817  hash_=902  poiso=1018  power=931  power=852  sawto=861  sawto=862  stale=817  stale=817  strid=862  tempo=1018
  range       I32 N=1073741824 bins=      64 main                              conce=876  conce=752  conce=728  conce=724  conce=741  hash_=803  poiso=876  power=802  power=741  sawto=769  sawto=769  stale=741  stale=741  strid=768  tempo=876
  range       I32 N=1073741824 bins=     128 main                              conce=769  conce=714  conce=696  conce=682  conce=683  hash_=718  poiso=769  power=724  power=708  sawto=684  sawto=684  stale=684  stale=684  strid=684  tempo=769
  range       I32 N=1073741824 bins=     256 main                              conce=685  conce=647  conce=643  conce=640  conce=630  hash_=647  poiso=685  power=649  power=639  sawto=600  sawto=600  stale=631  stale=631  strid=600  tempo=685
  range       I32 N=1073741824 bins=     512 main                              conce=628  conce=564  conce=464  conce=495  conce=525  hash_=596  poiso=627  power=593  power=564  sawto=429  sawto=408  stale=530  stale=531  strid=421  tempo=628
  range       I32 N=2000000000 bins=       8 main                              conce=1507  conce=1073  conce=1060  conce=1073  conce=1086  hash_=1150  poiso=1506  power=1177  power=1071  sawto=759  sawto=760  stale=1087  stale=1087  strid=759  tempo=1507
  range       I32 N=2000000000 bins=      16 main                              conce=1217  conce=1089  conce=991  conce=931  conce=930  hash_=1017  poiso=1216  power=928  power=925  sawto=713  sawto=714  stale=931  stale=931  strid=713  tempo=1217
  range       I32 N=2000000000 bins=      32 main                              conce=1020  conce=925  conce=850  conce=818  conce=818  hash_=903  poiso=1019  power=933  power=853  sawto=865  sawto=864  stale=818  stale=818  strid=864  tempo=1020
  range       I32 N=2000000000 bins=      64 main                              conce=877  conce=753  conce=729  conce=725  conce=742  hash_=804  poiso=877  power=803  power=742  sawto=771  sawto=771  stale=742  stale=742  strid=771  tempo=877
  range       I32 N=2000000000 bins=     128 main                              conce=770  conce=715  conce=697  conce=683  conce=684  hash_=719  poiso=769  power=725  power=709  sawto=686  sawto=686  stale=684  stale=684  strid=686  tempo=770
  range       I32 N=2000000000 bins=     256 main                              conce=686  conce=648  conce=644  conce=641  conce=631  hash_=647  poiso=685  power=650  power=639  sawto=602  sawto=602  stale=631  stale=631  strid=602  tempo=686
  range       I32 N=2000000000 bins=     512 main                              conce=628  conce=566  conce=466  conce=497  conce=527  hash_=597  poiso=627  power=595  power=566  sawto=429  sawto=411  stale=532  stale=533  strid=421  tempo=628
  queried input cache: cub.bench.histogram.range.base.u64 F64 N=1048576 -> S=4096
  range       F64 N=   1048576 bins=       8 smem_static                  conce=619  conce=563  conce=563  conce=564  conce=558  hash_=547  poiso=616  power=563  power=561  sawto=490  sawto=489  stale=554  stale=554  strid=479  tempo=562
  range       F64 N=   1048576 bins=       8 smem_cooperative_static      conce=590  conce=528  conce=542  conce=537  conce=540  hash_=537  poiso=591  power=564  power=528  sawto=474  sawto=475  stale=547  stale=553  strid=460  tempo=563
  range       F64 N=   1048576 bins=       8 smem_dynamic                 conce=595  conce=537  conce=546  conce=547  conce=549  hash_=540  poiso=592  power=552  power=541  sawto=554  sawto=552  stale=551  stale=552  strid=545  tempo=547
  range       F64 N=   1048576 bins=       8 smem_cooperative_dynamic     conce=571  conce=511  conce=520  conce=511  conce=517  hash_=511  poiso=569  power=527  power=507  sawto=535  sawto=531  stale=520  stale=532  strid=515  tempo=520
  range       F64 N=   1048576 bins=      16 smem_static                  conce=572  conce=558  conce=541  conce=529  conce=537  hash_=541  poiso=560  power=527  power=528  sawto=531  sawto=525  stale=527  stale=530  strid=528  tempo=543
  range       F64 N=   1048576 bins=      16 smem_cooperative_static      conce=576  conce=529  conce=509  conce=504  conce=499  hash_=510  poiso=572  power=503  power=503  sawto=504  sawto=499  stale=504  stale=505  strid=497  tempo=514
  range       F64 N=   1048576 bins=      16 smem_dynamic                 conce=568  conce=535  conce=522  conce=507  conce=519  hash_=523  poiso=564  power=508  power=514  sawto=524  sawto=508  stale=510  stale=510  strid=528  tempo=528
  range       F64 N=   1048576 bins=      16 smem_cooperative_dynamic     conce=557  conce=511  conce=506  conce=502  conce=494  hash_=500  poiso=523  power=497  power=499  sawto=504  sawto=502  stale=500  stale=503  strid=495  tempo=504
  range       F64 N=   1048576 bins=      32 smem_static                  conce=543  conce=511  conce=499  conce=490  conce=497  hash_=508  poiso=539  power=525  power=492  sawto=520  sawto=521  stale=485  stale=492  strid=519  tempo=514
  range       F64 N=   1048576 bins=      32 smem_cooperative_static      conce=511  conce=503  conce=494  conce=493  conce=483  hash_=497  poiso=509  power=501  power=500  sawto=503  sawto=503  stale=497  stale=498  strid=493  tempo=500
  range       F64 N=   1048576 bins=      32 smem_dynamic                 conce=523  conce=494  conce=489  conce=489  conce=484  hash_=481  poiso=521  power=492  power=490  sawto=494  sawto=489  stale=491  stale=492  strid=479  tempo=497
  range       F64 N=   1048576 bins=      32 smem_cooperative_dynamic     conce=505  conce=498  conce=472  conce=458  conce=470  hash_=483  poiso=503  power=497  power=477  sawto=478  sawto=473  stale=470  stale=475  strid=462  tempo=495
  range       F64 N=   1048576 bins=      64 smem_static                  conce=505  conce=465  conce=465  conce=461  conce=479  hash_=479  poiso=494  power=483  power=467  sawto=486  sawto=484  stale=469  stale=475  strid=478  tempo=484
  range       F64 N=   1048576 bins=      64 smem_cooperative_static      conce=501  conce=447  conce=446  conce=446  conce=449  hash_=469  poiso=498  power=476  power=447  sawto=467  sawto=467  stale=451  stale=452  strid=454  tempo=478
  range       F64 N=   1048576 bins=      64 smem_dynamic                 conce=494  conce=451  conce=446  conce=448  conce=471  hash_=473  poiso=491  power=471  power=460  sawto=456  sawto=451  stale=465  stale=463  strid=450  tempo=476
  range       F64 N=   1048576 bins=      64 smem_cooperative_dynamic     conce=494  conce=444  conce=443  conce=444  conce=442  hash_=446  poiso=486  power=451  power=445  sawto=446  sawto=444  stale=445  stale=446  strid=440  tempo=449
  range       F64 N=   1048576 bins=     128 smem_static                  conce=480  conce=454  conce=443  conce=437  conce=454  hash_=456  poiso=473  power=461  power=455  sawto=434  sawto=432  stale=441  stale=444  strid=425  tempo=462
  range       F64 N=   1048576 bins=     128 smem_cooperative_static      conce=454  conce=444  conce=440  conce=443  conce=437  hash_=443  poiso=449  power=442  power=444  sawto=422  sawto=424  stale=442  stale=443  strid=408  tempo=446
  range       F64 N=   1048576 bins=     128 smem_dynamic                 conce=471  conce=437  conce=434  conce=436  conce=432  hash_=430  poiso=459  power=441  power=441  sawto=431  sawto=432  stale=435  stale=436  strid=426  tempo=443
  range       F64 N=   1048576 bins=     128 smem_cooperative_dynamic     conce=448  conce=441  conce=431  conce=424  conce=425  hash_=437  poiso=447  power=441  power=443  sawto=418  sawto=429  stale=433  stale=436  strid=424  tempo=441
  range       F64 N=   1048576 bins=     256 smem_static                  conce=446  conce=436  conce=422  conce=406  conce=409  hash_=426  poiso=438  power=433  power=418  sawto=323  sawto=350  stale=401  stale=401  strid=376  tempo=429
  range       F64 N=   1048576 bins=     256 smem_cooperative_static      conce=443  conce=412  conce=405  conce=399  conce=394  hash_=417  poiso=440  power=418  power=401  sawto=316  sawto=340  stale=397  stale=399  strid=361  tempo=424
  range       F64 N=   1048576 bins=     256 smem_dynamic                 conce=441  conce=412  conce=409  conce=397  conce=394  hash_=421  poiso=430  power=420  power=411  sawto=411  sawto=386  stale=386  stale=390  strid=395  tempo=424
  range       F64 N=   1048576 bins=     256 smem_cooperative_dynamic     conce=441  conce=400  conce=401  conce=398  conce=387  hash_=401  poiso=434  power=404  power=400  sawto=399  sawto=389  stale=395  stale=396  strid=393  tempo=407
  range       F64 N=   1048576 bins=     512 smem_dynamic                 conce=637  conce=518  conce=511  conce=517  conce=535  hash_=516  poiso=631  power=525  power=519  sawto=532  sawto=514  stale=515  stale=511  strid=504  tempo=523
  range       F64 N=   1048576 bins=     512 smem_cooperative_dynamic     conce=596  conce=503  conce=503  conce=502  conce=498  hash_=500  poiso=588  power=504  power=503  sawto=506  sawto=503  stale=502  stale=503  strid=496  tempo=505
  queried input cache: cub.bench.histogram.range.base.u64 F64 N=16777216 -> S=4096
  range       F64 N=  16777216 bins=       8 smem_static                  conce=2203  conce=1699  conce=1681  conce=1707  conce=1747  hash_=1733  poiso=2201  power=1836  power=1700  sawto=1239  sawto=1239  stale=1748  stale=1750  strid=1235  tempo=1791
  range       F64 N=  16777216 bins=       8 smem_cooperative_static      conce=2105  conce=1622  conce=1605  conce=1625  conce=1656  hash_=1668  poiso=2104  power=1749  power=1622  sawto=1191  sawto=1191  stale=1666  stale=1665  strid=1186  tempo=1713
  range       F64 N=  16777216 bins=       8 smem_dynamic                 conce=1949  conce=1532  conce=1524  conce=1540  conce=1567  hash_=1549  poiso=1946  power=1628  power=1536  sawto=1572  sawto=1567  stale=1563  stale=1564  strid=1565  tempo=1590
  range       F64 N=  16777216 bins=       8 smem_cooperative_dynamic     conce=1876  conce=1469  conce=1465  conce=1476  conce=1496  hash_=1508  poiso=1875  power=1568  power=1470  sawto=1505  sawto=1504  stale=1501  stale=1501  strid=1501  tempo=1539
  range       F64 N=  16777216 bins=      16 smem_static                  conce=1887  conce=1711  conce=1589  conce=1535  conce=1553  hash_=1646  poiso=1872  power=1519  power=1515  sawto=1505  sawto=1502  stale=1552  stale=1552  strid=1498  tempo=1616
  range       F64 N=  16777216 bins=      16 smem_cooperative_static      conce=1796  conce=1627  conce=1512  conce=1464  conce=1466  hash_=1577  poiso=1780  power=1444  power=1439  sawto=1440  sawto=1438  stale=1470  stale=1472  strid=1436  tempo=1539
  range       F64 N=  16777216 bins=      16 smem_dynamic                 conce=1708  conce=1542  conce=1447  conce=1399  conce=1411  hash_=1486  poiso=1700  power=1386  power=1388  sawto=1423  sawto=1420  stale=1406  stale=1407  strid=1419  tempo=1461
  range       F64 N=  16777216 bins=      16 smem_cooperative_dynamic     conce=1644  conce=1482  conce=1396  conce=1341  conce=1347  hash_=1436  poiso=1630  power=1331  power=1334  sawto=1366  sawto=1363  stale=1349  stale=1351  strid=1360  tempo=1392
  range       F64 N=  16777216 bins=      32 smem_static                  conce=1642  conce=1495  conce=1404  conce=1380  conce=1390  hash_=1489  poiso=1642  power=1517  power=1426  sawto=1494  sawto=1491  stale=1389  stale=1391  strid=1489  tempo=1492
  range       F64 N=  16777216 bins=      32 smem_cooperative_static      conce=1563  conce=1429  conce=1339  conce=1310  conce=1313  hash_=1419  poiso=1555  power=1438  power=1353  sawto=1428  sawto=1428  stale=1313  stale=1314  strid=1422  tempo=1426
  range       F64 N=  16777216 bins=      32 smem_dynamic                 conce=1517  conce=1370  conce=1303  conce=1279  conce=1282  hash_=1358  poiso=1510  power=1384  power=1310  sawto=1284  sawto=1281  stale=1278  stale=1280  strid=1279  tempo=1363
  range       F64 N=  16777216 bins=      32 smem_cooperative_dynamic     conce=1464  conce=1326  conce=1253  conce=1226  conce=1228  hash_=1315  poiso=1457  power=1337  power=1263  sawto=1232  sawto=1230  stale=1230  stale=1230  strid=1229  tempo=1314
  range       F64 N=  16777216 bins=      64 smem_static                  conce=1444  conce=1256  conce=1202  conce=1211  conce=1259  hash_=1340  poiso=1438  power=1335  power=1253  sawto=1284  sawto=1281  stale=1259  stale=1259  strid=1278  tempo=1346
  range       F64 N=  16777216 bins=      64 smem_cooperative_static      conce=1372  conce=1194  conce=1141  conce=1154  conce=1190  hash_=1277  poiso=1368  power=1271  power=1185  sawto=1227  sawto=1226  stale=1193  stale=1195  strid=1223  tempo=1282
  range       F64 N=  16777216 bins=      64 smem_dynamic                 conce=1364  conce=1181  conce=1146  conce=1158  conce=1188  hash_=1246  poiso=1357  power=1244  power=1180  sawto=1168  sawto=1165  stale=1183  stale=1184  strid=1165  tempo=1250
  range       F64 N=  16777216 bins=      64 smem_cooperative_dynamic     conce=1310  conce=1138  conce=1105  conce=1114  conce=1137  hash_=1204  poiso=1307  power=1197  power=1138  sawto=1119  sawto=1118  stale=1139  stale=1139  strid=1117  tempo=1206
  range       F64 N=  16777216 bins=     128 smem_static                  conce=1298  conce=1177  conce=1109  conce=1094  conce=1114  hash_=1207  poiso=1291  power=1218  power=1152  sawto=996  sawto=997  stale=1113  stale=1115  strid=994  tempo=1213
  range       F64 N=  16777216 bins=     128 smem_cooperative_static      conce=1232  conce=1118  conce=1057  conce=1042  conce=1059  hash_=1148  poiso=1229  power=1157  power=1097  sawto=960  sawto=961  stale=1059  stale=1060  strid=959  tempo=1156
  range       F64 N=  16777216 bins=     128 smem_dynamic                 conce=1236  conce=1122  conce=1084  conce=1073  conce=1091  hash_=1148  poiso=1227  power=1148  power=1123  sawto=1075  sawto=1079  stale=1092  stale=1092  strid=1089  tempo=1147
  range       F64 N=  16777216 bins=     128 smem_cooperative_dynamic     conce=1189  conce=1085  conce=1044  conce=1032  conce=1048  hash_=1101  poiso=1183  power=1108  power=1080  sawto=1036  sawto=1040  stale=1051  stale=1053  strid=1043  tempo=1105
  range       F64 N=  16777216 bins=     256 smem_static                  conce=1178  conce=1057  conce=1003  conce=945  conce=917  hash_=1091  poiso=1172  power=1105  power=1037  sawto=607  sawto=686  stale=917  stale=917  strid=785  tempo=1099
  range       F64 N=  16777216 bins=     256 smem_cooperative_static      conce=1118  conce=1007  conce=958  conce=911  conce=884  hash_=1039  poiso=1116  power=1047  power=987  sawto=591  sawto=667  stale=886  stale=886  strid=766  tempo=1043
  range       F64 N=  16777216 bins=     256 smem_dynamic                 conce=1130  conce=1033  conce=987  conce=942  conce=921  hash_=1052  poiso=1122  power=1055  power=1021  sawto=991  sawto=926  stale=919  stale=920  strid=971  tempo=1055
  range       F64 N=  16777216 bins=     256 smem_cooperative_dynamic     conce=1089  conce=994  conce=955  conce=913  conce=888  hash_=1015  poiso=1082  power=1021  power=982  sawto=957  sawto=893  stale=889  stale=889  strid=939  tempo=1019
  range       F64 N=  16777216 bins=     512 smem_dynamic                 conce=3173  conce=1729  conce=1715  conce=1755  conce=1799  hash_=1789  poiso=3172  power=1752  power=1781  sawto=1849  sawto=1827  stale=1798  stale=1797  strid=1822  tempo=1794
  range       F64 N=  16777216 bins=     512 smem_cooperative_dynamic     conce=3085  conce=1665  conce=1653  conce=1696  conce=1722  hash_=1764  poiso=3080  power=1693  power=1711  sawto=1768  sawto=1758  stale=1721  stale=1723  strid=1751  tempo=1723
  queried input cache: cub.bench.histogram.range.base.u64 F64 N=67108864 -> S=4096
  range       F64 N=  67108864 bins=       8 smem_static                  conce=2594  conce=1922  conce=1901  conce=1931  conce=1983  hash_=1967  poiso=2592  power=2094  power=1926  sawto=1359  sawto=1358  stale=1983  stale=1983  strid=1357  tempo=2027
  range       F64 N=  67108864 bins=       8 smem_cooperative_static      conce=2568  conce=1902  conce=1883  conce=1913  conce=1958  hash_=1955  poiso=2566  power=2077  power=1906  sawto=1343  sawto=1342  stale=1961  stale=1962  strid=1341  tempo=2008
  range       F64 N=  67108864 bins=       8 smem_dynamic                 conce=2262  conce=1718  conce=1707  conce=1728  conce=1759  hash_=1749  poiso=2259  power=1847  power=1723  sawto=1760  sawto=1761  stale=1758  stale=1760  strid=1760  tempo=1798
  range       F64 N=  67108864 bins=       8 smem_cooperative_dynamic     conce=2249  conce=1707  conce=1698  conce=1717  conce=1746  hash_=1747  poiso=2248  power=1838  power=1712  sawto=1750  sawto=1749  stale=1746  stale=1746  strid=1747  tempo=1787
  range       F64 N=  67108864 bins=      16 smem_static                  conce=2161  conce=1941  conce=1784  conce=1709  conce=1730  hash_=1853  poiso=2156  power=1690  power=1689  sawto=1686  sawto=1684  stale=1730  stale=1730  strid=1685  tempo=1810
  range       F64 N=  67108864 bins=      16 smem_cooperative_static      conce=2138  conce=1923  conce=1765  conce=1691  conce=1707  hash_=1836  poiso=2133  power=1672  power=1671  sawto=1670  sawto=1670  stale=1711  stale=1712  strid=1668  tempo=1796
  range       F64 N=  67108864 bins=      16 smem_dynamic                 conce=1944  conce=1738  conce=1621  conce=1558  conce=1561  hash_=1665  poiso=1938  power=1544  power=1545  sawto=1576  sawto=1574  stale=1559  stale=1560  strid=1574  tempo=1637
  range       F64 N=  67108864 bins=      16 smem_cooperative_dynamic     conce=1935  conce=1726  conce=1611  conce=1546  conce=1549  hash_=1663  poiso=1929  power=1533  power=1534  sawto=1566  sawto=1564  stale=1551  stale=1552  strid=1564  tempo=1626
  range       F64 N=  67108864 bins=      32 smem_static                  conce=1847  conce=1665  conce=1557  conce=1524  conce=1537  hash_=1659  poiso=1846  power=1687  power=1578  sawto=1666  sawto=1667  stale=1536  stale=1538  strid=1664  tempo=1657
  range       F64 N=  67108864 bins=      32 smem_cooperative_static      conce=1827  conce=1652  conce=1540  conce=1507  conce=1515  hash_=1643  poiso=1825  power=1673  power=1560  sawto=1650  sawto=1651  stale=1518  stale=1518  strid=1648  tempo=1643
  range       F64 N=  67108864 bins=      32 smem_dynamic                 conce=1701  conce=1530  conce=1441  conce=1405  conce=1409  hash_=1518  poiso=1700  power=1545  power=1454  sawto=1412  sawto=1411  stale=1408  stale=1408  strid=1411  tempo=1516
  range       F64 N=  67108864 bins=      32 smem_cooperative_dynamic     conce=1694  conce=1523  conce=1436  conce=1399  conce=1400  hash_=1514  poiso=1690  power=1538  power=1446  sawto=1403  sawto=1402  stale=1402  stale=1403  strid=1402  tempo=1511
  range       F64 N=  67108864 bins=      64 smem_static                  conce=1615  conce=1379  conce=1311  conce=1323  conce=1379  hash_=1482  poiso=1610  power=1472  power=1367  sawto=1415  sawto=1414  stale=1379  stale=1379  strid=1413  tempo=1482
  range       F64 N=  67108864 bins=      64 smem_cooperative_static      conce=1593  conce=1362  conce=1297  conce=1310  conce=1362  hash_=1465  poiso=1590  power=1457  power=1354  sawto=1400  sawto=1400  stale=1363  stale=1364  strid=1399  tempo=1466
  range       F64 N=  67108864 bins=      64 smem_dynamic                 conce=1514  conce=1303  conce=1263  conce=1271  conce=1299  hash_=1383  poiso=1509  power=1374  power=1299  sawto=1276  sawto=1275  stale=1298  stale=1298  strid=1275  tempo=1380
  range       F64 N=  67108864 bins=      64 smem_cooperative_dynamic     conce=1507  conce=1298  conce=1258  conce=1266  conce=1292  hash_=1378  poiso=1503  power=1369  power=1292  sawto=1269  sawto=1269  stale=1294  stale=1293  strid=1268  tempo=1376
  range       F64 N=  67108864 bins=     128 smem_static                  conce=1433  conce=1278  conce=1199  conce=1181  conce=1207  hash_=1325  poiso=1430  power=1330  power=1251  sawto=1077  sawto=1079  stale=1209  stale=1209  strid=1078  tempo=1324
  range       F64 N=  67108864 bins=     128 smem_cooperative_static      conce=1415  conce=1265  conce=1188  conce=1169  conce=1193  hash_=1308  poiso=1411  power=1314  power=1235  sawto=1067  sawto=1068  stale=1193  stale=1194  strid=1067  tempo=1307
  range       F64 N=  67108864 bins=     128 smem_dynamic                 conce=1364  conce=1239  conce=1191  conce=1176  conce=1195  hash_=1263  poiso=1359  power=1263  power=1236  sawto=1184  sawto=1186  stale=1199  stale=1199  strid=1192  tempo=1260
  range       F64 N=  67108864 bins=     128 smem_cooperative_dynamic     conce=1358  conce=1237  conce=1186  conce=1172  conce=1190  hash_=1258  poiso=1354  power=1259  power=1228  sawto=1177  sawto=1178  stale=1193  stale=1193  strid=1184  tempo=1256
  range       F64 N=  67108864 bins=     256 smem_static                  conce=1290  conce=1141  conce=1075  conce=1018  conce=987  hash_=1195  poiso=1286  power=1201  power=1114  sawto=644  sawto=732  stale=988  stale=988  strid=846  tempo=1194
  range       F64 N=  67108864 bins=     256 smem_cooperative_static      conce=1271  conce=1129  conce=1063  conce=1009  conce=977  hash_=1178  poiso=1268  power=1186  power=1100  sawto=637  sawto=724  stale=977  stale=978  strid=838  tempo=1178
  range       F64 N=  67108864 bins=     256 smem_dynamic                 conce=1241  conce=1131  conce=1080  conce=1022  conce=995  hash_=1158  poiso=1237  power=1155  power=1113  sawto=1077  sawto=1004  stale=995  stale=995  strid=1058  tempo=1157
  range       F64 N=  67108864 bins=     256 smem_cooperative_dynamic     conce=1235  conce=1127  conce=1074  conce=1016  conce=988  hash_=1151  poiso=1231  power=1153  power=1107  sawto=1072  sawto=997  stale=990  stale=990  strid=1052  tempo=1151
  range       F64 N=  67108864 bins=     512 smem_dynamic                 conce=4198  conce=2027  conce=2013  conce=2061  conce=2101  hash_=2079  poiso=4194  power=2042  power=2078  sawto=2149  sawto=2133  stale=2099  stale=2100  strid=2130  tempo=2077
  range       F64 N=  67108864 bins=     512 smem_cooperative_dynamic     conce=4168  conce=2018  conce=2005  conce=2052  conce=2088  hash_=2077  poiso=4165  power=2031  power=2066  sawto=2136  sawto=2123  stale=2091  stale=2090  strid=2120  tempo=2066
  queried input cache: cub.bench.histogram.range.base.u64 F64 N=268435456 -> S=4096
  range       F64 N= 268435456 bins=       8 smem_static                  conce=2705  conce=1977  conce=1957  conce=1988  conce=2038  hash_=2024  poiso=2703  power=2164  power=1982  sawto=1392  sawto=1391  stale=2037  stale=2039  strid=1392  tempo=2088
  range       F64 N= 268435456 bins=       8 smem_cooperative_static      conce=2723  conce=1996  conce=1976  conce=2006  conce=2055  hash_=2043  poiso=2722  power=2183  power=2000  sawto=1393  sawto=1392  stale=2057  stale=2057  strid=1393  tempo=2107
  range       F64 N= 268435456 bins=       8 smem_dynamic                 conce=2376  conce=1784  conce=1770  conce=1790  conce=1822  hash_=1818  poiso=2371  power=1925  power=1786  sawto=1824  sawto=1823  stale=1821  stale=1822  strid=1823  tempo=1868
  range       F64 N= 268435456 bins=       8 smem_cooperative_dynamic     conce=2380  conce=1785  conce=1773  conce=1793  conce=1825  hash_=1821  poiso=2377  power=1927  power=1789  sawto=1828  sawto=1828  stale=1825  stale=1825  strid=1827  tempo=1871
  range       F64 N= 268435456 bins=      16 smem_static                  conce=2231  conce=2001  conce=1832  conce=1747  conce=1766  hash_=1903  poiso=2228  power=1727  power=1727  sawto=1737  sawto=1737  stale=1767  stale=1766  strid=1736  tempo=1855
  range       F64 N= 268435456 bins=      16 smem_cooperative_static      conce=2253  conce=2019  conce=1850  conce=1766  conce=1786  hash_=1923  poiso=2251  power=1746  power=1746  sawto=1750  sawto=1749  stale=1787  stale=1787  strid=1750  tempo=1876
  range       F64 N= 268435456 bins=      16 smem_dynamic                 conce=2029  conce=1805  conce=1680  conce=1609  conce=1610  hash_=1729  poiso=2024  power=1597  power=1595  sawto=1624  sawto=1625  stale=1610  stale=1610  strid=1625  tempo=1695
  range       F64 N= 268435456 bins=      16 smem_cooperative_dynamic     conce=2033  conce=1807  conce=1682  conce=1612  conce=1613  hash_=1732  poiso=2028  power=1600  power=1599  sawto=1628  sawto=1628  stale=1613  stale=1613  strid=1627  tempo=1697
  range       F64 N= 268435456 bins=      32 smem_static                  conce=1895  conce=1707  conce=1587  conce=1554  conce=1563  hash_=1697  poiso=1892  power=1727  power=1609  sawto=1704  sawto=1704  stale=1563  stale=1564  strid=1703  tempo=1693
  range       F64 N= 268435456 bins=      32 smem_cooperative_static      conce=1918  conce=1726  conce=1608  conce=1573  conce=1582  hash_=1718  poiso=1916  power=1748  power=1630  sawto=1727  sawto=1727  stale=1583  stale=1583  strid=1727  tempo=1715
  range       F64 N= 268435456 bins=      32 smem_dynamic                 conce=1770  conce=1588  conce=1492  conce=1450  conce=1450  hash_=1571  poiso=1764  power=1603  power=1500  sawto=1451  sawto=1451  stale=1450  stale=1449  strid=1451  tempo=1571
  range       F64 N= 268435456 bins=      32 smem_cooperative_dynamic     conce=1774  conce=1591  conce=1495  conce=1454  conce=1452  hash_=1575  poiso=1769  power=1606  power=1504  sawto=1455  sawto=1454  stale=1453  stale=1453  strid=1454  tempo=1574
  range       F64 N= 268435456 bins=      64 smem_static                  conce=1649  conce=1400  conce=1335  conce=1346  conce=1401  hash_=1510  poiso=1646  power=1498  power=1392  sawto=1445  sawto=1444  stale=1402  stale=1402  strid=1444  tempo=1507
  range       F64 N= 268435456 bins=      64 smem_cooperative_static      conce=1669  conce=1419  conce=1349  conce=1361  conce=1418  hash_=1530  poiso=1666  power=1517  power=1407  sawto=1459  sawto=1458  stale=1419  stale=1419  strid=1458  tempo=1527
  range       F64 N= 268435456 bins=      64 smem_dynamic                 conce=1566  conce=1345  conce=1304  conce=1306  conce=1335  hash_=1428  poiso=1562  power=1422  power=1335  sawto=1309  sawto=1309  stale=1334  stale=1334  strid=1309  tempo=1426
  range       F64 N= 268435456 bins=      64 smem_cooperative_dynamic     conce=1570  conce=1349  conce=1307  conce=1311  conce=1338  hash_=1431  poiso=1566  power=1426  power=1338  sawto=1312  sawto=1312  stale=1338  stale=1338  strid=1312  tempo=1430
  range       F64 N= 268435456 bins=     128 smem_static                  conce=1457  conce=1298  conce=1221  conce=1202  conce=1227  hash_=1346  poiso=1454  power=1350  power=1271  sawto=1099  sawto=1099  stale=1227  stale=1227  strid=1099  tempo=1344
  range       F64 N= 268435456 bins=     128 smem_cooperative_static      conce=1478  conce=1313  conce=1233  conce=1212  conce=1237  hash_=1362  poiso=1475  power=1367  power=1282  sawto=1100  sawto=1101  stale=1237  stale=1236  strid=1100  tempo=1359
  range       F64 N= 268435456 bins=     128 smem_dynamic                 conce=1406  conce=1282  conce=1231  conce=1212  conce=1227  hash_=1300  poiso=1400  power=1305  power=1270  sawto=1213  sawto=1211  stale=1227  stale=1227  strid=1219  tempo=1299
  range       F64 N= 268435456 bins=     128 smem_cooperative_dynamic     conce=1411  conce=1286  conce=1235  conce=1215  conce=1230  hash_=1304  poiso=1405  power=1309  power=1274  sawto=1217  sawto=1215  stale=1231  stale=1231  strid=1222  tempo=1302
  range       F64 N= 268435456 bins=     256 smem_static                  conce=1305  conce=1158  conce=1092  conce=1038  conce=1006  hash_=1213  poiso=1301  power=1218  power=1130  sawto=652  sawto=742  stale=1007  stale=1007  strid=859  tempo=1211
  range       F64 N= 268435456 bins=     256 smem_cooperative_static      conce=1325  conce=1171  conce=1099  conce=1040  conce=1007  hash_=1224  poiso=1322  power=1231  power=1140  sawto=652  sawto=742  stale=1008  stale=1008  strid=859  tempo=1223
  range       F64 N= 268435456 bins=     256 smem_dynamic                 conce=1276  conce=1170  conce=1109  conce=1045  conce=1016  hash_=1189  poiso=1270  power=1193  power=1143  sawto=1101  sawto=1026  stale=1017  stale=1016  strid=1080  tempo=1188
  range       F64 N= 268435456 bins=     256 smem_cooperative_dynamic     conce=1280  conce=1173  conce=1111  conce=1046  conce=1017  hash_=1193  poiso=1274  power=1196  power=1147  sawto=1104  sawto=1027  stale=1018  stale=1018  strid=1083  tempo=1191
  range       F64 N= 268435456 bins=     512 smem_dynamic                 conce=4604  conce=2135  conce=2119  conce=2168  conce=2209  hash_=2196  poiso=4600  power=2146  power=2185  sawto=2257  sawto=2243  stale=2209  stale=2209  strid=2242  tempo=2175
  range       F64 N= 268435456 bins=     512 smem_cooperative_dynamic     conce=4599  conce=2134  conce=2119  conce=2168  conce=2207  hash_=2196  poiso=4598  power=2143  power=2186  sawto=2256  sawto=2243  stale=2210  stale=2210  strid=2240  tempo=2175
  queried input cache: cub.bench.histogram.range.base.u64 F64 N=1073741824 -> S=4096
  range       F64 N=1073741824 bins=       8 smem_static                  conce=2748  conce=2001  conce=1981  conce=2013  conce=2063  hash_=2049  poiso=2746  power=2193  power=2006  sawto=1402  sawto=1401  stale=2064  stale=2063  strid=1402  tempo=2114
  range       F64 N=1073741824 bins=       8 smem_cooperative_static      conce=2768  conce=2021  conce=2000  conce=2032  conce=2084  hash_=2069  poiso=2766  power=2214  power=2026  sawto=1404  sawto=1402  stale=2084  stale=2084  strid=1403  tempo=2135
  range       F64 N=1073741824 bins=       8 smem_dynamic                 conce=2410  conce=1803  conce=1790  conce=1810  conce=1840  hash_=1839  poiso=2405  power=1948  power=1806  sawto=1844  sawto=1844  stale=1840  stale=1840  strid=1843  tempo=1888
  range       F64 N=1073741824 bins=       8 smem_cooperative_dynamic     conce=2414  conce=1805  conce=1794  conce=1813  conce=1843  hash_=1842  poiso=2410  power=1950  power=1809  sawto=1848  sawto=1848  stale=1843  stale=1843  strid=1847  tempo=1891
  range       F64 N=1073741824 bins=      16 smem_static                  conce=2261  conce=2026  conce=1853  conce=1765  conce=1786  hash_=1926  poiso=2259  power=1744  power=1745  sawto=1755  sawto=1755  stale=1785  stale=1786  strid=1755  tempo=1876
  range       F64 N=1073741824 bins=      16 smem_cooperative_static      conce=2285  conce=2045  conce=1872  conce=1787  conce=1807  hash_=1946  poiso=2282  power=1766  power=1766  sawto=1767  sawto=1768  stale=1807  stale=1808  strid=1769  tempo=1897
  range       F64 N=1073741824 bins=      16 smem_dynamic                 conce=2052  conce=1826  conce=1697  conce=1624  conce=1624  hash_=1747  poiso=2048  power=1613  power=1610  sawto=1639  sawto=1639  stale=1624  stale=1624  strid=1638  tempo=1711
  range       F64 N=1073741824 bins=      16 smem_cooperative_dynamic     conce=2056  conce=1829  conce=1701  conce=1627  conce=1627  hash_=1751  poiso=2053  power=1616  power=1613  sawto=1642  sawto=1642  stale=1627  stale=1627  strid=1642  tempo=1714
  range       F64 N=1073741824 bins=      32 smem_static                  conce=1918  conce=1726  conce=1605  conce=1570  conce=1580  hash_=1715  poiso=1915  power=1746  power=1627  sawto=1723  sawto=1723  stale=1580  stale=1580  strid=1722  tempo=1712
  range       F64 N=1073741824 bins=      32 smem_cooperative_static      conce=1942  conce=1746  conce=1626  conce=1589  conce=1599  hash_=1738  poiso=1940  power=1767  power=1648  sawto=1747  sawto=1747  stale=1599  stale=1599  strid=1747  tempo=1734
  range       F64 N=1073741824 bins=      32 smem_dynamic                 conce=1787  conce=1604  conce=1506  conce=1462  conce=1461  hash_=1587  poiso=1782  power=1619  power=1513  sawto=1463  sawto=1462  stale=1461  stale=1461  strid=1463  tempo=1585
  range       F64 N=1073741824 bins=      32 smem_cooperative_dynamic     conce=1792  conce=1607  conce=1509  conce=1465  conce=1465  hash_=1590  poiso=1787  power=1623  power=1516  sawto=1466  sawto=1466  stale=1464  stale=1465  strid=1465  tempo=1588
  range       F64 N=1073741824 bins=      64 smem_static                  conce=1666  conce=1414  conce=1346  conce=1358  conce=1415  hash_=1526  poiso=1664  power=1512  power=1404  sawto=1458  sawto=1457  stale=1415  stale=1415  strid=1457  tempo=1522
  range       F64 N=1073741824 bins=      64 smem_cooperative_static      conce=1687  conce=1434  conce=1361  conce=1374  conce=1433  hash_=1546  poiso=1685  power=1534  power=1421  sawto=1473  sawto=1472  stale=1433  stale=1433  strid=1473  tempo=1543
  range       F64 N=1073741824 bins=      64 smem_dynamic                 conce=1580  conce=1357  conce=1316  conce=1317  conce=1345  hash_=1441  poiso=1576  power=1435  power=1345  sawto=1318  sawto=1318  stale=1344  stale=1344  strid=1318  tempo=1438
  range       F64 N=1073741824 bins=      64 smem_cooperative_dynamic     conce=1585  conce=1361  conce=1319  conce=1321  conce=1348  hash_=1444  poiso=1581  power=1439  power=1349  sawto=1322  sawto=1322  stale=1348  stale=1348  strid=1322  tempo=1442
  range       F64 N=1073741824 bins=     128 smem_static                  conce=1471  conce=1309  conce=1231  conce=1213  conce=1237  hash_=1357  poiso=1468  power=1362  power=1282  sawto=1106  sawto=1106  stale=1237  stale=1237  strid=1106  tempo=1355
  range       F64 N=1073741824 bins=     128 smem_cooperative_static      conce=1494  conce=1325  conce=1243  conce=1223  conce=1247  hash_=1374  poiso=1490  power=1379  power=1293  sawto=1108  sawto=1108  stale=1247  stale=1247  strid=1108  tempo=1372
  range       F64 N=1073741824 bins=     128 smem_dynamic                 conce=1418  conce=1294  conce=1243  conce=1221  conce=1237  hash_=1310  poiso=1412  power=1316  power=1280  sawto=1222  sawto=1220  stale=1236  stale=1236  strid=1228  tempo=1308
  range       F64 N=1073741824 bins=     128 smem_cooperative_dynamic     conce=1422  conce=1298  conce=1246  conce=1225  conce=1240  hash_=1314  poiso=1416  power=1320  power=1284  sawto=1227  sawto=1224  stale=1240  stale=1240  strid=1231  tempo=1312
  range       F64 N=1073741824 bins=     256 smem_static                  conce=1316  conce=1168  conce=1100  conce=1044  conce=1012  hash_=1222  poiso=1313  power=1228  power=1139  sawto=655  sawto=745  stale=1012  stale=1012  strid=863  tempo=1221
  range       F64 N=1073741824 bins=     256 smem_cooperative_static      conce=1338  conce=1181  conce=1107  conce=1046  conce=1014  hash_=1235  poiso=1335  power=1241  power=1148  sawto=655  sawto=745  stale=1014  stale=1014  strid=863  tempo=1233
  range       F64 N=1073741824 bins=     256 smem_dynamic                 conce=1285  conce=1180  conce=1117  conce=1051  conce=1022  hash_=1198  poiso=1279  power=1202  power=1152  sawto=1108  sawto=1031  stale=1022  stale=1022  strid=1087  tempo=1197
  range       F64 N=1073741824 bins=     256 smem_cooperative_dynamic     conce=1290  conce=1183  conce=1119  conce=1052  conce=1023  hash_=1202  poiso=1283  power=1206  power=1156  sawto=1112  sawto=1033  stale=1023  stale=1023  strid=1090  tempo=1200
  range       F64 N=1073741824 bins=     512 smem_dynamic                 conce=4729  conce=2165  conce=2146  conce=2197  conce=2240  hash_=2225  poiso=4729  power=2178  power=2216  sawto=2288  sawto=2273  stale=2239  stale=2240  strid=2272  tempo=2203
  range       F64 N=1073741824 bins=     512 smem_cooperative_dynamic     conce=4728  conce=2164  conce=2147  conce=2197  conce=2239  hash_=2226  poiso=4729  power=2174  power=2216  sawto=2288  sawto=2273  stale=2240  stale=2240  strid=2273  tempo=2203
  queried input cache: cub.bench.histogram.range.base.u64 F64 N=2000000000 -> S=4096
  range       F64 N=2000000000 bins=       8 smem_static                  conce=2754  conce=2005  conce=1985  conce=2017  conce=2068  hash_=2053  poiso=2752  power=2197  power=2010  sawto=1404  sawto=1403  stale=2068  stale=2068  strid=1404  tempo=2120
  range       F64 N=2000000000 bins=       8 smem_cooperative_static      conce=2775  conce=2025  conce=2003  conce=2036  conce=2088  hash_=2074  poiso=2773  power=2217  power=2030  sawto=1405  sawto=1404  stale=2088  stale=2089  strid=1405  tempo=2139
  range       F64 N=2000000000 bins=       8 smem_dynamic                 conce=2414  conce=1807  conce=1794  conce=1814  conce=1843  hash_=1842  poiso=2411  power=1953  power=1810  sawto=1847  sawto=1846  stale=1843  stale=1843  strid=1847  tempo=1891
  range       F64 N=2000000000 bins=       8 smem_cooperative_dynamic     conce=2419  conce=1809  conce=1798  conce=1816  conce=1846  hash_=1845  poiso=2416  power=1955  power=1812  sawto=1851  sawto=1851  stale=1846  stale=1846  strid=1851  tempo=1895
  range       F64 N=2000000000 bins=      16 smem_static                  conce=2266  conce=2030  conce=1856  conce=1769  conce=1789  hash_=1931  poiso=2264  power=1748  power=1748  sawto=1758  sawto=1759  stale=1789  stale=1789  strid=1758  tempo=1881
  range       F64 N=2000000000 bins=      16 smem_cooperative_static      conce=2289  conce=2049  conce=1877  conce=1790  conce=1811  hash_=1951  poiso=2287  power=1768  power=1769  sawto=1771  sawto=1771  stale=1811  stale=1811  strid=1772  tempo=1902
  range       F64 N=2000000000 bins=      16 smem_dynamic                 conce=2056  conce=1830  conce=1701  conce=1627  conce=1627  hash_=1751  poiso=2053  power=1615  power=1613  sawto=1641  sawto=1641  stale=1627  stale=1627  strid=1641  tempo=1713
  range       F64 N=2000000000 bins=      16 smem_cooperative_dynamic     conce=2060  conce=1832  conce=1705  conce=1629  conce=1630  hash_=1754  poiso=2056  power=1619  power=1617  sawto=1645  sawto=1645  stale=1630  stale=1630  strid=1645  tempo=1717
  range       F64 N=2000000000 bins=      32 smem_static                  conce=1922  conce=1729  conce=1608  conce=1573  conce=1582  hash_=1720  poiso=1920  power=1750  power=1631  sawto=1726  sawto=1727  stale=1583  stale=1583  strid=1725  tempo=1716
  range       F64 N=2000000000 bins=      32 smem_cooperative_static      conce=1947  conce=1750  conce=1629  conce=1593  conce=1602  hash_=1742  poiso=1944  power=1771  power=1652  sawto=1749  sawto=1751  stale=1602  stale=1602  strid=1752  tempo=1738
  range       F64 N=2000000000 bins=      32 smem_dynamic                 conce=1790  conce=1607  conce=1509  conce=1464  conce=1464  hash_=1590  poiso=1784  power=1623  power=1516  sawto=1465  sawto=1465  stale=1463  stale=1464  strid=1465  tempo=1587
  range       F64 N=2000000000 bins=      32 smem_cooperative_dynamic     conce=1795  conce=1611  conce=1512  conce=1468  conce=1467  hash_=1594  poiso=1790  power=1626  power=1519  sawto=1468  sawto=1468  stale=1467  stale=1467  strid=1468  tempo=1591
  range       F64 N=2000000000 bins=      64 smem_static                  conce=1669  conce=1417  conce=1348  conce=1360  conce=1418  hash_=1529  poiso=1667  power=1515  power=1407  sawto=1461  sawto=1459  stale=1418  stale=1418  strid=1460  tempo=1526
  range       F64 N=2000000000 bins=      64 smem_cooperative_static      conce=1691  conce=1437  conce=1363  conce=1376  conce=1435  hash_=1550  poiso=1689  power=1536  power=1424  sawto=1475  sawto=1474  stale=1436  stale=1436  strid=1476  tempo=1546
  range       F64 N=2000000000 bins=      64 smem_dynamic                 conce=1583  conce=1360  conce=1318  conce=1319  conce=1347  hash_=1443  poiso=1578  power=1438  power=1348  sawto=1320  sawto=1320  stale=1347  stale=1347  strid=1320  tempo=1440
  range       F64 N=2000000000 bins=      64 smem_cooperative_dynamic     conce=1588  conce=1363  conce=1322  conce=1323  conce=1351  hash_=1447  poiso=1583  power=1442  power=1351  sawto=1324  sawto=1324  stale=1350  stale=1350  strid=1324  tempo=1444
  range       F64 N=2000000000 bins=     128 smem_static                  conce=1474  conce=1312  conce=1233  conce=1215  conce=1239  hash_=1360  poiso=1471  power=1364  power=1284  sawto=1107  sawto=1107  stale=1239  stale=1239  strid=1107  tempo=1357
  range       F64 N=2000000000 bins=     128 smem_cooperative_static      conce=1497  conce=1327  conce=1246  conce=1224  conce=1249  hash_=1377  poiso=1494  power=1381  power=1296  sawto=1109  sawto=1109  stale=1250  stale=1250  strid=1109  tempo=1374
  range       F64 N=2000000000 bins=     128 smem_dynamic                 conce=1420  conce=1297  conce=1245  conce=1223  conce=1238  hash_=1313  poiso=1414  power=1319  power=1283  sawto=1224  sawto=1221  stale=1238  stale=1239  strid=1230  tempo=1310
  range       F64 N=2000000000 bins=     128 smem_cooperative_dynamic     conce=1424  conce=1301  conce=1248  conce=1227  conce=1242  hash_=1317  poiso=1419  power=1322  power=1287  sawto=1229  sawto=1226  stale=1242  stale=1242  strid=1233  tempo=1315
  range       F64 N=2000000000 bins=     256 smem_static                  conce=1319  conce=1170  conce=1101  conce=1045  conce=1013  hash_=1224  poiso=1316  power=1230  power=1141  sawto=655  sawto=745  stale=1013  stale=1013  strid=864  tempo=1223
  range       F64 N=2000000000 bins=     256 smem_cooperative_static      conce=1340  conce=1183  conce=1108  conce=1047  conce=1015  hash_=1237  poiso=1337  power=1244  power=1150  sawto=655  sawto=745  stale=1015  stale=1015  strid=864  tempo=1235
  range       F64 N=2000000000 bins=     256 smem_dynamic                 conce=1287  conce=1182  conce=1118  conce=1052  conce=1023  hash_=1200  poiso=1281  power=1204  power=1154  sawto=1109  sawto=1032  stale=1023  stale=1023  strid=1088  tempo=1198
  range       F64 N=2000000000 bins=     256 smem_cooperative_dynamic     conce=1292  conce=1185  conce=1121  conce=1053  conce=1025  hash_=1204  poiso=1285  power=1208  power=1157  sawto=1113  sawto=1034  stale=1024  stale=1024  strid=1091  tempo=1202
  range       F64 N=2000000000 bins=     512 smem_dynamic                 conce=4748  conce=2169  conce=2150  conce=2201  conce=2243  hash_=2230  poiso=4749  power=2181  power=2220  sawto=2292  sawto=2278  stale=2243  stale=2244  strid=2276  tempo=2206
  range       F64 N=2000000000 bins=     512 smem_cooperative_dynamic     conce=4747  conce=2169  conce=2150  conce=2201  conce=2243  hash_=2230  poiso=4748  power=2180  power=2220  sawto=2293  sawto=2277  stale=2243  stale=2243  strid=2277  tempo=2207
  range       F64 N=   1048576 bins=       8 main                              conce=577  conce=494  conce=505  conce=509  conce=540  hash_=507  poiso=567  power=520  power=510  sawto=444  sawto=447  stale=517  stale=508  strid=433  tempo=576
  range       F64 N=   1048576 bins=      16 main                              conce=541  conce=494  conce=498  conce=493  conce=498  hash_=479  poiso=520  power=492  power=494  sawto=497  sawto=491  stale=491  stale=496  strid=478  tempo=542
  range       F64 N=   1048576 bins=      32 main                              conce=501  conce=475  conce=467  conce=453  conce=479  hash_=472  poiso=491  power=489  power=456  sawto=485  sawto=483  stale=457  stale=457  strid=476  tempo=500
  range       F64 N=   1048576 bins=      64 main                              conce=474  conce=425  conce=434  conce=437  conce=441  hash_=433  poiso=460  power=448  power=439  sawto=443  sawto=444  stale=436  stale=440  strid=425  tempo=475
  range       F64 N=   1048576 bins=     128 main                              conce=443  conce=422  conce=414  conce=404  conce=425  hash_=423  poiso=436  power=436  power=422  sawto=396  sawto=397  stale=408  stale=412  strid=382  tempo=443
  range       F64 N=   1048576 bins=     256 main                              conce=418  conce=383  conce=394  conce=377  conce=383  hash_=388  poiso=410  power=400  power=394  sawto=302  sawto=323  stale=368  stale=370  strid=346  tempo=417
  range       F64 N=   1048576 bins=     512 main                              conce=394  conce=306  conce=279  conce=266  conce=285  hash_=320  poiso=388  power=327  power=290  sawto=255  sawto=255  stale=277  stale=280  strid=253  tempo=395
  range       F64 N=  16777216 bins=       8 main                              conce=1993  conce=1502  conce=1489  conce=1502  conce=1552  hash_=1623  poiso=1990  power=1636  power=1500  sawto=1157  sawto=1171  stale=1549  stale=1549  strid=1156  tempo=1994
  range       F64 N=  16777216 bins=      16 main                              conce=1671  conce=1503  conce=1402  conce=1365  conce=1403  hash_=1469  poiso=1668  power=1356  power=1339  sawto=1346  sawto=1364  stale=1404  stale=1404  strid=1345  tempo=1671
  range       F64 N=  16777216 bins=      32 main                              conce=1473  conce=1318  conce=1258  conce=1250  conce=1273  hash_=1343  poiso=1470  power=1343  power=1284  sawto=1315  sawto=1335  stale=1267  stale=1269  strid=1314  tempo=1475
  range       F64 N=  16777216 bins=      64 main                              conce=1318  conce=1126  conce=1062  conce=1072  conce=1130  hash_=1213  poiso=1312  power=1201  power=1117  sawto=1141  sawto=1140  stale=1132  stale=1132  strid=1136  tempo=1319
  range       F64 N=  16777216 bins=     128 main                              conce=1173  conce=1039  conce=989  conce=973  conce=992  hash_=1090  poiso=1166  power=1090  power=1024  sawto=901  sawto=913  stale=992  stale=993  strid=899  tempo=1174
  range       F64 N=  16777216 bins=     256 main                              conce=1060  conce=935  conce=898  conce=850  conce=824  hash_=991  poiso=1055  power=998  power=920  sawto=566  sawto=624  stale=822  stale=823  strid=717  tempo=1061
  range       F64 N=  16777216 bins=     512 main                              conce=978  conce=743  conce=589  conce=548  conce=547  hash_=878  poiso=974  power=833  power=718  sawto=479  sawto=480  stale=556  stale=555  strid=478  tempo=978
  range       F64 N=  67108864 bins=       8 main                              conce=2364  conce=1724  conce=1704  conce=1724  conce=1786  hash_=1874  poiso=2361  power=1897  power=1721  sawto=1283  sawto=1301  stale=1783  stale=1784  strid=1282  tempo=2365
  range       F64 N=  67108864 bins=      16 main                              conce=1952  conce=1735  conce=1605  conce=1549  conce=1594  hash_=1691  poiso=1949  power=1537  power=1524  sawto=1526  sawto=1543  stale=1593  stale=1594  strid=1523  tempo=1952
  range       F64 N=  67108864 bins=      32 main                              conce=1690  conce=1503  conce=1418  conce=1396  conce=1415  hash_=1518  poiso=1689  power=1528  power=1442  sawto=1495  sawto=1510  stale=1415  stale=1415  strid=1494  tempo=1690
  range       F64 N=  67108864 bins=      64 main                              conce=1477  conce=1256  conce=1186  conce=1200  conce=1258  hash_=1353  poiso=1474  power=1344  power=1245  sawto=1279  sawto=1284  stale=1258  stale=1258  strid=1275  tempo=1477
  range       F64 N=  67108864 bins=     128 main                              conce=1307  conce=1161  conce=1096  conce=1082  conce=1106  hash_=1206  poiso=1302  power=1209  power=1137  sawto=973  sawto=984  stale=1105  stale=1105  strid=972  tempo=1307
  range       F64 N=  67108864 bins=     256 main                              conce=1175  conce=1037  conce=980  conce=918  conce=889  hash_=1088  poiso=1170  power=1096  power=1018  sawto=600  sawto=664  stale=889  stale=889  strid=768  tempo=1175
  range       F64 N=  67108864 bins=     512 main                              conce=1087  conce=818  conce=654  conce=621  conce=623  hash_=979  poiso=1081  power=967  power=788  sawto=546  sawto=530  stale=627  stale=626  strid=530  tempo=1087
  range       F64 N= 268435456 bins=       8 main                              conce=2463  conce=1777  conce=1767  conce=1783  conce=1848  hash_=1942  poiso=2462  power=1961  power=1781  sawto=1329  sawto=1348  stale=1849  stale=1849  strid=1328  tempo=2463
  range       F64 N= 268435456 bins=      16 main                              conce=2027  conce=1791  conce=1658  conce=1608  conce=1644  hash_=1757  poiso=2027  power=1590  power=1580  sawto=1578  sawto=1599  stale=1646  stale=1646  strid=1577  tempo=2027
  range       F64 N= 268435456 bins=      32 main                              conce=1742  conce=1558  conce=1469  conce=1437  conce=1457  hash_=1572  poiso=1740  power=1585  power=1492  sawto=1552  sawto=1567  stale=1459  stale=1459  strid=1550  tempo=1742
  range       F64 N= 268435456 bins=      64 main                              conce=1512  conce=1295  conce=1224  conce=1239  conce=1303  hash_=1394  poiso=1510  power=1383  power=1290  sawto=1318  sawto=1328  stale=1305  stale=1305  strid=1316  tempo=1512
  range       F64 N= 268435456 bins=     128 main                              conce=1342  conce=1196  conce=1128  conce=1117  conce=1147  hash_=1237  poiso=1340  power=1241  power=1177  sawto=995  sawto=1007  stale=1148  stale=1149  strid=996  tempo=1342
  range       F64 N= 268435456 bins=     256 main                              conce=1207  conce=1064  conce=1008  conce=939  conce=907  hash_=1115  poiso=1204  power=1121  power=1051  sawto=606  sawto=672  stale=908  stale=908  strid=780  tempo=1207
  range       F64 N= 268435456 bins=     512 main                              conce=1124  conce=849  conce=678  conce=639  conce=644  hash_=1012  poiso=1118  power=1018  power=810  sawto=569  sawto=543  stale=645  stale=645  strid=544  tempo=1123
  range       F64 N=1073741824 bins=       8 main                              conce=2506  conce=1801  conce=1791  conce=1811  conce=1870  hash_=1969  poiso=2504  power=1990  power=1805  sawto=1340  sawto=1359  stale=1873  stale=1872  strid=1339  tempo=2506
  range       F64 N=1073741824 bins=      16 main                              conce=2053  conce=1817  conce=1678  conce=1630  conce=1666  hash_=1779  poiso=2052  power=1612  power=1597  sawto=1601  sawto=1622  stale=1668  stale=1669  strid=1600  tempo=2053
  range       F64 N=1073741824 bins=      32 main                              conce=1766  conce=1575  conce=1489  conce=1453  conce=1476  hash_=1594  poiso=1763  power=1603  power=1511  sawto=1571  sawto=1590  stale=1476  stale=1477  strid=1571  tempo=1765
  range       F64 N=1073741824 bins=      64 main                              conce=1531  conce=1310  conce=1234  conce=1250  conce=1320  hash_=1411  poiso=1528  power=1399  power=1305  sawto=1331  sawto=1343  stale=1321  stale=1322  strid=1329  tempo=1530
  range       F64 N=1073741824 bins=     128 main                              conce=1356  conce=1206  conce=1141  conce=1133  conce=1160  hash_=1248  poiso=1354  power=1250  power=1191  sawto=1001  sawto=1012  stale=1161  stale=1162  strid=1001  tempo=1357
  range       F64 N=1073741824 bins=     256 main                              conce=1217  conce=1075  conce=1017  conce=944  conce=912  hash_=1123  poiso=1215  power=1128  power=1063  sawto=609  sawto=675  stale=913  stale=912  strid=783  tempo=1217
  range       F64 N=1073741824 bins=     512 main                              conce=1138  conce=864  conce=682  conce=644  conce=651  hash_=1026  poiso=1133  power=981  power=816  sawto=576  sawto=546  stale=651  stale=651  strid=548  tempo=1138
  range       F64 N=2000000000 bins=       8 main                              conce=2515  conce=1806  conce=1795  conce=1815  conce=1877  hash_=1976  poiso=2512  power=1997  power=1812  sawto=1341  sawto=1360  stale=1878  stale=1878  strid=1341  tempo=2514
  range       F64 N=2000000000 bins=      16 main                              conce=2058  conce=1824  conce=1683  conce=1633  conce=1672  hash_=1784  poiso=2058  power=1617  power=1601  sawto=1604  sawto=1626  stale=1674  stale=1673  strid=1605  tempo=2058
  range       F64 N=2000000000 bins=      32 main                              conce=1771  conce=1578  conce=1494  conce=1458  conce=1481  hash_=1598  poiso=1769  power=1607  power=1516  sawto=1576  sawto=1596  stale=1481  stale=1482  strid=1576  tempo=1772
  range       F64 N=2000000000 bins=      64 main                              conce=1535  conce=1315  conce=1237  conce=1253  conce=1325  hash_=1416  poiso=1532  power=1403  power=1309  sawto=1334  sawto=1346  stale=1325  stale=1325  strid=1333  tempo=1534
  range       F64 N=2000000000 bins=     128 main                              conce=1360  conce=1208  conce=1144  conce=1136  conce=1164  hash_=1252  poiso=1358  power=1253  power=1195  sawto=1002  sawto=1013  stale=1164  stale=1164  strid=1002  tempo=1359
  range       F64 N=2000000000 bins=     256 main                              conce=1220  conce=1078  conce=1019  conce=945  conce=914  hash_=1126  poiso=1217  power=1130  power=1067  sawto=609  sawto=676  stale=914  stale=914  strid=784  tempo=1220
  range       F64 N=2000000000 bins=     512 main                              conce=1142  conce=866  conce=683  conce=645  conce=653  hash_=1029  poiso=1137  power=1025  power=817  sawto=577  sawto=547  stale=653  stale=653  strid=549  tempo=1142

wrote autocuda/results/cooperative-direct-output-smem-u64/partial_range.json (396 benchmark invocations; branch_commit=f16c464e64d5786de2e0bf536479e0ef9ae57b30-dirty)
  merged ['range', '_meta'] -> autocuda/results/cooperative-direct-output-smem-u64/algo_sweep_full.json (3 binaries)
=== [19:46:46] FIGURES (cumulative through range) ===
  partial results ready: 64 figs covering ['_meta', 'even', 'range']
=== [19:47:48] PERF SWEEP: multi_even ===
main baseline: comparing shapes ['concentrated:0.0', 'concentrated:0.25', 'concentrated:0.5', 'concentrated:0.75', 'concentrated:1.0', 'hash_synonym', 'poison', 'powerlaw:0.25', 'powerlaw:0.75', 'sawtooth', 'sawtooth:8192:2654435761:1', 'stale_resident:0.25', 'stale_resident:0.5', 'strided_sweep', 'temporal_phases:0.10']
  queried input cache: cub.bench.histogram.multi.even.base.u64 I32 N=1048576 -> S=1024
  multi_even  I32 N=   1048576 bins=       8 smem_static                  conce=694  conce=749  conce=812  conce=863  conce=941  hash_=692  poiso=682  power=746  power=861  sawto=936  sawto=932  stale=907  stale=925  strid=918  tempo=716
  multi_even  I32 N=   1048576 bins=       8 smem_cooperative_static      conce=671  conce=719  conce=767  conce=856  conce=867  hash_=666  poiso=666  power=686  power=782  sawto=877  sawto=876  stale=872  stale=876  strid=860  tempo=674
  multi_even  I32 N=   1048576 bins=       8 smem_dynamic                 conce=677  conce=664  conce=715  conce=770  conce=844  hash_=654  poiso=684  power=661  power=740  sawto=853  sawto=853  stale=845  stale=854  strid=819  tempo=670
  multi_even  I32 N=   1048576 bins=       8 smem_cooperative_dynamic     conce=666  conce=664  conce=674  conce=753  conce=822  hash_=658  poiso=664  power=662  power=727  sawto=802  sawto=800  stale=852  stale=850  strid=767  tempo=663
  multi_even  I32 N=   1048576 bins=      16 smem_static                  conce=700  conce=740  conce=838  conce=891  conce=939  hash_=691  poiso=682  power=730  power=841  sawto=939  sawto=938  stale=911  stale=929  strid=921  tempo=718
  multi_even  I32 N=   1048576 bins=      16 smem_cooperative_static      conce=669  conce=743  conce=785  conce=866  conce=862  hash_=665  poiso=667  power=694  power=857  sawto=874  sawto=875  stale=871  stale=873  strid=860  tempo=676
  multi_even  I32 N=   1048576 bins=      16 smem_dynamic                 conce=676  conce=674  conce=734  conce=803  conce=894  hash_=655  poiso=679  power=667  power=773  sawto=882  sawto=887  stale=880  stale=876  strid=871  tempo=670
  multi_even  I32 N=   1048576 bins=      16 smem_cooperative_dynamic     conce=666  conce=665  conce=723  conce=758  conce=854  hash_=658  poiso=664  power=662  power=753  sawto=868  sawto=869  stale=864  stale=868  strid=851  tempo=663
  multi_even  I32 N=   1048576 bins=      32 smem_static                  conce=706  conce=767  conce=849  conce=903  conce=942  hash_=697  poiso=685  power=730  power=896  sawto=948  sawto=944  stale=918  stale=936  strid=926  tempo=719
  multi_even  I32 N=   1048576 bins=      32 smem_cooperative_static      conce=669  conce=753  conce=839  conce=869  conce=863  hash_=666  poiso=668  power=743  power=866  sawto=874  sawto=874  stale=873  stale=876  strid=861  tempo=679
  multi_even  I32 N=   1048576 bins=      32 smem_dynamic                 conce=683  conce=686  conce=756  conce=844  conce=912  hash_=661  poiso=682  power=692  power=813  sawto=896  sawto=900  stale=919  stale=905  strid=887  tempo=671
  multi_even  I32 N=   1048576 bins=      32 smem_cooperative_dynamic     conce=668  conce=665  conce=742  conce=807  conce=857  hash_=654  poiso=662  power=658  power=766  sawto=870  sawto=870  stale=868  stale=872  strid=851  tempo=660
  multi_even  I32 N=   1048576 bins=      64 smem_static                  conce=708  conce=733  conce=820  conce=909  conce=945  hash_=695  poiso=684  power=745  power=907  sawto=946  sawto=941  stale=921  stale=935  strid=931  tempo=718
  multi_even  I32 N=   1048576 bins=      64 smem_cooperative_static      conce=669  conce=731  conce=769  conce=865  conce=864  hash_=669  poiso=667  power=748  power=867  sawto=874  sawto=879  stale=874  stale=883  strid=863  tempo=679
  multi_even  I32 N=   1048576 bins=      64 smem_dynamic                 conce=688  conce=684  conce=726  conce=838  conce=923  hash_=656  poiso=684  power=701  power=837  sawto=893  sawto=901  stale=902  stale=901  strid=885  tempo=671
  multi_even  I32 N=   1048576 bins=      64 smem_cooperative_dynamic     conce=668  conce=663  conce=702  conce=779  conce=857  hash_=654  poiso=662  power=658  power=780  sawto=870  sawto=870  stale=866  stale=871  strid=846  tempo=656
  multi_even  I32 N=   1048576 bins=     128 smem_static                  conce=708  conce=736  conce=813  conce=851  conce=934  hash_=692  poiso=684  power=778  power=909  sawto=912  sawto=912  stale=913  stale=903  strid=907  tempo=713
  multi_even  I32 N=   1048576 bins=     128 smem_cooperative_static      conce=671  conce=721  conce=769  conce=858  conce=863  hash_=670  poiso=669  power=744  power=865  sawto=875  sawto=876  stale=872  stale=873  strid=859  tempo=679
  multi_even  I32 N=   1048576 bins=     128 smem_dynamic                 conce=692  conce=685  conce=724  conce=816  conce=910  hash_=654  poiso=683  power=704  power=840  sawto=874  sawto=875  stale=892  stale=874  strid=854  tempo=671
  multi_even  I32 N=   1048576 bins=     128 smem_cooperative_dynamic     conce=668  conce=666  conce=693  conce=759  conce=855  hash_=658  poiso=664  power=667  power=830  sawto=867  sawto=865  stale=865  stale=869  strid=852  tempo=664
  multi_even  I32 N=   1048576 bins=     256 smem_static                  conce=706  conce=776  conce=841  conce=892  conce=927  hash_=688  poiso=681  power=791  power=903  sawto=914  sawto=915  stale=897  stale=911  strid=896  tempo=708
  multi_even  I32 N=   1048576 bins=     256 smem_cooperative_static      conce=669  conce=754  conce=833  conce=867  conce=861  hash_=665  poiso=668  power=751  power=868  sawto=870  sawto=871  stale=871  stale=871  strid=858  tempo=673
  multi_even  I32 N=   1048576 bins=     256 smem_dynamic                 conce=678  conce=685  conce=759  conce=851  conce=895  hash_=645  poiso=681  power=691  power=848  sawto=871  sawto=873  stale=885  stale=875  strid=850  tempo=668
  multi_even  I32 N=   1048576 bins=     256 smem_cooperative_dynamic     conce=668  conce=669  conce=751  conce=823  conce=856  hash_=659  poiso=665  power=670  power=844  sawto=868  sawto=869  stale=865  stale=870  strid=853  tempo=664
  multi_even  I32 N=   1048576 bins=     512 smem_dynamic                 conce=676  conce=685  conce=757  conce=846  conce=875  hash_=641  poiso=681  power=694  power=849  sawto=863  sawto=862  stale=851  stale=865  strid=828  tempo=667
  multi_even  I32 N=   1048576 bins=     512 smem_cooperative_dynamic     conce=667  conce=667  conce=753  conce=827  conce=853  hash_=659  poiso=666  power=672  power=839  sawto=864  sawto=862  stale=865  stale=865  strid=848  tempo=664
  queried input cache: cub.bench.histogram.multi.even.base.u64 I32 N=16777216 -> S=1024
  multi_even  I32 N=  16777216 bins=       8 smem_static                  conce=1486  conce=1688  conce=2091  conce=2547  conce=3047  hash_=1528  poiso=1484  power=1585  power=2259  sawto=3009  sawto=3015  stale=3042  stale=3047  strid=2995  tempo=1535
  multi_even  I32 N=  16777216 bins=       8 smem_cooperative_static      conce=1485  conce=1678  conce=2083  conce=2516  conce=3006  hash_=1527  poiso=1484  power=1583  power=2255  sawto=2988  sawto=2989  stale=3007  stale=3014  strid=2975  tempo=1534
  multi_even  I32 N=  16777216 bins=       8 smem_dynamic                 conce=1450  conce=1415  conce=1581  conce=1850  conce=2394  hash_=1411  poiso=1448  power=1413  power=1706  sawto=2192  sawto=2189  stale=2383  stale=2387  strid=2181  tempo=1416
  multi_even  I32 N=  16777216 bins=       8 smem_cooperative_dynamic     conce=1442  conce=1417  conce=1578  conce=1847  conce=2369  hash_=1414  poiso=1442  power=1415  power=1708  sawto=2187  sawto=2187  stale=2373  stale=2375  strid=2174  tempo=1416
  multi_even  I32 N=  16777216 bins=      16 smem_static                  conce=1486  conce=1741  conce=2281  conce=2801  conce=3060  hash_=1535  poiso=1484  power=1644  power=2524  sawto=3081  sawto=3079  stale=3058  stale=3060  strid=3061  tempo=1543
  multi_even  I32 N=  16777216 bins=      16 smem_cooperative_static      conce=1485  conce=1739  conce=2265  conce=2794  conce=3025  hash_=1534  poiso=1485  power=1644  power=2506  sawto=3056  sawto=3058  stale=3024  stale=3033  strid=3034  tempo=1537
  multi_even  I32 N=  16777216 bins=      16 smem_dynamic                 conce=1450  conce=1445  conce=1697  conce=2067  conce=2735  hash_=1416  poiso=1448  power=1431  power=1879  sawto=2850  sawto=2851  stale=2729  stale=2732  strid=2843  tempo=1420
  multi_even  I32 N=  16777216 bins=      16 smem_cooperative_dynamic     conce=1442  conce=1440  conce=1692  conce=2056  conce=2716  hash_=1415  poiso=1441  power=1424  power=1882  sawto=2820  sawto=2821  stale=2722  stale=2723  strid=2808  tempo=1418
  multi_even  I32 N=  16777216 bins=      32 smem_static                  conce=1486  conce=1816  conce=2385  conce=2988  conce=3068  hash_=1542  poiso=1486  power=1707  power=2750  sawto=3085  sawto=3081  stale=3066  stale=3071  strid=3062  tempo=1547
  multi_even  I32 N=  16777216 bins=      32 smem_cooperative_static      conce=1485  conce=1810  conce=2374  conce=2975  conce=3038  hash_=1535  poiso=1485  power=1705  power=2728  sawto=3061  sawto=3061  stale=3044  stale=3050  strid=3040  tempo=1540
  multi_even  I32 N=  16777216 bins=      32 smem_dynamic                 conce=1452  conce=1481  conce=1772  conce=2282  conce=2872  hash_=1418  poiso=1450  power=1452  power=2061  sawto=2938  sawto=2937  stale=2878  stale=2877  strid=2929  tempo=1423
  multi_even  I32 N=  16777216 bins=      32 smem_cooperative_dynamic     conce=1442  conce=1475  conce=1772  conce=2263  conce=2850  hash_=1416  poiso=1442  power=1443  power=2054  sawto=2908  sawto=2907  stale=2859  stale=2864  strid=2896  tempo=1418
  multi_even  I32 N=  16777216 bins=      64 smem_static                  conce=1486  conce=1681  conce=2128  conce=2843  conce=3074  hash_=1535  poiso=1485  power=1770  power=2844  sawto=3082  sawto=3081  stale=3069  stale=3074  strid=3061  tempo=1542
  multi_even  I32 N=  16777216 bins=      64 smem_cooperative_static      conce=1485  conce=1677  conce=2115  conce=2815  conce=3040  hash_=1532  poiso=1485  power=1769  power=2814  sawto=3060  sawto=3058  stale=3048  stale=3055  strid=3041  tempo=1537
  multi_even  I32 N=  16777216 bins=      64 smem_dynamic                 conce=1451  conce=1444  conce=1647  conce=2206  conce=2877  hash_=1414  poiso=1450  power=1475  power=2210  sawto=2937  sawto=2935  stale=2880  stale=2885  strid=2923  tempo=1419
  multi_even  I32 N=  16777216 bins=      64 smem_cooperative_dynamic     conce=1443  conce=1441  conce=1647  conce=2202  conce=2857  hash_=1414  poiso=1442  power=1468  power=2204  sawto=2907  sawto=2906  stale=2869  stale=2874  strid=2895  tempo=1417
  multi_even  I32 N=  16777216 bins=     128 smem_static                  conce=1486  conce=1695  conce=2094  conce=2747  conce=3070  hash_=1532  poiso=1485  power=1835  power=2938  sawto=3081  sawto=3080  stale=3066  stale=3072  strid=3060  tempo=1540
  multi_even  I32 N=  16777216 bins=     128 smem_cooperative_static      conce=1485  conce=1683  conce=2091  conce=2729  conce=3044  hash_=1530  poiso=1485  power=1831  power=2906  sawto=3058  sawto=3058  stale=3048  stale=3054  strid=3036  tempo=1535
  multi_even  I32 N=  16777216 bins=     128 smem_dynamic                 conce=1452  conce=1444  conce=1636  conce=2162  conce=2881  hash_=1413  poiso=1450  power=1501  power=2356  sawto=2935  sawto=2936  stale=2877  stale=2884  strid=2927  tempo=1417
  multi_even  I32 N=  16777216 bins=     128 smem_cooperative_dynamic     conce=1444  conce=1439  conce=1631  conce=2153  conce=2865  hash_=1413  poiso=1443  power=1495  power=2343  sawto=2908  sawto=2908  stale=2874  stale=2875  strid=2896  tempo=1416
  multi_even  I32 N=  16777216 bins=     256 smem_static                  conce=1486  conce=1877  conce=2421  conce=2955  conce=3072  hash_=1529  poiso=1484  power=1901  power=2987  sawto=3076  sawto=3076  stale=3065  stale=3070  strid=3059  tempo=1538
  multi_even  I32 N=  16777216 bins=     256 smem_cooperative_static      conce=1483  conce=1881  conce=2420  conce=2930  conce=3041  hash_=1530  poiso=1485  power=1889  power=2978  sawto=3056  sawto=3056  stale=3047  stale=3053  strid=3038  tempo=1535
  multi_even  I32 N=  16777216 bins=     256 smem_dynamic                 conce=1453  conce=1530  conce=1870  conce=2440  conce=2884  hash_=1413  poiso=1451  power=1528  power=2477  sawto=2936  sawto=2932  stale=2875  stale=2882  strid=2925  tempo=1417
  multi_even  I32 N=  16777216 bins=     256 smem_cooperative_dynamic     conce=1445  conce=1526  conce=1868  conce=2433  conce=2866  hash_=1413  poiso=1443  power=1531  power=2457  sawto=2905  sawto=2904  stale=2875  stale=2876  strid=2894  tempo=1416
  multi_even  I32 N=  16777216 bins=     512 smem_dynamic                 conce=1452  conce=1506  conce=1849  conce=2518  conce=2874  hash_=1411  poiso=1450  power=1559  power=2566  sawto=2924  sawto=2921  stale=2879  stale=2880  strid=2905  tempo=1415
  multi_even  I32 N=  16777216 bins=     512 smem_cooperative_dynamic     conce=1443  conce=1501  conce=1846  conce=2504  conce=2858  hash_=1414  poiso=1441  power=1561  power=2567  sawto=2899  sawto=2898  stale=2866  stale=2872  strid=2887  tempo=1416
  queried input cache: cub.bench.histogram.multi.even.base.u64 I32 N=67108864 -> S=1024
  multi_even  I32 N=  67108864 bins=       8 smem_static                  conce=1586  conce=1824  conce=2299  conce=2881  conce=3673  hash_=1643  poiso=1586  power=1705  power=2512  sawto=3559  sawto=3569  stale=3676  stale=3676  strid=3554  tempo=1646
  multi_even  I32 N=  67108864 bins=       8 smem_cooperative_static      conce=1585  conce=1824  conce=2296  conce=2877  conce=3664  hash_=1643  poiso=1584  power=1704  power=2511  sawto=3554  sawto=3563  stale=3670  stale=3672  strid=3549  tempo=1645
  multi_even  I32 N=  67108864 bins=       8 smem_dynamic                 conce=1545  conce=1511  conce=1698  conce=2023  conce=2692  hash_=1510  poiso=1545  power=1507  power=1848  sawto=2435  sawto=2436  stale=2694  stale=2694  strid=2432  tempo=1510
  multi_even  I32 N=  67108864 bins=       8 smem_cooperative_dynamic     conce=1544  conce=1510  conce=1697  conce=2022  conce=2688  hash_=1509  poiso=1543  power=1506  power=1847  sawto=2433  sawto=2433  stale=2693  stale=2693  strid=2431  tempo=1509
  multi_even  I32 N=  67108864 bins=      16 smem_static                  conce=1586  conce=1885  conce=2535  conce=3248  conce=3723  hash_=1650  poiso=1586  power=1772  power=2863  sawto=3756  sawto=3753  stale=3705  stale=3708  strid=3749  tempo=1654
  multi_even  I32 N=  67108864 bins=      16 smem_cooperative_static      conce=1585  conce=1884  conce=2533  conce=3242  conce=3712  hash_=1650  poiso=1584  power=1771  power=2858  sawto=3740  sawto=3743  stale=3696  stale=3697  strid=3735  tempo=1652
  multi_even  I32 N=  67108864 bins=      16 smem_dynamic                 conce=1545  conce=1545  conce=1834  conce=2287  conce=3162  hash_=1513  poiso=1545  power=1525  power=2056  sawto=3339  sawto=3337  stale=3163  stale=3164  strid=3333  tempo=1514
  multi_even  I32 N=  67108864 bins=      16 smem_cooperative_dynamic     conce=1544  conce=1543  conce=1834  conce=2285  conce=3157  hash_=1512  poiso=1543  power=1524  power=2054  sawto=3335  sawto=3334  stale=3162  stale=3162  strid=3329  tempo=1513
  multi_even  I32 N=  67108864 bins=      32 smem_static                  conce=1586  conce=1976  conce=2674  conce=3528  conce=3741  hash_=1655  poiso=1585  power=1845  power=3174  sawto=3753  sawto=3750  stale=3713  stale=3715  strid=3747  tempo=1657
  multi_even  I32 N=  67108864 bins=      32 smem_cooperative_static      conce=1585  conce=1974  conce=2671  conce=3526  conce=3732  hash_=1654  poiso=1585  power=1844  power=3170  sawto=3737  sawto=3734  stale=3701  stale=3702  strid=3730  tempo=1656
  multi_even  I32 N=  67108864 bins=      32 smem_dynamic                 conce=1546  conce=1580  conce=1925  conce=2557  conce=3377  hash_=1515  poiso=1545  power=1549  power=2278  sawto=3458  sawto=3458  stale=3378  stale=3379  strid=3453  tempo=1515
  multi_even  I32 N=  67108864 bins=      32 smem_cooperative_dynamic     conce=1544  conce=1581  conce=1923  conce=2553  conce=3369  hash_=1515  poiso=1543  power=1548  power=2279  sawto=3456  sawto=3457  stale=3374  stale=3376  strid=3447  tempo=1515
  multi_even  I32 N=  67108864 bins=      64 smem_static                  conce=1586  conce=1816  conce=2341  conce=3307  conce=3754  hash_=1649  poiso=1586  power=1920  power=3303  sawto=3755  sawto=3752  stale=3731  stale=3731  strid=3748  tempo=1653
  multi_even  I32 N=  67108864 bins=      64 smem_cooperative_static      conce=1586  conce=1816  conce=2339  conce=3306  conce=3746  hash_=1649  poiso=1585  power=1919  power=3303  sawto=3739  sawto=3737  stale=3720  stale=3720  strid=3730  tempo=1652
  multi_even  I32 N=  67108864 bins=      64 smem_dynamic                 conce=1546  conce=1545  conce=1778  conce=2468  conce=3391  hash_=1511  poiso=1545  power=1577  power=2471  sawto=3459  sawto=3459  stale=3395  stale=3398  strid=3456  tempo=1513
  multi_even  I32 N=  67108864 bins=      64 smem_cooperative_dynamic     conce=1545  conce=1544  conce=1778  conce=2465  conce=3387  hash_=1510  poiso=1544  power=1575  power=2469  sawto=3455  sawto=3456  stale=3394  stale=3395  strid=3449  tempo=1512
  multi_even  I32 N=  67108864 bins=     128 smem_static                  conce=1586  conce=1830  conce=2306  conce=3179  conce=3762  hash_=1649  poiso=1586  power=1997  power=3442  sawto=3753  sawto=3751  stale=3738  stale=3739  strid=3743  tempo=1650
  multi_even  I32 N=  67108864 bins=     128 smem_cooperative_static      conce=1585  conce=1828  conce=2305  conce=3175  conce=3754  hash_=1646  poiso=1585  power=1995  power=3440  sawto=3739  sawto=3737  stale=3727  stale=3729  strid=3730  tempo=1650
  multi_even  I32 N=  67108864 bins=     128 smem_dynamic                 conce=1545  conce=1540  conce=1762  conce=2409  conce=3403  hash_=1510  poiso=1545  power=1607  power=2651  sawto=3457  sawto=3455  stale=3406  stale=3408  strid=3451  tempo=1511
  multi_even  I32 N=  67108864 bins=     128 smem_cooperative_dynamic     conce=1544  conce=1540  conce=1762  conce=2408  conce=3396  hash_=1508  poiso=1543  power=1607  power=2648  sawto=3455  sawto=3452  stale=3401  stale=3402  strid=3449  tempo=1510
  multi_even  I32 N=  67108864 bins=     256 smem_static                  conce=1586  conce=2053  conce=2729  conce=3477  conce=3765  hash_=1647  poiso=1585  power=2073  power=3547  sawto=3749  sawto=3750  stale=3741  stale=3744  strid=3742  tempo=1650
  multi_even  I32 N=  67108864 bins=     256 smem_cooperative_static      conce=1586  conce=2051  conce=2727  conce=3474  conce=3756  hash_=1645  poiso=1585  power=2072  power=3543  sawto=3739  sawto=3737  stale=3734  stale=3737  strid=3730  tempo=1649
  multi_even  I32 N=  67108864 bins=     256 smem_dynamic                 conce=1547  conce=1639  conce=2045  conce=2776  conce=3412  hash_=1511  poiso=1546  power=1642  power=2816  sawto=3461  sawto=3458  stale=3416  stale=3416  strid=3450  tempo=1512
  multi_even  I32 N=  67108864 bins=     256 smem_cooperative_dynamic     conce=1547  conce=1638  conce=2046  conce=2772  conce=3405  hash_=1511  poiso=1547  power=1643  power=2816  sawto=3456  sawto=3456  stale=3414  stale=3411  strid=3448  tempo=1510
  multi_even  I32 N=  67108864 bins=     512 smem_dynamic                 conce=1546  conce=1612  conce=2026  conce=2894  conce=3413  hash_=1511  poiso=1546  power=1679  power=2952  sawto=3456  sawto=3453  stale=3419  stale=3416  strid=3447  tempo=1511
  multi_even  I32 N=  67108864 bins=     512 smem_cooperative_dynamic     conce=1546  conce=1609  conce=2022  conce=2888  conce=3404  hash_=1510  poiso=1547  power=1678  power=2948  sawto=3455  sawto=3454  stale=3408  stale=3410  strid=3442  tempo=1510
  queried input cache: cub.bench.histogram.multi.even.base.u64 I32 N=268435456 -> S=1024
  multi_even  I32 N= 268435456 bins=       8 smem_static                  conce=1612  conce=1867  conce=2354  conce=2960  conce=3884  hash_=1676  poiso=1612  power=1741  power=2571  sawto=3742  sawto=3754  stale=3882  stale=3885  strid=3734  tempo=1678
  multi_even  I32 N= 268435456 bins=       8 smem_cooperative_static      conce=1612  conce=1867  conce=2353  conce=2960  conce=3883  hash_=1675  poiso=1612  power=1740  power=2570  sawto=3738  sawto=3751  stale=3882  stale=3887  strid=3733  tempo=1678
  multi_even  I32 N= 268435456 bins=       8 smem_dynamic                 conce=1568  conce=1535  conce=1729  conce=2070  conce=2796  hash_=1533  poiso=1568  power=1531  power=1886  sawto=2511  sawto=2511  stale=2796  stale=2798  strid=2510  tempo=1533
  multi_even  I32 N= 268435456 bins=       8 smem_cooperative_dynamic     conce=1568  conce=1535  conce=1729  conce=2069  conce=2795  hash_=1533  poiso=1568  power=1531  power=1886  sawto=2511  sawto=2511  stale=2794  stale=2796  strid=2510  tempo=1533
  multi_even  I32 N= 268435456 bins=      16 smem_static                  conce=1612  conce=1932  conce=2596  conce=3383  conce=3920  hash_=1684  poiso=1612  power=1813  power=2941  sawto=4029  sawto=4029  stale=3922  stale=3922  strid=4028  tempo=1686
  multi_even  I32 N= 268435456 bins=      16 smem_cooperative_static      conce=1612  conce=1932  conce=2595  conce=3379  conce=3919  hash_=1683  poiso=1612  power=1813  power=2941  sawto=4026  sawto=4026  stale=3920  stale=3920  strid=4024  tempo=1686
  multi_even  I32 N= 268435456 bins=      16 smem_dynamic                 conce=1568  conce=1570  conce=1872  conce=2353  conce=3327  hash_=1538  poiso=1568  power=1550  power=2105  sawto=3527  sawto=3526  stale=3324  stale=3327  strid=3521  tempo=1537
  multi_even  I32 N= 268435456 bins=      16 smem_cooperative_dynamic     conce=1568  conce=1570  conce=1872  conce=2352  conce=3325  hash_=1537  poiso=1568  power=1550  power=2105  sawto=3525  sawto=3525  stale=3325  stale=3326  strid=3521  tempo=1537
  multi_even  I32 N= 268435456 bins=      32 smem_static                  conce=1612  conce=2026  conce=2740  conce=3711  conce=3947  hash_=1688  poiso=1612  power=1890  power=3297  sawto=4024  sawto=4027  stale=3951  stale=3953  strid=4026  tempo=1690
  multi_even  I32 N= 268435456 bins=      32 smem_cooperative_static      conce=1612  conce=2025  conce=2739  conce=3711  conce=3948  hash_=1687  poiso=1612  power=1889  power=3297  sawto=4023  sawto=4024  stale=3950  stale=3947  strid=4024  tempo=1690
  multi_even  I32 N= 268435456 bins=      32 smem_dynamic                 conce=1569  conce=1606  conce=1967  conce=2645  conce=3544  hash_=1539  poiso=1568  power=1574  power=2343  sawto=3621  sawto=3622  stale=3543  stale=3546  strid=3618  tempo=1539
  multi_even  I32 N= 268435456 bins=      32 smem_cooperative_dynamic     conce=1568  conce=1606  conce=1967  conce=2645  conce=3543  hash_=1539  poiso=1568  power=1574  power=2343  sawto=3621  sawto=3624  stale=3542  stale=3546  strid=3619  tempo=1539
  multi_even  I32 N= 268435456 bins=      64 smem_static                  conce=1613  conce=1859  conce=2399  conce=3455  conce=3978  hash_=1682  poiso=1612  power=1969  power=3449  sawto=4025  sawto=4025  stale=3978  stale=3980  strid=4026  tempo=1685
  multi_even  I32 N= 268435456 bins=      64 smem_cooperative_static      conce=1612  conce=1858  conce=2398  conce=3454  conce=3977  hash_=1683  poiso=1611  power=1969  power=3448  sawto=4026  sawto=4025  stale=3977  stale=3976  strid=4023  tempo=1685
  multi_even  I32 N= 268435456 bins=      64 smem_dynamic                 conce=1568  conce=1569  conce=1813  conce=2548  conce=3569  hash_=1536  poiso=1568  power=1603  power=2551  sawto=3623  sawto=3624  stale=3570  stale=3573  strid=3618  tempo=1536
  multi_even  I32 N= 268435456 bins=      64 smem_cooperative_dynamic     conce=1568  conce=1569  conce=1813  conce=2547  conce=3570  hash_=1536  poiso=1568  power=1602  power=2550  sawto=3620  sawto=3620  stale=3570  stale=3573  strid=3615  tempo=1536
  multi_even  I32 N= 268435456 bins=     128 smem_static                  conce=1613  conce=1873  conce=2364  conce=3306  conce=3994  hash_=1681  poiso=1612  power=2049  power=3610  sawto=4024  sawto=4027  stale=3996  stale=3998  strid=4026  tempo=1683
  multi_even  I32 N= 268435456 bins=     128 smem_cooperative_static      conce=1612  conce=1873  conce=2363  conce=3303  conce=3993  hash_=1680  poiso=1612  power=2048  power=3608  sawto=4023  sawto=4022  stale=3996  stale=3997  strid=4023  tempo=1683
  multi_even  I32 N= 268435456 bins=     128 smem_dynamic                 conce=1568  conce=1566  conce=1796  conce=2484  conce=3590  hash_=1534  poiso=1568  power=1634  power=2750  sawto=3621  sawto=3620  stale=3587  stale=3592  strid=3616  tempo=1534
  multi_even  I32 N= 268435456 bins=     128 smem_cooperative_dynamic     conce=1568  conce=1565  conce=1796  conce=2484  conce=3589  hash_=1534  poiso=1568  power=1635  power=2749  sawto=3621  sawto=3621  stale=3589  stale=3591  strid=3615  tempo=1534
  multi_even  I32 N= 268435456 bins=     256 smem_static                  conce=1612  conce=2108  conce=2800  conce=3654  conce=4005  hash_=1679  poiso=1612  power=2128  power=3734  sawto=4026  sawto=4024  stale=4007  stale=4005  strid=4026  tempo=1681
  multi_even  I32 N= 268435456 bins=     256 smem_cooperative_static      conce=1612  conce=2107  conce=2799  conce=3653  conce=4003  hash_=1679  poiso=1612  power=2128  power=3735  sawto=4021  sawto=4023  stale=4004  stale=4004  strid=4023  tempo=1681
  multi_even  I32 N= 268435456 bins=     256 smem_dynamic                 conce=1569  conce=1668  conce=2093  conce=2886  conce=3601  hash_=1535  poiso=1569  power=1671  power=2933  sawto=3619  sawto=3622  stale=3601  stale=3604  strid=3620  tempo=1535
  multi_even  I32 N= 268435456 bins=     256 smem_cooperative_dynamic     conce=1569  conce=1668  conce=2094  conce=2887  conce=3599  hash_=1535  poiso=1569  power=1672  power=2933  sawto=3620  sawto=3620  stale=3599  stale=3602  strid=3618  tempo=1535
  multi_even  I32 N= 268435456 bins=     512 smem_dynamic                 conce=1569  conce=1639  conce=2073  conce=3019  conce=3605  hash_=1535  poiso=1569  power=1710  power=3088  sawto=3620  sawto=3620  stale=3605  stale=3608  strid=3617  tempo=1534
  multi_even  I32 N= 268435456 bins=     512 smem_cooperative_dynamic     conce=1569  conce=1639  conce=2072  conce=3019  conce=3604  hash_=1534  poiso=1569  power=1710  power=3088  sawto=3620  sawto=3621  stale=3603  stale=3607  strid=3616  tempo=1535
  queried input cache: cub.bench.histogram.multi.even.base.u64 I32 N=1073741824 -> S=1024
  multi_even  I32 N=1073741824 bins=       8 smem_static                  conce=1619  conce=1879  conce=2374  conce=2997  conce=3967  hash_=1686  poiso=1619  power=1751  power=2596  sawto=3807  sawto=3822  stale=3967  stale=3969  strid=3807  tempo=1687
  multi_even  I32 N=1073741824 bins=       8 smem_cooperative_static      conce=1619  conce=1879  conce=2374  conce=2996  conce=3966  hash_=1686  poiso=1619  power=1751  power=2596  sawto=3808  sawto=3820  stale=3968  stale=3967  strid=3805  tempo=1687
  multi_even  I32 N=1073741824 bins=       8 smem_dynamic                 conce=1575  conce=1542  conce=1738  conce=2083  conce=2824  hash_=1540  poiso=1575  power=1537  power=1897  sawto=2532  sawto=2532  stale=2825  stale=2824  strid=2531  tempo=1540
  multi_even  I32 N=1073741824 bins=       8 smem_cooperative_dynamic     conce=1575  conce=1542  conce=1738  conce=2083  conce=2823  hash_=1540  poiso=1575  power=1537  power=1897  sawto=2532  sawto=2531  stale=2824  stale=2823  strid=2531  tempo=1540
  multi_even  I32 N=1073741824 bins=      16 smem_static                  conce=1620  conce=1946  conce=2622  conce=3433  conce=4005  hash_=1694  poiso=1619  power=1824  power=2976  sawto=4123  sawto=4124  stale=4006  stale=4006  strid=4121  tempo=1696
  multi_even  I32 N=1073741824 bins=      16 smem_cooperative_static      conce=1619  conce=1946  conce=2621  conce=3433  conce=4004  hash_=1694  poiso=1619  power=1824  power=2977  sawto=4123  sawto=4123  stale=4005  stale=4004  strid=4123  tempo=1696
  multi_even  I32 N=1073741824 bins=      16 smem_dynamic                 conce=1575  conce=1577  conce=1882  conce=2371  conce=3374  hash_=1545  poiso=1575  power=1557  power=2119  sawto=3580  sawto=3582  stale=3373  stale=3373  strid=3579  tempo=1544
  multi_even  I32 N=1073741824 bins=      16 smem_cooperative_dynamic     conce=1575  conce=1577  conce=1882  conce=2371  conce=3373  hash_=1544  poiso=1575  power=1557  power=2120  sawto=3582  sawto=3581  stale=3373  stale=3373  strid=3580  tempo=1544
  multi_even  I32 N=1073741824 bins=      32 smem_static                  conce=1619  conce=2041  conce=2768  conce=3781  conce=4035  hash_=1698  poiso=1620  power=1902  power=3343  sawto=4122  sawto=4121  stale=4035  stale=4034  strid=4120  tempo=1700
  multi_even  I32 N=1073741824 bins=      32 smem_cooperative_static      conce=1619  conce=2040  conce=2768  conce=3781  conce=4033  hash_=1697  poiso=1619  power=1902  power=3344  sawto=4121  sawto=4121  stale=4035  stale=4036  strid=4119  tempo=1700
  multi_even  I32 N=1073741824 bins=      32 smem_dynamic                 conce=1575  conce=1614  conce=1979  conce=2670  conce=3606  hash_=1547  poiso=1575  power=1581  power=2361  sawto=3682  sawto=3683  stale=3608  stale=3608  strid=3682  tempo=1546
  multi_even  I32 N=1073741824 bins=      32 smem_cooperative_dynamic     conce=1575  conce=1614  conce=1978  conce=2670  conce=3605  hash_=1546  poiso=1575  power=1581  power=2361  sawto=3683  sawto=3682  stale=3607  stale=3607  strid=3680  tempo=1546
  multi_even  I32 N=1073741824 bins=      64 smem_static                  conce=1619  conce=1871  conce=2420  conce=3508  conce=4068  hash_=1693  poiso=1619  power=1982  power=3505  sawto=4123  sawto=4120  stale=4068  stale=4070  strid=4122  tempo=1695
  multi_even  I32 N=1073741824 bins=      64 smem_cooperative_static      conce=1620  conce=1871  conce=2420  conce=3507  conce=4068  hash_=1693  poiso=1619  power=1982  power=3503  sawto=4121  sawto=4119  stale=4068  stale=4070  strid=4120  tempo=1695
  multi_even  I32 N=1073741824 bins=      64 smem_dynamic                 conce=1575  conce=1577  conce=1823  conce=2570  conce=3634  hash_=1543  poiso=1575  power=1610  power=2572  sawto=3683  sawto=3683  stale=3635  stale=3636  strid=3680  tempo=1543
  multi_even  I32 N=1073741824 bins=      64 smem_cooperative_dynamic     conce=1575  conce=1577  conce=1822  conce=2570  conce=3632  hash_=1543  poiso=1575  power=1610  power=2573  sawto=3683  sawto=3682  stale=3633  stale=3635  strid=3682  tempo=1543
  multi_even  I32 N=1073741824 bins=     128 smem_static                  conce=1619  conce=1885  conce=2384  conce=3353  conce=4091  hash_=1691  poiso=1619  power=2063  power=3676  sawto=4121  sawto=4122  stale=4091  stale=4091  strid=4121  tempo=1693
  multi_even  I32 N=1073741824 bins=     128 smem_cooperative_static      conce=1619  conce=1885  conce=2384  conce=3353  conce=4088  hash_=1690  poiso=1619  power=2063  power=3674  sawto=4120  sawto=4121  stale=4092  stale=4089  strid=4122  tempo=1693
  multi_even  I32 N=1073741824 bins=     128 smem_dynamic                 conce=1575  conce=1573  conce=1805  conce=2505  conce=3653  hash_=1542  poiso=1575  power=1642  power=2777  sawto=3681  sawto=3682  stale=3655  stale=3655  strid=3681  tempo=1541
  multi_even  I32 N=1073741824 bins=     128 smem_cooperative_dynamic     conce=1575  conce=1573  conce=1806  conce=2505  conce=3654  hash_=1542  poiso=1575  power=1642  power=2777  sawto=3685  sawto=3685  stale=3654  stale=3654  strid=3680  tempo=1541
  multi_even  I32 N=1073741824 bins=     256 smem_static                  conce=1619  conce=2124  conce=2832  conce=3722  conce=4101  hash_=1689  poiso=1619  power=2144  power=3808  sawto=4119  sawto=4122  stale=4103  stale=4103  strid=4120  tempo=1691
  multi_even  I32 N=1073741824 bins=     256 smem_cooperative_static      conce=1619  conce=2123  conce=2830  conce=3722  conce=4103  hash_=1689  poiso=1619  power=2145  power=3810  sawto=4119  sawto=4121  stale=4102  stale=4102  strid=4120  tempo=1691
  multi_even  I32 N=1073741824 bins=     256 smem_dynamic                 conce=1576  conce=1676  conce=2107  conce=2918  conce=3665  hash_=1542  poiso=1576  power=1679  power=2966  sawto=3684  sawto=3683  stale=3666  stale=3666  strid=3682  tempo=1542
  multi_even  I32 N=1073741824 bins=     256 smem_cooperative_dynamic     conce=1576  conce=1677  conce=2107  conce=2917  conce=3666  hash_=1542  poiso=1577  power=1680  power=2966  sawto=3684  sawto=3685  stale=3667  stale=3665  strid=3682  tempo=1542
  multi_even  I32 N=1073741824 bins=     512 smem_dynamic                 conce=1577  conce=1648  conce=2085  conce=3055  conce=3672  hash_=1542  poiso=1577  power=1718  power=3127  sawto=3684  sawto=3685  stale=3672  stale=3672  strid=3682  tempo=1541
  multi_even  I32 N=1073741824 bins=     512 smem_cooperative_dynamic     conce=1577  conce=1648  conce=2086  conce=3055  conce=3671  hash_=1542  poiso=1576  power=1718  power=3127  sawto=3682  sawto=3683  stale=3673  stale=3673  strid=3682  tempo=1541
  queried input cache: cub.bench.histogram.multi.even.base.u64 I32 N=2000000000 -> S=1024
  multi_even  I32 N=2000000000 bins=       8 smem_static                  conce=1621  conce=1881  conce=2378  conce=3003  conce=3981  hash_=1687  poiso=1621  power=1753  power=2601  sawto=3820  sawto=3833  stale=3983  stale=3981  strid=3819  tempo=1689
  multi_even  I32 N=2000000000 bins=       8 smem_cooperative_static      conce=1620  conce=1881  conce=2377  conce=3002  conce=3982  hash_=1687  poiso=1620  power=1753  power=2601  sawto=3818  sawto=3832  stale=3980  stale=3980  strid=3820  tempo=1689
  multi_even  I32 N=2000000000 bins=       8 smem_dynamic                 conce=1576  conce=1543  conce=1740  conce=2085  conce=2829  hash_=1542  poiso=1576  power=1539  power=1899  sawto=2535  sawto=2535  stale=2828  stale=2829  strid=2535  tempo=1541
  multi_even  I32 N=2000000000 bins=       8 smem_cooperative_dynamic     conce=1577  conce=1543  conce=1740  conce=2085  conce=2829  hash_=1542  poiso=1576  power=1538  power=1899  sawto=2535  sawto=2535  stale=2828  stale=2829  strid=2535  tempo=1541
  multi_even  I32 N=2000000000 bins=      16 smem_static                  conce=1621  conce=1948  conce=2625  conce=3441  conce=4017  hash_=1696  poiso=1621  power=1826  power=2983  sawto=4140  sawto=4139  stale=4019  stale=4018  strid=4138  tempo=1697
  multi_even  I32 N=2000000000 bins=      16 smem_cooperative_static      conce=1620  conce=1948  conce=2626  conce=3440  conce=4019  hash_=1695  poiso=1620  power=1826  power=2983  sawto=4140  sawto=4139  stale=4017  stale=4019  strid=4138  tempo=1697
  multi_even  I32 N=2000000000 bins=      16 smem_dynamic                 conce=1577  conce=1578  conce=1884  conce=2374  conce=3380  hash_=1545  poiso=1577  power=1558  power=2121  sawto=3588  sawto=3589  stale=3381  stale=3381  strid=3588  tempo=1545
  multi_even  I32 N=2000000000 bins=      16 smem_cooperative_dynamic     conce=1577  conce=1579  conce=1884  conce=2374  conce=3380  hash_=1546  poiso=1576  power=1558  power=2122  sawto=3588  sawto=3588  stale=3381  stale=3381  strid=3590  tempo=1545
  multi_even  I32 N=2000000000 bins=      32 smem_static                  conce=1621  conce=2043  conce=2773  conce=3795  conce=4047  hash_=1700  poiso=1621  power=1904  power=3352  sawto=4135  sawto=4135  stale=4048  stale=4045  strid=4136  tempo=1701
  multi_even  I32 N=2000000000 bins=      32 smem_cooperative_static      conce=1621  conce=2043  conce=2773  conce=3796  conce=4049  hash_=1700  poiso=1621  power=1904  power=3352  sawto=4136  sawto=4136  stale=4050  stale=4048  strid=4136  tempo=1701
  multi_even  I32 N=2000000000 bins=      32 smem_dynamic                 conce=1576  conce=1615  conce=1981  conce=2674  conce=3617  hash_=1547  poiso=1576  power=1582  power=2364  sawto=3694  sawto=3693  stale=3616  stale=3617  strid=3695  tempo=1547
  multi_even  I32 N=2000000000 bins=      32 smem_cooperative_dynamic     conce=1576  conce=1615  conce=1981  conce=2674  conce=3616  hash_=1547  poiso=1576  power=1582  power=2364  sawto=3691  sawto=3691  stale=3617  stale=3617  strid=3692  tempo=1547
  multi_even  I32 N=2000000000 bins=      64 smem_static                  conce=1621  conce=1873  conce=2423  conce=3518  conce=4083  hash_=1695  poiso=1621  power=1984  power=3515  sawto=4136  sawto=4135  stale=4082  stale=4085  strid=4137  tempo=1697
  multi_even  I32 N=2000000000 bins=      64 smem_cooperative_static      conce=1620  conce=1873  conce=2423  conce=3518  conce=4082  hash_=1695  poiso=1621  power=1984  power=3514  sawto=4135  sawto=4138  stale=4082  stale=4083  strid=4137  tempo=1696
  multi_even  I32 N=2000000000 bins=      64 smem_dynamic                 conce=1576  conce=1578  conce=1824  conce=2574  conce=3645  hash_=1544  poiso=1576  power=1611  power=2577  sawto=3692  sawto=3693  stale=3646  stale=3646  strid=3692  tempo=1544
  multi_even  I32 N=2000000000 bins=      64 smem_cooperative_dynamic     conce=1576  conce=1578  conce=1824  conce=2574  conce=3646  hash_=1544  poiso=1576  power=1611  power=2577  sawto=3692  sawto=3691  stale=3645  stale=3645  strid=3693  tempo=1544
  multi_even  I32 N=2000000000 bins=     128 smem_static                  conce=1621  conce=1887  conce=2387  conce=3361  conce=4106  hash_=1692  poiso=1620  power=2066  power=3687  sawto=4137  sawto=4137  stale=4106  stale=4104  strid=4137  tempo=1694
  multi_even  I32 N=2000000000 bins=     128 smem_cooperative_static      conce=1620  conce=1888  conce=2387  conce=3361  conce=4106  hash_=1692  poiso=1621  power=2066  power=3688  sawto=4136  sawto=4137  stale=4107  stale=4105  strid=4135  tempo=1694
  multi_even  I32 N=2000000000 bins=     128 smem_dynamic                 conce=1576  conce=1574  conce=1807  conce=2509  conce=3665  hash_=1543  poiso=1576  power=1643  power=2782  sawto=3693  sawto=3693  stale=3666  stale=3665  strid=3693  tempo=1542
  multi_even  I32 N=2000000000 bins=     128 smem_cooperative_dynamic     conce=1576  conce=1574  conce=1807  conce=2509  conce=3665  hash_=1543  poiso=1576  power=1643  power=2781  sawto=3693  sawto=3691  stale=3666  stale=3663  strid=3693  tempo=1542
  multi_even  I32 N=2000000000 bins=     256 smem_static                  conce=1621  conce=2127  conce=2837  conce=3735  conce=4118  hash_=1691  poiso=1621  power=2147  power=3821  sawto=4138  sawto=4136  stale=4118  stale=4121  strid=4136  tempo=1693
  multi_even  I32 N=2000000000 bins=     256 smem_cooperative_static      conce=1621  conce=2126  conce=2836  conce=3734  conce=4117  hash_=1691  poiso=1621  power=2147  power=3821  sawto=4136  sawto=4138  stale=4118  stale=4118  strid=4136  tempo=1693
  multi_even  I32 N=2000000000 bins=     256 smem_dynamic                 conce=1578  conce=1678  conce=2110  conce=2923  conce=3678  hash_=1544  poiso=1578  power=1681  power=2972  sawto=3692  sawto=3693  stale=3679  stale=3677  strid=3693  tempo=1543
  multi_even  I32 N=2000000000 bins=     256 smem_cooperative_dynamic     conce=1578  conce=1678  conce=2109  conce=2923  conce=3676  hash_=1544  poiso=1578  power=1681  power=2972  sawto=3692  sawto=3693  stale=3679  stale=3677  strid=3694  tempo=1543
  multi_even  I32 N=2000000000 bins=     512 smem_dynamic                 conce=1578  conce=1650  conce=2088  conce=3062  conce=3685  hash_=1543  poiso=1578  power=1720  power=3133  sawto=3691  sawto=3694  stale=3685  stale=3684  strid=3694  tempo=1542
  multi_even  I32 N=2000000000 bins=     512 smem_cooperative_dynamic     conce=1578  conce=1650  conce=2088  conce=3062  conce=3685  hash_=1543  poiso=1578  power=1720  power=3133  sawto=3693  sawto=3691  stale=3684  stale=3682  strid=3693  tempo=1543
  multi_even  I32 N=   1048576 bins=       8 main                              conce=453  conce=441  conce=409  conce=397  conce=409  hash_=409  poiso=451  power=398  power=398  sawto=419  sawto=419  stale=397  stale=396  strid=409  tempo=455
  multi_even  I32 N=   1048576 bins=      16 main                              conce=454  conce=441  conce=418  conce=397  conce=410  hash_=422  poiso=451  power=449  power=416  sawto=419  sawto=418  stale=397  stale=398  strid=412  tempo=455
  multi_even  I32 N=   1048576 bins=      32 main                              conce=454  conce=441  conce=422  conce=404  conce=412  hash_=437  poiso=454  power=449  power=416  sawto=420  sawto=419  stale=402  stale=408  strid=410  tempo=455
  multi_even  I32 N=   1048576 bins=      64 main                              conce=453  conce=450  conce=426  conce=418  conce=422  hash_=449  poiso=444  power=450  power=434  sawto=420  sawto=420  stale=410  stale=419  strid=418  tempo=455
  multi_even  I32 N=   1048576 bins=     128 main                              conce=454  conce=441  conce=438  conce=422  conce=439  hash_=441  poiso=451  power=450  power=429  sawto=420  sawto=419  stale=425  stale=423  strid=410  tempo=455
  multi_even  I32 N=   1048576 bins=     256 main                              conce=453  conce=441  conce=441  conce=427  conce=443  hash_=441  poiso=449  power=449  power=428  sawto=426  sawto=427  stale=428  stale=438  strid=423  tempo=455
  multi_even  I32 N=   1048576 bins=     512 main                              conce=412  conce=345  conce=327  conce=337  conce=362  hash_=382  poiso=411  power=376  power=368  sawto=321  sawto=322  stale=348  stale=349  strid=375  tempo=411
  multi_even  I32 N=  16777216 bins=       8 main                              conce=745  conce=716  conce=624  conce=601  conce=602  hash_=648  poiso=745  power=603  power=601  sawto=643  sawto=643  stale=601  stale=601  strid=642  tempo=745
  multi_even  I32 N=  16777216 bins=      16 main                              conce=745  conce=718  conce=650  conce=606  conce=604  hash_=674  poiso=744  power=712  power=631  sawto=643  sawto=643  stale=603  stale=603  strid=642  tempo=745
  multi_even  I32 N=  16777216 bins=      32 main                              conce=745  conce=716  conce=667  conce=619  conce=616  hash_=694  poiso=744  power=707  power=631  sawto=643  sawto=643  stale=616  stale=616  strid=642  tempo=745
  multi_even  I32 N=  16777216 bins=      64 main                              conce=745  conce=709  conce=677  conce=641  conce=644  hash_=706  poiso=745  power=718  power=691  sawto=643  sawto=643  stale=642  stale=642  strid=643  tempo=746
  multi_even  I32 N=  16777216 bins=     128 main                              conce=745  conce=712  conce=691  conce=669  conce=673  hash_=712  poiso=744  power=718  power=691  sawto=643  sawto=643  stale=671  stale=671  strid=642  tempo=745
  multi_even  I32 N=  16777216 bins=     256 main                              conce=745  conce=718  conce=710  conce=695  conce=697  hash_=715  poiso=744  power=717  power=692  sawto=678  sawto=683  stale=695  stale=696  strid=677  tempo=745
  multi_even  I32 N=  16777216 bins=     512 main                              conce=690  conce=492  conce=453  conce=541  conce=650  hash_=660  poiso=689  power=659  power=645  sawto=560  sawto=562  stale=651  stale=621  strid=649  tempo=690
  multi_even  I32 N=  67108864 bins=       8 main                              conce=773  conce=745  conce=646  conce=621  conce=621  hash_=672  poiso=773  power=624  power=621  sawto=665  sawto=665  stale=621  stale=621  strid=664  tempo=773
  multi_even  I32 N=  67108864 bins=      16 main                              conce=773  conce=745  conce=673  conce=627  conce=623  hash_=700  poiso=773  power=740  power=653  sawto=665  sawto=665  stale=623  stale=623  strid=665  tempo=773
  multi_even  I32 N=  67108864 bins=      32 main                              conce=774  conce=744  conce=692  conce=640  conce=637  hash_=721  poiso=773  power=734  power=653  sawto=665  sawto=665  stale=637  stale=637  strid=665  tempo=773
  multi_even  I32 N=  67108864 bins=      64 main                              conce=774  conce=737  conce=702  conce=663  conce=666  hash_=733  poiso=773  power=746  power=717  sawto=665  sawto=665  stale=666  stale=666  strid=665  tempo=773
  multi_even  I32 N=  67108864 bins=     128 main                              conce=773  conce=739  conce=718  conce=694  conce=698  hash_=739  poiso=773  power=745  power=717  sawto=665  sawto=665  stale=698  stale=697  strid=665  tempo=773
  multi_even  I32 N=  67108864 bins=     256 main                              conce=773  conce=745  conce=737  conce=722  conce=721  hash_=743  poiso=773  power=745  power=719  sawto=702  sawto=707  stale=722  stale=722  strid=702  tempo=773
  multi_even  I32 N=  67108864 bins=     512 main                              conce=725  conce=497  conce=460  conce=557  conce=676  hash_=692  poiso=725  power=692  power=676  sawto=579  sawto=582  stale=682  stale=641  strid=680  tempo=725
  multi_even  I32 N= 268435456 bins=       8 main                              conce=757  conce=731  conce=633  conce=605  conce=604  hash_=661  poiso=757  power=608  power=604  sawto=652  sawto=652  stale=604  stale=605  strid=652  tempo=758
  multi_even  I32 N= 268435456 bins=      16 main                              conce=757  conce=731  conce=662  conce=611  conce=607  hash_=690  poiso=757  power=728  power=641  sawto=652  sawto=652  stale=607  stale=607  strid=652  tempo=757
  multi_even  I32 N= 268435456 bins=      32 main                              conce=757  conce=731  conce=681  conce=627  conce=623  hash_=711  poiso=757  power=723  power=641  sawto=653  sawto=652  stale=623  stale=623  strid=653  tempo=757
  multi_even  I32 N= 268435456 bins=      64 main                              conce=757  conce=726  conce=691  conce=651  conce=654  hash_=723  poiso=758  power=732  power=707  sawto=653  sawto=652  stale=654  stale=654  strid=653  tempo=758
  multi_even  I32 N= 268435456 bins=     128 main                              conce=757  conce=727  conce=708  conce=683  conce=687  hash_=728  poiso=757  power=732  power=707  sawto=653  sawto=652  stale=688  stale=688  strid=653  tempo=757
  multi_even  I32 N= 268435456 bins=     256 main                              conce=757  conce=732  conce=726  conce=713  conce=712  hash_=730  poiso=757  power=731  power=709  sawto=693  sawto=696  stale=712  stale=712  strid=692  tempo=758
  multi_even  I32 N= 268435456 bins=     512 main                              conce=750  conce=503  conce=503  conce=565  conce=690  hash_=710  poiso=749  power=709  power=689  sawto=610  sawto=550  stale=696  stale=697  strid=695  tempo=750
  multi_even  I32 N=1073741824 bins=       8 main                              conce=759  conce=733  conce=634  conce=606  conce=606  hash_=662  poiso=759  power=609  power=606  sawto=654  sawto=653  stale=606  stale=606  strid=654  tempo=759
  multi_even  I32 N=1073741824 bins=      16 main                              conce=760  conce=734  conce=663  conce=613  conce=609  hash_=692  poiso=759  power=730  power=643  sawto=654  sawto=654  stale=609  stale=609  strid=654  tempo=760
  multi_even  I32 N=1073741824 bins=      32 main                              conce=760  conce=733  conce=683  conce=629  conce=625  hash_=713  poiso=760  power=725  power=642  sawto=654  sawto=654  stale=625  stale=625  strid=654  tempo=759
  multi_even  I32 N=1073741824 bins=      64 main                              conce=760  conce=727  conce=693  conce=653  conce=656  hash_=724  poiso=760  power=734  power=708  sawto=654  sawto=654  stale=656  stale=656  strid=654  tempo=760
  multi_even  I32 N=1073741824 bins=     128 main                              conce=760  conce=729  conce=710  conce=685  conce=689  hash_=730  poiso=759  power=734  power=709  sawto=654  sawto=654  stale=689  stale=689  strid=654  tempo=760
  multi_even  I32 N=1073741824 bins=     256 main                              conce=759  conce=733  conce=728  conce=714  conce=714  hash_=732  poiso=759  power=733  power=711  sawto=694  sawto=698  stale=714  stale=714  strid=694  tempo=760
  multi_even  I32 N=1073741824 bins=     512 main                              conce=752  conce=502  conce=502  conce=568  conce=691  hash_=712  poiso=752  power=711  power=691  sawto=612  sawto=555  stale=698  stale=699  strid=697  tempo=752
  multi_even  I32 N=2000000000 bins=       8 main                              conce=760  conce=734  conce=634  conce=607  conce=606  hash_=663  poiso=760  power=609  power=606  sawto=654  sawto=653  stale=606  stale=606  strid=654  tempo=760
  multi_even  I32 N=2000000000 bins=      16 main                              conce=760  conce=734  conce=663  conce=613  conce=609  hash_=693  poiso=760  power=730  power=643  sawto=654  sawto=654  stale=609  stale=609  strid=654  tempo=760
  multi_even  I32 N=2000000000 bins=      32 main                              conce=760  conce=733  conce=683  conce=629  conce=625  hash_=713  poiso=760  power=725  power=642  sawto=654  sawto=654  stale=625  stale=625  strid=654  tempo=760
  multi_even  I32 N=2000000000 bins=      64 main                              conce=760  conce=727  conce=693  conce=653  conce=656  hash_=725  poiso=760  power=734  power=709  sawto=654  sawto=654  stale=656  stale=656  strid=654  tempo=760
  multi_even  I32 N=2000000000 bins=     128 main                              conce=760  conce=730  conce=710  conce=685  conce=690  hash_=731  poiso=760  power=734  power=709  sawto=654  sawto=654  stale=689  stale=690  strid=654  tempo=760
  multi_even  I32 N=2000000000 bins=     256 main                              conce=760  conce=734  conce=728  conce=715  conce=715  hash_=733  poiso=760  power=734  power=711  sawto=694  sawto=698  stale=714  stale=715  strid=694  tempo=760
  multi_even  I32 N=2000000000 bins=     512 main                              conce=752  conce=502  conce=502  conce=569  conce=692  hash_=712  poiso=753  power=712  power=692  sawto=613  sawto=532  stale=698  stale=698  strid=697  tempo=752
  queried input cache: cub.bench.histogram.multi.even.base.u64 F64 N=1048576 -> S=1024
  multi_even  F64 N=   1048576 bins=       8 smem_static                  conce=1511  conce=1513  conce=1519  conce=1544  conce=1561  hash_=1481  poiso=1511  power=1535  power=1531  sawto=1515  sawto=1518  stale=1545  stale=1520  strid=1479  tempo=1522
  multi_even  F64 N=   1048576 bins=       8 smem_cooperative_static      conce=1485  conce=1488  conce=1492  conce=1494  conce=1470  hash_=1471  poiso=1486  power=1487  power=1496  sawto=1489  sawto=1486  stale=1488  stale=1497  strid=1469  tempo=1485
  multi_even  F64 N=   1048576 bins=       8 smem_dynamic                 conce=926  conce=1036  conce=1187  conce=1338  conce=1486  hash_=948  poiso=919  power=992  power=1265  sawto=1501  sawto=1505  stale=1456  stale=1487  strid=1439  tempo=972
  multi_even  F64 N=   1048576 bins=       8 smem_cooperative_dynamic     conce=903  conce=994  conce=1172  conce=1312  conce=1410  hash_=916  poiso=901  power=978  power=1197  sawto=1469  sawto=1473  stale=1437  stale=1443  strid=1433  tempo=943
  multi_even  F64 N=   1048576 bins=      16 smem_static                  conce=1521  conce=1515  conce=1521  conce=1526  conce=1569  hash_=1482  poiso=1513  power=1521  power=1541  sawto=1520  sawto=1524  stale=1553  stale=1531  strid=1496  tempo=1532
  multi_even  F64 N=   1048576 bins=      16 smem_cooperative_static      conce=1484  conce=1491  conce=1480  conce=1488  conce=1468  hash_=1469  poiso=1486  power=1478  power=1494  sawto=1490  sawto=1487  stale=1489  stale=1495  strid=1464  tempo=1487
  multi_even  F64 N=   1048576 bins=      16 smem_dynamic                 conce=918  conce=1066  conce=1271  conce=1429  conce=1505  hash_=949  poiso=918  power=1019  power=1337  sawto=1500  sawto=1506  stale=1469  stale=1500  strid=1441  tempo=978
  multi_even  F64 N=   1048576 bins=      16 smem_cooperative_dynamic     conce=906  conce=1002  conce=1199  conce=1336  conce=1436  hash_=909  poiso=907  power=983  power=1310  sawto=1491  sawto=1492  stale=1477  stale=1483  strid=1454  tempo=956
  multi_even  F64 N=   1048576 bins=      32 smem_static                  conce=1524  conce=1532  conce=1523  conce=1534  conce=1557  hash_=1488  poiso=1532  power=1541  power=1541  sawto=1518  sawto=1523  stale=1554  stale=1528  strid=1490  tempo=1530
  multi_even  F64 N=   1048576 bins=      32 smem_cooperative_static      conce=1500  conce=1502  conce=1500  conce=1501  conce=1481  hash_=1482  poiso=1499  power=1498  power=1503  sawto=1502  sawto=1498  stale=1503  stale=1506  strid=1480  tempo=1500
  multi_even  F64 N=   1048576 bins=      32 smem_dynamic                 conce=923  conce=1091  conce=1307  conce=1474  conce=1526  hash_=953  poiso=921  power=1053  power=1431  sawto=1504  sawto=1509  stale=1506  stale=1505  strid=1450  tempo=981
  multi_even  F64 N=   1048576 bins=      32 smem_cooperative_dynamic     conce=908  conce=1078  conce=1221  conce=1380  conce=1460  hash_=909  poiso=908  power=996  power=1335  sawto=1497  sawto=1497  stale=1495  stale=1495  strid=1464  tempo=969
  multi_even  F64 N=   1048576 bins=      64 smem_static                  conce=1529  conce=1527  conce=1519  conce=1528  conce=1556  hash_=1498  poiso=1531  power=1536  power=1537  sawto=1517  sawto=1523  stale=1550  stale=1526  strid=1483  tempo=1528
  multi_even  F64 N=   1048576 bins=      64 smem_cooperative_static      conce=1502  conce=1502  conce=1501  conce=1503  conce=1479  hash_=1480  poiso=1499  power=1498  power=1504  sawto=1499  sawto=1501  stale=1500  stale=1505  strid=1477  tempo=1500
  multi_even  F64 N=   1048576 bins=      64 smem_dynamic                 conce=924  conce=1056  conce=1233  conce=1472  conce=1529  hash_=953  poiso=922  power=1075  power=1478  sawto=1502  sawto=1508  stale=1504  stale=1508  strid=1446  tempo=980
  multi_even  F64 N=   1048576 bins=      64 smem_cooperative_dynamic     conce=908  conce=992  conce=1188  conce=1351  conce=1456  hash_=909  poiso=907  power=1046  power=1347  sawto=1493  sawto=1494  stale=1493  stale=1493  strid=1463  tempo=967
  multi_even  F64 N=   1048576 bins=     128 smem_static                  conce=1528  conce=1478  conce=1470  conce=1473  conce=1504  hash_=1436  poiso=1530  power=1537  power=1477  sawto=1500  sawto=1500  stale=1465  stale=1503  strid=1438  tempo=1475
  multi_even  F64 N=   1048576 bins=     128 smem_cooperative_static      conce=1500  conce=1493  conce=1466  conce=1457  conce=1468  hash_=1393  poiso=1501  power=1497  power=1495  sawto=1491  sawto=1493  stale=1494  stale=1494  strid=1457  tempo=1484
  multi_even  F64 N=   1048576 bins=     128 smem_dynamic                 conce=925  conce=1065  conce=1221  conce=1441  conce=1484  hash_=951  poiso=922  power=1105  power=1476  sawto=1497  sawto=1494  stale=1460  stale=1492  strid=1437  tempo=978
  multi_even  F64 N=   1048576 bins=     128 smem_cooperative_dynamic     conce=909  conce=996  conce=1189  conce=1339  conce=1436  hash_=909  poiso=907  power=1075  power=1410  sawto=1482  sawto=1489  stale=1477  stale=1479  strid=1435  tempo=964
  multi_even  F64 N=   1048576 bins=     256 smem_static                  conce=1518  conce=1515  conce=1468  conce=1475  conce=1486  hash_=1436  poiso=1525  power=1524  power=1477  sawto=1499  sawto=1497  stale=1467  stale=1494  strid=1437  tempo=1469
  multi_even  F64 N=   1048576 bins=     256 smem_cooperative_static      conce=1502  conce=1500  conce=1448  conce=1436  conce=1463  hash_=1383  poiso=1501  power=1497  power=1459  sawto=1493  sawto=1496  stale=1490  stale=1493  strid=1455  tempo=1438
  multi_even  F64 N=   1048576 bins=     256 smem_dynamic                 conce=921  conce=1125  conce=1324  conce=1469  conce=1472  hash_=948  poiso=920  power=1138  power=1475  sawto=1497  sawto=1487  stale=1465  stale=1489  strid=1439  tempo=979
  multi_even  F64 N=   1048576 bins=     256 smem_cooperative_dynamic     conce=909  conce=1083  conce=1291  conce=1391  conce=1439  hash_=909  poiso=908  power=1081  power=1412  sawto=1486  sawto=1491  stale=1477  stale=1480  strid=1438  tempo=959
  multi_even  F64 N=   1048576 bins=     512 smem_dynamic                 conce=916  conce=1105  conce=1317  conce=1447  conce=1448  hash_=944  poiso=916  power=1146  power=1460  sawto=1496  sawto=1484  stale=1463  stale=1478  strid=1439  tempo=967
  multi_even  F64 N=   1048576 bins=     512 smem_cooperative_dynamic     conce=907  conce=1081  conce=1272  conce=1356  conce=1420  hash_=908  poiso=908  power=1093  power=1361  sawto=1466  sawto=1468  stale=1444  stale=1451  strid=1404  tempo=943
  queried input cache: cub.bench.histogram.multi.even.base.u64 F64 N=16777216 -> S=1024
  multi_even  F64 N=  16777216 bins=       8 smem_static                  conce=3589  conce=3588  conce=3590  conce=3588  conce=3553  hash_=3581  poiso=3586  power=3588  power=3589  sawto=3592  sawto=3593  stale=3590  stale=3594  strid=3582  tempo=3595
  multi_even  F64 N=  16777216 bins=       8 smem_cooperative_static      conce=3568  conce=3564  conce=3571  conce=3566  conce=3524  hash_=3559  poiso=3564  power=3568  power=3567  sawto=3572  sawto=3572  stale=3567  stale=3571  strid=3559  tempo=3574
  multi_even  F64 N=  16777216 bins=       8 smem_dynamic                 conce=1541  conce=1837  conce=2326  conce=2920  conce=3571  hash_=1650  poiso=1541  power=1715  power=2547  sawto=3550  sawto=3545  stale=3566  stale=3569  strid=3535  tempo=1655
  multi_even  F64 N=  16777216 bins=       8 smem_cooperative_dynamic     conce=1530  conce=1821  conce=2306  conce=2895  conce=3547  hash_=1636  poiso=1530  power=1702  power=2524  sawto=3536  sawto=3536  stale=3546  stale=3547  strid=3530  tempo=1642
  multi_even  F64 N=  16777216 bins=      16 smem_static                  conce=3589  conce=3586  conce=3590  conce=3588  conce=3553  hash_=3581  poiso=3585  power=3587  power=3589  sawto=3592  sawto=3591  stale=3588  stale=3591  strid=3580  tempo=3594
  multi_even  F64 N=  16777216 bins=      16 smem_cooperative_static      conce=3566  conce=3563  conce=3573  conce=3566  conce=3522  hash_=3560  poiso=3564  power=3568  power=3568  sawto=3570  sawto=3569  stale=3567  stale=3572  strid=3557  tempo=3577
  multi_even  F64 N=  16777216 bins=      16 smem_dynamic                 conce=1541  conce=1903  conce=2572  conce=3312  conce=3523  hash_=1661  poiso=1540  power=1787  power=2913  sawto=3555  sawto=3556  stale=3565  stale=3568  strid=3546  tempo=1665
  multi_even  F64 N=  16777216 bins=      16 smem_cooperative_dynamic     conce=1530  conce=1892  conce=2555  conce=3293  conce=3488  hash_=1644  poiso=1530  power=1770  power=2882  sawto=3541  sawto=3540  stale=3554  stale=3558  strid=3529  tempo=1654
  multi_even  F64 N=  16777216 bins=      32 smem_static                  conce=3594  conce=3590  conce=3593  conce=3589  conce=3555  hash_=3583  poiso=3589  power=3588  power=3590  sawto=3592  sawto=3593  stale=3590  stale=3592  strid=3584  tempo=3594
  multi_even  F64 N=  16777216 bins=      32 smem_cooperative_static      conce=3573  conce=3569  conce=3573  conce=3567  conce=3525  hash_=3563  poiso=3573  power=3571  power=3567  sawto=3573  sawto=3573  stale=3570  stale=3573  strid=3559  tempo=3576
  multi_even  F64 N=  16777216 bins=      32 smem_dynamic                 conce=1542  conce=1996  conce=2719  conce=3575  conce=3511  hash_=1665  poiso=1542  power=1862  power=3246  sawto=3565  sawto=3566  stale=3542  stale=3548  strid=3558  tempo=1669
  multi_even  F64 N=  16777216 bins=      32 smem_cooperative_dynamic     conce=1530  conce=1978  conce=2703  conce=3549  conce=3471  hash_=1650  poiso=1530  power=1847  power=3233  sawto=3549  sawto=3547  stale=3536  stale=3539  strid=3537  tempo=1656
  multi_even  F64 N=  16777216 bins=      64 smem_static                  conce=3593  conce=3588  conce=3588  conce=3583  conce=3546  hash_=3581  poiso=3591  power=3589  power=3585  sawto=3592  sawto=3591  stale=3581  stale=3583  strid=3581  tempo=3594
  multi_even  F64 N=  16777216 bins=      64 smem_cooperative_static      conce=3572  conce=3566  conce=3570  conce=3561  conce=3514  hash_=3563  poiso=3569  power=3568  power=3566  sawto=3573  sawto=3571  stale=3564  stale=3566  strid=3559  tempo=3575
  multi_even  F64 N=  16777216 bins=      64 smem_dynamic                 conce=1542  conce=1846  conce=2442  conce=3513  conce=3513  hash_=1664  poiso=1540  power=1942  power=3488  sawto=3568  sawto=3567  stale=3546  stale=3546  strid=3556  tempo=1668
  multi_even  F64 N=  16777216 bins=      64 smem_cooperative_dynamic     conce=1530  conce=1834  conce=2421  conce=3485  conce=3472  hash_=1651  poiso=1530  power=1926  power=3473  sawto=3549  sawto=3546  stale=3537  stale=3539  strid=3538  tempo=1656
  multi_even  F64 N=  16777216 bins=     128 smem_static                  conce=3589  conce=3584  conce=3582  conce=3575  conce=3542  hash_=3581  poiso=3587  power=3586  power=3583  sawto=3588  sawto=3588  stale=3570  stale=3574  strid=3581  tempo=3589
  multi_even  F64 N=  16777216 bins=     128 smem_cooperative_static      conce=3573  conce=3563  conce=3565  conce=3558  conce=3502  hash_=3560  poiso=3567  power=3566  power=3558  sawto=3570  sawto=3571  stale=3554  stale=3556  strid=3556  tempo=3572
  multi_even  F64 N=  16777216 bins=     128 smem_dynamic                 conce=1542  conce=1873  conce=2440  conce=3465  conce=3508  hash_=1664  poiso=1542  power=2020  power=3584  sawto=3565  sawto=3562  stale=3542  stale=3545  strid=3554  tempo=1669
  multi_even  F64 N=  16777216 bins=     128 smem_cooperative_dynamic     conce=1531  conce=1858  conce=2421  conce=3436  conce=3469  hash_=1650  poiso=1531  power=2004  power=3562  sawto=3548  sawto=3547  stale=3536  stale=3539  strid=3537  tempo=1656
  multi_even  F64 N=  16777216 bins=     256 smem_static                  conce=3590  conce=3582  conce=3580  conce=3569  conce=3533  hash_=3577  poiso=3588  power=3584  power=3571  sawto=3590  sawto=3587  stale=3565  stale=3567  strid=3576  tempo=3590
  multi_even  F64 N=  16777216 bins=     256 smem_cooperative_static      conce=3571  conce=3561  conce=3562  conce=3550  conce=3495  hash_=3558  poiso=3569  power=3565  power=3555  sawto=3570  sawto=3567  stale=3549  stale=3552  strid=3555  tempo=3572
  multi_even  F64 N=  16777216 bins=     256 smem_dynamic                 conce=1543  conce=2110  conce=2924  conce=3568  conce=3507  hash_=1665  poiso=1542  power=2107  power=3569  sawto=3561  sawto=3560  stale=3543  stale=3545  strid=3548  tempo=1670
  multi_even  F64 N=  16777216 bins=     256 smem_cooperative_dynamic     conce=1531  conce=2092  conce=2910  conce=3547  conce=3471  hash_=1652  poiso=1531  power=2091  power=3549  sawto=3546  sawto=3545  stale=3534  stale=3536  strid=3536  tempo=1657
  multi_even  F64 N=  16777216 bins=     512 smem_dynamic                 conce=1542  conce=2076  conce=2914  conce=3576  conce=3503  hash_=1664  poiso=1541  power=2189  power=3579  sawto=3556  sawto=3553  stale=3539  stale=3540  strid=3544  tempo=1668
  multi_even  F64 N=  16777216 bins=     512 smem_cooperative_dynamic     conce=1531  conce=2066  conce=2890  conce=3561  conce=3468  hash_=1650  poiso=1531  power=2170  power=3562  sawto=3543  sawto=3543  stale=3530  stale=3533  strid=3532  tempo=1656
  queried input cache: cub.bench.histogram.multi.even.base.u64 F64 N=67108864 -> S=1024
  multi_even  F64 N=  67108864 bins=       8 smem_static                  conce=4471  conce=4475  conce=4476  conce=4473  conce=4488  hash_=4469  poiso=4474  power=4471  power=4474  sawto=4473  sawto=4474  stale=4473  stale=4471  strid=4471  tempo=4472
  multi_even  F64 N=  67108864 bins=       8 smem_cooperative_static      conce=4492  conce=4492  conce=4495  conce=4495  conce=4482  hash_=4489  poiso=4493  power=4493  power=4492  sawto=4495  sawto=4495  stale=4494  stale=4499  strid=4489  tempo=4493
  multi_even  F64 N=  67108864 bins=       8 smem_dynamic                 conce=1589  conce=1908  conce=2438  conce=3106  conce=4177  hash_=1707  poiso=1589  power=1775  power=2683  sawto=4544  sawto=4543  stale=4173  stale=4175  strid=4537  tempo=1709
  multi_even  F64 N=  67108864 bins=       8 smem_cooperative_dynamic     conce=1588  conce=1906  conce=2437  conce=3106  conce=4176  hash_=1705  poiso=1588  power=1775  power=2680  sawto=4537  sawto=4534  stale=4169  stale=4169  strid=4531  tempo=1709
  multi_even  F64 N=  67108864 bins=      16 smem_static                  conce=4475  conce=4474  conce=4469  conce=4471  conce=4483  hash_=4472  poiso=4471  power=4475  power=4472  sawto=4472  sawto=4471  stale=4468  stale=4471  strid=4469  tempo=4473
  multi_even  F64 N=  67108864 bins=      16 smem_cooperative_static      conce=4492  conce=4493  conce=4496  conce=4492  conce=4480  hash_=4492  poiso=4495  power=4490  power=4493  sawto=4494  sawto=4493  stale=4492  stale=4494  strid=4488  tempo=4494
  multi_even  F64 N=  67108864 bins=      16 smem_dynamic                 conce=1589  conce=1978  conce=2711  conce=3578  conce=4496  hash_=1715  poiso=1589  power=1851  power=3092  sawto=4501  sawto=4502  stale=4525  stale=4527  strid=4502  tempo=1719
  multi_even  F64 N=  67108864 bins=      16 smem_cooperative_dynamic     conce=1588  conce=1977  conce=2708  conce=3576  conce=4487  hash_=1714  poiso=1588  power=1851  power=3091  sawto=4513  sawto=4509  stale=4522  stale=4525  strid=4506  tempo=1718
  multi_even  F64 N=  67108864 bins=      32 smem_static                  conce=4470  conce=4470  conce=4473  conce=4470  conce=4484  hash_=4467  poiso=4473  power=4473  power=4470  sawto=4470  sawto=4474  stale=4470  stale=4470  strid=4470  tempo=4473
  multi_even  F64 N=  67108864 bins=      32 smem_cooperative_static      conce=4493  conce=4486  conce=4494  conce=4490  conce=4478  hash_=4484  poiso=4495  power=4493  power=4492  sawto=4493  sawto=4493  stale=4494  stale=4495  strid=4487  tempo=4491
  multi_even  F64 N=  67108864 bins=      32 smem_dynamic                 conce=1589  conce=2078  conce=2875  conce=3976  conce=4496  hash_=1720  poiso=1589  power=1933  power=3492  sawto=4502  sawto=4499  stale=4532  stale=4534  strid=4499  tempo=1724
  multi_even  F64 N=  67108864 bins=      32 smem_cooperative_dynamic     conce=1589  conce=2077  conce=2874  conce=3974  conce=4490  hash_=1721  poiso=1587  power=1931  power=3492  sawto=4513  sawto=4514  stale=4524  stale=4528  strid=4510  tempo=1723
  multi_even  F64 N=  67108864 bins=      64 smem_static                  conce=4472  conce=4468  conce=4466  conce=4464  conce=4465  hash_=4470  poiso=4472  power=4472  power=4461  sawto=4465  sawto=4465  stale=4461  stale=4458  strid=4469  tempo=4474
  multi_even  F64 N=  67108864 bins=      64 smem_cooperative_static      conce=4495  conce=4484  conce=4488  conce=4487  conce=4464  hash_=4490  poiso=4493  power=4492  power=4489  sawto=4494  sawto=4490  stale=4483  stale=4488  strid=4487  tempo=4494
  multi_even  F64 N=  67108864 bins=      64 smem_dynamic                 conce=1589  conce=1915  conce=2564  conce=3860  conce=4494  hash_=1720  poiso=1589  power=2018  power=3822  sawto=4500  sawto=4501  stale=4532  stale=4536  strid=4497  tempo=1724
  multi_even  F64 N=  67108864 bins=      64 smem_cooperative_dynamic     conce=1588  conce=1914  conce=2562  conce=3855  conce=4490  hash_=1720  poiso=1588  power=2017  power=3819  sawto=4514  sawto=4514  stale=4525  stale=4526  strid=4509  tempo=1723
  multi_even  F64 N=  67108864 bins=     128 smem_static                  conce=4475  conce=4467  conce=4463  conce=4462  conce=4455  hash_=4467  poiso=4474  power=4469  power=4459  sawto=4471  sawto=4470  stale=4460  stale=4460  strid=4466  tempo=4472
  multi_even  F64 N=  67108864 bins=     128 smem_cooperative_static      conce=4494  conce=4489  conce=4488  conce=4482  conce=4452  hash_=4488  poiso=4491  power=4491  power=4485  sawto=4490  sawto=4491  stale=4485  stale=4483  strid=4487  tempo=4493
  multi_even  F64 N=  67108864 bins=     128 smem_dynamic                 conce=1589  conce=1946  conce=2560  conce=3779  conce=4495  hash_=1720  poiso=1589  power=2105  power=4075  sawto=4498  sawto=4499  stale=4533  stale=4533  strid=4499  tempo=1724
  multi_even  F64 N=  67108864 bins=     128 smem_cooperative_dynamic     conce=1589  conce=1945  conce=2559  conce=3780  conce=4488  hash_=1720  poiso=1588  power=2105  power=4073  sawto=4513  sawto=4516  stale=4525  stale=4528  strid=4511  tempo=1723
  multi_even  F64 N=  67108864 bins=     256 smem_static                  conce=4472  conce=4464  conce=4462  conce=4460  conce=4449  hash_=4463  poiso=4468  power=4469  power=4458  sawto=4470  sawto=4466  stale=4462  stale=4458  strid=4465  tempo=4475
  multi_even  F64 N=  67108864 bins=     256 smem_cooperative_static      conce=4494  conce=4490  conce=4489  conce=4483  conce=4448  hash_=4488  poiso=4491  power=4492  power=4483  sawto=4490  sawto=4490  stale=4483  stale=4485  strid=4488  tempo=4494
  multi_even  F64 N=  67108864 bins=     256 smem_dynamic                 conce=1591  conce=2203  conce=3117  conce=4248  conce=4491  hash_=1723  poiso=1591  power=2200  power=4264  sawto=4503  sawto=4496  stale=4529  stale=4531  strid=4495  tempo=1726
  multi_even  F64 N=  67108864 bins=     256 smem_cooperative_dynamic     conce=1590  conce=2202  conce=3114  conce=4242  conce=4487  hash_=1721  poiso=1590  power=2198  power=4253  sawto=4514  sawto=4512  stale=4523  stale=4526  strid=4510  tempo=1725
  multi_even  F64 N=  67108864 bins=     512 smem_dynamic                 conce=1590  conce=2166  conce=3101  conce=4348  conce=4492  hash_=1721  poiso=1590  power=2290  power=4382  sawto=4496  sawto=4499  stale=4528  stale=4530  strid=4495  tempo=1725
  multi_even  F64 N=  67108864 bins=     512 smem_cooperative_dynamic     conce=1590  conce=2166  conce=3099  conce=4345  conce=4487  hash_=1721  poiso=1590  power=2288  power=4378  sawto=4511  sawto=4510  stale=4523  stale=4523  strid=4508  tempo=1724
  queried input cache: cub.bench.histogram.multi.even.base.u64 F64 N=268435456 -> S=1024
  multi_even  F64 N= 268435456 bins=       8 smem_static                  conce=4972  conce=4982  conce=4961  conce=4984  conce=4961  hash_=4984  poiso=4988  power=4964  power=4985  sawto=4961  sawto=4966  stale=4986  stale=4967  strid=4981  tempo=4971
  multi_even  F64 N= 268435456 bins=       8 smem_cooperative_static      conce=4963  conce=4981  conce=4971  conce=4982  conce=4954  hash_=4979  poiso=4978  power=4961  power=4981  sawto=4966  sawto=4967  stale=4979  stale=4968  strid=4978  tempo=4970
  multi_even  F64 N= 268435456 bins=       8 smem_dynamic                 conce=1602  conce=1927  conce=2471  conce=3161  conce=4377  hash_=1722  poiso=1602  power=1792  power=2722  sawto=4970  sawto=4970  stale=4375  stale=4375  strid=4964  tempo=1725
  multi_even  F64 N= 268435456 bins=       8 smem_cooperative_dynamic     conce=1602  conce=1927  conce=2471  conce=3161  conce=4376  hash_=1722  poiso=1602  power=1791  power=2722  sawto=4968  sawto=4967  stale=4373  stale=4377  strid=4958  tempo=1725
  multi_even  F64 N= 268435456 bins=      16 smem_static                  conce=4968  conce=4979  conce=4968  conce=4985  conce=4960  hash_=4979  poiso=4983  power=4965  power=4985  sawto=4964  sawto=4967  stale=4986  stale=4968  strid=4981  tempo=4967
  multi_even  F64 N= 268435456 bins=      16 smem_cooperative_static      conce=4969  conce=4981  conce=4970  conce=4975  conce=4961  hash_=4980  poiso=4980  power=4964  power=4978  sawto=4973  sawto=4968  stale=4982  stale=4970  strid=4979  tempo=4968
  multi_even  F64 N= 268435456 bins=      16 smem_dynamic                 conce=1602  conce=1999  conce=2752  conce=3657  conce=4876  hash_=1731  poiso=1602  power=1869  power=3146  sawto=4968  sawto=4969  stale=4881  stale=4887  strid=4975  tempo=1734
  multi_even  F64 N= 268435456 bins=      16 smem_cooperative_dynamic     conce=1602  conce=1998  conce=2751  conce=3657  conce=4877  hash_=1731  poiso=1602  power=1869  power=3146  sawto=4969  sawto=4967  stale=4882  stale=4885  strid=4969  tempo=1734
  multi_even  F64 N= 268435456 bins=      32 smem_static                  conce=4962  conce=4984  conce=4964  conce=4984  conce=4959  hash_=4982  poiso=4984  power=4967  power=4985  sawto=4958  sawto=4965  stale=4983  stale=4964  strid=4982  tempo=4970
  multi_even  F64 N= 268435456 bins=      32 smem_cooperative_static      conce=4968  conce=4982  conce=4965  conce=4979  conce=4954  hash_=4974  poiso=4977  power=4967  power=4978  sawto=4968  sawto=4966  stale=4979  stale=4971  strid=4982  tempo=4974
  multi_even  F64 N= 268435456 bins=      32 smem_dynamic                 conce=1602  conce=2101  conce=2921  conce=4105  conce=4956  hash_=1736  poiso=1602  power=1952  power=3568  sawto=4966  sawto=4969  stale=4967  stale=4974  strid=4979  tempo=1739
  multi_even  F64 N= 268435456 bins=      32 smem_cooperative_dynamic     conce=1602  conce=2100  conce=2920  conce=4103  conce=4956  hash_=1736  poiso=1602  power=1952  power=3567  sawto=4968  sawto=4973  stale=4968  stale=4970  strid=4970  tempo=1739
  multi_even  F64 N= 268435456 bins=      64 smem_static                  conce=4966  conce=4986  conce=4969  conce=4986  conce=4953  hash_=4986  poiso=4984  power=4965  power=4981  sawto=4970  sawto=4972  stale=4984  stale=4961  strid=4984  tempo=4961
  multi_even  F64 N= 268435456 bins=      64 smem_cooperative_static      conce=4965  conce=4977  conce=4963  conce=4978  conce=4957  hash_=4977  poiso=4980  power=4965  power=4979  sawto=4967  sawto=4972  stale=4979  stale=4965  strid=4977  tempo=4969
  multi_even  F64 N= 268435456 bins=      64 smem_dynamic                 conce=1602  conce=1934  conce=2598  conce=3964  conce=4953  hash_=1736  poiso=1602  power=2038  power=3926  sawto=4969  sawto=4970  stale=4971  stale=4969  strid=4977  tempo=1739
  multi_even  F64 N= 268435456 bins=      64 smem_cooperative_dynamic     conce=1602  conce=1934  conce=2597  conce=3964  conce=4954  hash_=1736  poiso=1602  power=2038  power=3925  sawto=4967  sawto=4974  stale=4963  stale=4970  strid=4974  tempo=1739
  multi_even  F64 N= 268435456 bins=     128 smem_static                  conce=4969  conce=4982  conce=4965  conce=4986  conce=4960  hash_=4982  poiso=4981  power=4967  power=4983  sawto=4965  sawto=4961  stale=4982  stale=4959  strid=4981  tempo=4966
  multi_even  F64 N= 268435456 bins=     128 smem_cooperative_static      conce=4965  conce=4983  conce=4970  conce=4978  conce=4951  hash_=4978  poiso=4978  power=4967  power=4978  sawto=4965  sawto=4969  stale=4977  stale=4972  strid=4976  tempo=4970
  multi_even  F64 N= 268435456 bins=     128 smem_dynamic                 conce=1602  conce=1966  conce=2596  conce=3879  conce=4955  hash_=1736  poiso=1602  power=2129  power=4237  sawto=4969  sawto=4969  stale=4969  stale=4972  strid=4975  tempo=1739
  multi_even  F64 N= 268435456 bins=     128 smem_cooperative_dynamic     conce=1602  conce=1966  conce=2596  conce=3877  conce=4948  hash_=1736  poiso=1602  power=2128  power=4237  sawto=4975  sawto=4975  stale=4966  stale=4973  strid=4970  tempo=1739
  multi_even  F64 N= 268435456 bins=     256 smem_static                  conce=4962  conce=4980  conce=4967  conce=4983  conce=4951  hash_=4985  poiso=4984  power=4969  power=4983  sawto=4964  sawto=4966  stale=4986  stale=4963  strid=4986  tempo=4966
  multi_even  F64 N= 268435456 bins=     256 smem_cooperative_static      conce=4967  conce=4978  conce=4970  conce=4978  conce=4952  hash_=4979  poiso=4981  power=4964  power=4979  sawto=4966  sawto=4968  stale=4977  stale=4971  strid=4977  tempo=4966
  multi_even  F64 N= 268435456 bins=     256 smem_dynamic                 conce=1603  conce=2228  conce=3169  conce=4468  conce=4955  hash_=1738  poiso=1603  power=2224  power=4489  sawto=4964  sawto=4969  stale=4966  stale=4974  strid=4977  tempo=1741
  multi_even  F64 N= 268435456 bins=     256 smem_cooperative_dynamic     conce=1604  conce=2228  conce=3168  conce=4467  conce=4953  hash_=1738  poiso=1603  power=2224  power=4488  sawto=4967  sawto=4972  stale=4964  stale=4969  strid=4973  tempo=1741
  multi_even  F64 N= 268435456 bins=     512 smem_dynamic                 conce=1603  conce=2193  conce=3158  conce=4613  conce=4954  hash_=1738  poiso=1603  power=2318  power=4661  sawto=4968  sawto=4969  stale=4967  stale=4966  strid=4976  tempo=1740
  multi_even  F64 N= 268435456 bins=     512 smem_cooperative_dynamic     conce=1603  conce=2193  conce=3158  conce=4612  conce=4955  hash_=1737  poiso=1603  power=2318  power=4659  sawto=4971  sawto=4969  stale=4961  stale=4968  strid=4972  tempo=1740
  queried input cache: cub.bench.histogram.multi.even.base.u64 F64 N=1073741824 -> S=1024
  multi_even  F64 N=1073741824 bins=       8 smem_static                  conce=5068  conce=5082  conce=5070  conce=5077  conce=5062  hash_=5082  poiso=5073  power=5068  power=5080  sawto=5073  sawto=5067  stale=5077  stale=5070  strid=5078  tempo=5071
  multi_even  F64 N=1073741824 bins=       8 smem_cooperative_static      conce=5080  conce=5072  conce=5079  conce=5076  conce=5067  hash_=5078  poiso=5083  power=5070  power=5076  sawto=5074  sawto=5083  stale=5080  stale=5081  strid=5074  tempo=5076
  multi_even  F64 N=1073741824 bins=       8 smem_dynamic                 conce=1605  conce=1932  conce=2479  conce=3176  conce=4430  hash_=1726  poiso=1605  power=1796  power=2732  sawto=5088  sawto=5087  stale=4429  stale=4428  strid=5086  tempo=1728
  multi_even  F64 N=1073741824 bins=       8 smem_cooperative_dynamic     conce=1605  conce=1932  conce=2479  conce=3175  conce=4428  hash_=1726  poiso=1605  power=1795  power=2732  sawto=5084  sawto=5087  stale=4429  stale=4429  strid=5086  tempo=1728
  multi_even  F64 N=1073741824 bins=      16 smem_static                  conce=5070  conce=5078  conce=5068  conce=5085  conce=5059  hash_=5075  poiso=5082  power=5063  power=5075  sawto=5079  sawto=5071  stale=5088  stale=5067  strid=5078  tempo=5066
  multi_even  F64 N=1073741824 bins=      16 smem_cooperative_static      conce=5081  conce=5070  conce=5063  conce=5084  conce=5062  hash_=5075  poiso=5078  power=5071  power=5084  sawto=5063  sawto=5068  stale=5083  stale=5070  strid=5080  tempo=5078
  multi_even  F64 N=1073741824 bins=      16 smem_dynamic                 conce=1605  conce=2004  conce=2762  conce=3679  conce=4990  hash_=1735  poiso=1605  power=1873  power=3161  sawto=5095  sawto=5096  stale=4995  stale=4993  strid=5094  tempo=1738
  multi_even  F64 N=1073741824 bins=      16 smem_cooperative_dynamic     conce=1605  conce=2004  conce=2763  conce=3679  conce=4993  hash_=1735  poiso=1605  power=1873  power=3161  sawto=5095  sawto=5090  stale=4992  stale=4994  strid=5093  tempo=1738
  multi_even  F64 N=1073741824 bins=      32 smem_static                  conce=5071  conce=5074  conce=5063  conce=5082  conce=5064  hash_=5078  poiso=5077  power=5071  power=5078  sawto=5070  sawto=5069  stale=5074  stale=5070  strid=5073  tempo=5066
  multi_even  F64 N=1073741824 bins=      32 smem_cooperative_static      conce=5076  conce=5083  conce=5073  conce=5072  conce=5064  hash_=5081  poiso=5076  power=5069  power=5082  sawto=5069  sawto=5066  stale=5079  stale=5074  strid=5084  tempo=5078
  multi_even  F64 N=1073741824 bins=      32 smem_dynamic                 conce=1605  conce=2106  conce=2933  conce=4139  conce=5090  hash_=1740  poiso=1605  power=1957  power=3588  sawto=5093  sawto=5094  stale=5091  stale=5090  strid=5096  tempo=1743
  multi_even  F64 N=1073741824 bins=      32 smem_cooperative_dynamic     conce=1605  conce=2107  conce=2933  conce=4140  conce=5085  hash_=1740  poiso=1605  power=1956  power=3588  sawto=5094  sawto=5093  stale=5088  stale=5095  strid=5089  tempo=1743
  multi_even  F64 N=1073741824 bins=      64 smem_static                  conce=5072  conce=5071  conce=5069  conce=5080  conce=5058  hash_=5082  poiso=5088  power=5070  power=5080  sawto=5066  sawto=5066  stale=5078  stale=5064  strid=5078  tempo=5068
  multi_even  F64 N=1073741824 bins=      64 smem_cooperative_static      conce=5073  conce=5079  conce=5077  conce=5083  conce=5059  hash_=5083  poiso=5075  power=5069  power=5078  sawto=5073  sawto=5067  stale=5087  stale=5074  strid=5076  tempo=5067
  multi_even  F64 N=1073741824 bins=      64 smem_dynamic                 conce=1605  conce=1938  conce=2606  conce=3995  conce=5086  hash_=1740  poiso=1605  power=2044  power=3954  sawto=5092  sawto=5094  stale=5093  stale=5091  strid=5090  tempo=1743
  multi_even  F64 N=1073741824 bins=      64 smem_cooperative_dynamic     conce=1605  conce=1938  conce=2606  conce=3995  conce=5086  hash_=1740  poiso=1605  power=2044  power=3954  sawto=5094  sawto=5095  stale=5090  stale=5093  strid=5091  tempo=1743
  multi_even  F64 N=1073741824 bins=     128 smem_static                  conce=5067  conce=5080  conce=5073  conce=5082  conce=5061  hash_=5074  poiso=5080  power=5070  power=5075  sawto=5057  sawto=5069  stale=5086  stale=5066  strid=5081  tempo=5066
  multi_even  F64 N=1073741824 bins=     128 smem_cooperative_static      conce=5075  conce=5067  conce=5068  conce=5069  conce=5068  hash_=5090  poiso=5085  power=5068  power=5073  sawto=5072  sawto=5079  stale=5087  stale=5076  strid=5079  tempo=5073
  multi_even  F64 N=1073741824 bins=     128 smem_dynamic                 conce=1605  conce=1970  conce=2605  conce=3906  conce=5089  hash_=1739  poiso=1605  power=2134  power=4280  sawto=5091  sawto=5094  stale=5091  stale=5089  strid=5096  tempo=1742
  multi_even  F64 N=1073741824 bins=     128 smem_cooperative_dynamic     conce=1605  conce=1971  conce=2604  conce=3906  conce=5086  hash_=1739  poiso=1605  power=2134  power=4280  sawto=5091  sawto=5092  stale=5090  stale=5088  strid=5092  tempo=1742
  multi_even  F64 N=1073741824 bins=     256 smem_static                  conce=5059  conce=5074  conce=5070  conce=5079  conce=5063  hash_=5077  poiso=5090  power=5064  power=5076  sawto=5071  sawto=5077  stale=5081  stale=5074  strid=5076  tempo=5061
  multi_even  F64 N=1073741824 bins=     256 smem_cooperative_static      conce=5075  conce=5076  conce=5068  conce=5081  conce=5069  hash_=5071  poiso=5083  power=5079  power=5085  sawto=5068  sawto=5081  stale=5086  stale=5069  strid=5066  tempo=5075
  multi_even  F64 N=1073741824 bins=     256 smem_dynamic                 conce=1606  conce=2235  conce=3183  conce=4531  conce=5089  hash_=1741  poiso=1606  power=2230  power=4552  sawto=5096  sawto=5096  stale=5090  stale=5090  strid=5096  tempo=1744
  multi_even  F64 N=1073741824 bins=     256 smem_cooperative_dynamic     conce=1606  conce=2234  conce=3182  conce=4531  conce=5086  hash_=1741  poiso=1606  power=2230  power=4552  sawto=5094  sawto=5096  stale=5089  stale=5092  strid=5090  tempo=1744
  multi_even  F64 N=1073741824 bins=     512 smem_dynamic                 conce=1606  conce=2199  conce=3172  conce=4690  conce=5086  hash_=1741  poiso=1606  power=2326  power=4742  sawto=5088  sawto=5093  stale=5091  stale=5091  strid=5092  tempo=1744
  multi_even  F64 N=1073741824 bins=     512 smem_cooperative_dynamic     conce=1606  conce=2199  conce=3171  conce=4689  conce=5087  hash_=1741  poiso=1606  power=2325  power=4742  sawto=5091  sawto=5094  stale=5088  stale=5090  strid=5098  tempo=1744
  queried input cache: cub.bench.histogram.multi.even.base.u64 F64 N=2000000000 -> S=1024
  multi_even  F64 N=2000000000 bins=       8 smem_static                  conce=5049  conce=5047  conce=5046  conce=5045  conce=5039  hash_=5046  poiso=5043  power=5039  power=5042  sawto=5036  sawto=5052  stale=5039  stale=5038  strid=5044  tempo=5046
  multi_even  F64 N=2000000000 bins=       8 smem_cooperative_static      conce=5050  conce=5045  conce=5045  conce=5039  conce=5047  hash_=5043  poiso=5049  power=5047  power=5037  sawto=5055  sawto=5050  stale=5047  stale=5046  strid=5047  tempo=5050
  multi_even  F64 N=2000000000 bins=       8 smem_dynamic                 conce=1605  conce=1932  conce=2480  conce=3177  conce=4438  hash_=1726  poiso=1605  power=1796  power=2734  sawto=5098  sawto=5099  stale=4438  stale=4438  strid=5099  tempo=1729
  multi_even  F64 N=2000000000 bins=       8 smem_cooperative_dynamic     conce=1605  conce=1932  conce=2480  conce=3178  conce=4438  hash_=1726  poiso=1605  power=1796  power=2734  sawto=5099  sawto=5103  stale=4439  stale=4438  strid=5099  tempo=1729
  multi_even  F64 N=2000000000 bins=      16 smem_static                  conce=5039  conce=5034  conce=5037  conce=5047  conce=5039  hash_=5039  poiso=5046  power=5041  power=5040  sawto=5041  sawto=5036  stale=5037  stale=5046  strid=5042  tempo=5038
  multi_even  F64 N=2000000000 bins=      16 smem_cooperative_static      conce=5054  conce=5043  conce=5046  conce=5036  conce=5048  hash_=5037  poiso=5048  power=5050  power=5043  sawto=5047  sawto=5048  stale=5046  stale=5056  strid=5048  tempo=5054
  multi_even  F64 N=2000000000 bins=      16 smem_dynamic                 conce=1605  conce=2005  conce=2764  conce=3683  conce=5011  hash_=1736  poiso=1605  power=1874  power=3163  sawto=5093  sawto=5086  stale=5012  stale=5011  strid=5088  tempo=1739
  multi_even  F64 N=2000000000 bins=      16 smem_cooperative_dynamic     conce=1606  conce=2005  conce=2764  conce=3683  conce=5010  hash_=1736  poiso=1605  power=1874  power=3163  sawto=5095  sawto=5098  stale=5010  stale=5010  strid=5095  tempo=1739
  multi_even  F64 N=2000000000 bins=      32 smem_static                  conce=5038  conce=5044  conce=5040  conce=5045  conce=5034  hash_=5043  poiso=5045  power=5052  power=5037  sawto=5038  sawto=5044  stale=5040  stale=5052  strid=5034  tempo=5041
  multi_even  F64 N=2000000000 bins=      32 smem_cooperative_static      conce=5051  conce=5046  conce=5050  conce=5047  conce=5042  hash_=5042  poiso=5038  power=5046  power=5042  sawto=5043  sawto=5055  stale=5037  stale=5044  strid=5033  tempo=5052
  multi_even  F64 N=2000000000 bins=      32 smem_dynamic                 conce=1606  conce=2108  conce=2935  conce=4146  conce=5099  hash_=1740  poiso=1606  power=1958  power=3592  sawto=5090  sawto=5093  stale=5100  stale=5102  strid=5086  tempo=1743
  multi_even  F64 N=2000000000 bins=      32 smem_cooperative_dynamic     conce=1606  conce=2108  conce=2935  conce=4146  conce=5097  hash_=1740  poiso=1606  power=1957  power=3592  sawto=5097  sawto=5095  stale=5101  stale=5101  strid=5085  tempo=1743
  multi_even  F64 N=2000000000 bins=      64 smem_static                  conce=5044  conce=5040  conce=5041  conce=5037  conce=5031  hash_=5044  poiso=5045  power=5045  power=5030  sawto=5039  sawto=5039  stale=5037  stale=5034  strid=5035  tempo=5042
  multi_even  F64 N=2000000000 bins=      64 smem_cooperative_static      conce=5048  conce=5042  conce=5041  conce=5044  conce=5037  hash_=5037  poiso=5046  power=5048  power=5038  sawto=5046  sawto=5043  stale=5036  stale=5043  strid=5044  tempo=5050
  multi_even  F64 N=2000000000 bins=      64 smem_dynamic                 conce=1606  conce=1940  conce=2608  conce=3999  conce=5099  hash_=1740  poiso=1606  power=2045  power=3960  sawto=5095  sawto=5090  stale=5097  stale=5100  strid=5086  tempo=1744
  multi_even  F64 N=2000000000 bins=      64 smem_cooperative_dynamic     conce=1605  conce=1939  conce=2608  conce=4000  conce=5101  hash_=1740  poiso=1605  power=2045  power=3959  sawto=5092  sawto=5096  stale=5100  stale=5101  strid=5090  tempo=1743
  multi_even  F64 N=2000000000 bins=     128 smem_static                  conce=5042  conce=5039  conce=5043  conce=5032  conce=5028  hash_=5032  poiso=5044  power=5045  power=5034  sawto=5043  sawto=5048  stale=5038  stale=5045  strid=5044  tempo=5034
  multi_even  F64 N=2000000000 bins=     128 smem_cooperative_static      conce=5057  conce=5036  conce=5046  conce=5027  conce=5039  hash_=5042  poiso=5050  power=5054  power=5040  sawto=5056  sawto=5048  stale=5038  stale=5051  strid=5046  tempo=5038
  multi_even  F64 N=2000000000 bins=     128 smem_dynamic                 conce=1606  conce=1972  conce=2607  conce=3910  conce=5101  hash_=1740  poiso=1606  power=2136  power=4288  sawto=5093  sawto=5093  stale=5098  stale=5098  strid=5086  tempo=1743
  multi_even  F64 N=2000000000 bins=     128 smem_cooperative_dynamic     conce=1606  conce=1971  conce=2606  conce=3911  conce=5099  hash_=1740  poiso=1605  power=2135  power=4288  sawto=5093  sawto=5097  stale=5099  stale=5101  strid=5094  tempo=1743
  multi_even  F64 N=2000000000 bins=     256 smem_static                  conce=5045  conce=5033  conce=5036  conce=5044  conce=5033  hash_=5036  poiso=5040  power=5041  power=5034  sawto=5051  sawto=5045  stale=5042  stale=5040  strid=5036  tempo=5041
  multi_even  F64 N=2000000000 bins=     256 smem_cooperative_static      conce=5046  conce=5045  conce=5047  conce=5040  conce=5050  hash_=5046  poiso=5047  power=5051  power=5044  sawto=5052  sawto=5043  stale=5045  stale=5048  strid=5043  tempo=5042
  multi_even  F64 N=2000000000 bins=     256 smem_dynamic                 conce=1607  conce=2236  conce=3186  conce=4540  conce=5101  hash_=1742  poiso=1607  power=2231  power=4564  sawto=5090  sawto=5094  stale=5097  stale=5099  strid=5089  tempo=1745
  multi_even  F64 N=2000000000 bins=     256 smem_cooperative_dynamic     conce=1607  conce=2236  conce=3185  conce=4540  conce=5099  hash_=1742  poiso=1607  power=2231  power=4563  sawto=5094  sawto=5093  stale=5097  stale=5103  strid=5090  tempo=1745
  multi_even  F64 N=2000000000 bins=     512 smem_dynamic                 conce=1607  conce=2200  conce=3175  conce=4701  conce=5096  hash_=1742  poiso=1607  power=2327  power=4755  sawto=5093  sawto=5089  stale=5095  stale=5101  strid=5089  tempo=1745
  multi_even  F64 N=2000000000 bins=     512 smem_cooperative_dynamic     conce=1607  conce=2200  conce=3175  conce=4702  conce=5097  hash_=1742  poiso=1607  power=2327  power=4756  sawto=5091  sawto=5091  stale=5098  stale=5099  strid=5092  tempo=1745
  multi_even  F64 N=   1048576 bins=       8 main                              conce=1186  conce=1235  conce=1332  conce=1445  conce=1524  hash_=1160  poiso=1171  power=1218  power=1364  sawto=1187  sawto=1182  stale=1484  stale=1481  strid=1147  tempo=1200
  multi_even  F64 N=   1048576 bins=      16 main                              conce=1187  conce=1268  conce=1400  conce=1477  conce=1534  hash_=1163  poiso=1171  power=1225  power=1439  sawto=1372  sawto=1382  stale=1481  stale=1485  strid=1355  tempo=1198
  multi_even  F64 N=   1048576 bins=      32 main                              conce=1189  conce=1312  conce=1423  conce=1481  conce=1544  hash_=1172  poiso=1170  power=1263  power=1480  sawto=1497  sawto=1490  stale=1490  stale=1488  strid=1433  tempo=1203
  multi_even  F64 N=   1048576 bins=      64 main                              conce=1187  conce=1179  conce=1189  conce=1195  conce=1288  hash_=1155  poiso=1147  power=1230  power=1248  sawto=1189  sawto=1198  stale=1268  stale=1294  strid=1195  tempo=1202
  multi_even  F64 N=   1048576 bins=     128 main                              conce=1186  conce=1147  conce=1187  conce=1189  conce=1288  hash_=1123  poiso=1172  power=1305  power=1213  sawto=1186  sawto=1192  stale=1281  stale=1286  strid=1158  tempo=1203
  multi_even  F64 N=   1048576 bins=     256 main                              conce=1189  conce=1154  conce=1184  conce=1179  conce=1280  hash_=1094  poiso=1177  power=1310  power=1190  sawto=1189  sawto=1183  stale=1217  stale=1264  strid=1146  tempo=1197
  multi_even  F64 N=   1048576 bins=     512 main                              conce=749  conce=622  conce=597  conce=643  conce=691  hash_=645  poiso=743  power=727  power=699  sawto=676  sawto=626  stale=701  stale=705  strid=628  tempo=748
  multi_even  F64 N=  16777216 bins=       8 main                              conce=2175  conce=2404  conce=2790  conce=3179  conce=3387  hash_=2240  poiso=2170  power=2296  power=2948  sawto=2131  sawto=2138  stale=3377  stale=3365  strid=2135  tempo=2169
  multi_even  F64 N=  16777216 bins=      16 main                              conce=2175  conce=2456  conce=2969  conce=3373  conce=3369  hash_=2242  poiso=2171  power=2359  power=3170  sawto=2925  sawto=2923  stale=3351  stale=3353  strid=2907  tempo=2170
  multi_even  F64 N=  16777216 bins=      32 main                              conce=2178  conce=2540  conce=3064  conce=3402  conce=3395  hash_=2248  poiso=2172  power=2426  power=3345  sawto=3397  sawto=3400  stale=3374  stale=3372  strid=3386  tempo=2170
  multi_even  F64 N=  16777216 bins=      64 main                              conce=2178  conce=2385  conce=2788  conce=3336  conce=3379  hash_=2236  poiso=2173  power=2467  power=3352  sawto=3338  sawto=3337  stale=3353  stale=3357  strid=3321  tempo=2170
  multi_even  F64 N=  16777216 bins=     128 main                              conce=2178  conce=2387  conce=2749  conce=3285  conce=3369  hash_=2234  poiso=2174  power=2529  power=3381  sawto=3200  sawto=3197  stale=3344  stale=3350  strid=3180  tempo=2170
  multi_even  F64 N=  16777216 bins=     256 main                              conce=2176  conce=2565  conce=3019  conce=3374  conce=3365  hash_=2234  poiso=2170  power=2591  power=3390  sawto=2906  sawto=2908  stale=3338  stale=3341  strid=2904  tempo=2170
  multi_even  F64 N=  16777216 bins=     512 main                              conce=1111  conce=928  conce=965  conce=1032  conce=1192  hash_=990  poiso=1158  power=1059  power=1118  sawto=1147  sawto=1030  stale=1106  stale=1218  strid=945  tempo=1103
  multi_even  F64 N=  67108864 bins=       8 main                              conce=2298  conce=2562  conce=3002  conce=3460  conce=3981  hash_=2374  poiso=2298  power=2438  power=3177  sawto=2256  sawto=2256  stale=3965  stale=3964  strid=2254  tempo=2297
  multi_even  F64 N=  67108864 bins=      16 main                              conce=2298  conce=2621  conce=3198  conce=3712  conce=4207  hash_=2382  poiso=2298  power=2509  power=3446  sawto=3149  sawto=3149  stale=4190  stale=4192  strid=3145  tempo=2297
  multi_even  F64 N=  67108864 bins=      32 main                              conce=2298  conce=2709  conce=3305  conce=3878  conce=4350  hash_=2386  poiso=2298  power=2583  power=3670  sawto=3854  sawto=3851  stale=4335  stale=4334  strid=3848  tempo=2298
  multi_even  F64 N=  67108864 bins=      64 main                              conce=2298  conce=2548  conce=3030  conce=3744  conce=4229  hash_=2380  poiso=2298  power=2653  power=3744  sawto=3754  sawto=3753  stale=4214  stale=4216  strid=3750  tempo=2297
  multi_even  F64 N=  67108864 bins=     128 main                              conce=2298  conce=2564  conce=3002  conce=3664  conce=4149  hash_=2378  poiso=2298  power=2725  power=3826  sawto=3554  sawto=3553  stale=4135  stale=4134  strid=3552  tempo=2297
  multi_even  F64 N=  67108864 bins=     256 main                              conce=2298  conce=2774  conce=3332  conce=3849  conce=4107  hash_=2378  poiso=2298  power=2792  power=3884  sawto=3188  sawto=3189  stale=4092  stale=4092  strid=3184  tempo=2296
  multi_even  F64 N=  67108864 bins=     512 main                              conce=1154  conce=948  conce=988  conce=1013  conce=1228  hash_=1037  poiso=1217  power=1107  power=1152  sawto=1188  sawto=1041  stale=1130  stale=1235  strid=969  tempo=1183
  multi_even  F64 N= 268435456 bins=       8 main                              conce=2321  conce=2593  conce=3047  conce=3523  conce=4161  hash_=2401  poiso=2321  power=2466  power=3229  sawto=2280  sawto=2280  stale=4167  stale=4165  strid=2279  tempo=2321
  multi_even  F64 N= 268435456 bins=      16 main                              conce=2321  conce=2656  conce=3249  conce=3808  conce=4473  hash_=2409  poiso=2321  power=2538  power=3510  sawto=3198  sawto=3199  stale=4474  stale=4472  strid=3197  tempo=2321
  multi_even  F64 N= 268435456 bins=      32 main                              conce=2321  conce=2744  conce=3360  conce=4027  conce=4667  hash_=2413  poiso=2321  power=2613  power=3752  sawto=3987  sawto=3989  stale=4669  stale=4668  strid=3986  tempo=2320
  multi_even  F64 N= 268435456 bins=      64 main                              conce=2321  conce=2584  conce=3084  conce=3853  conce=4502  hash_=2408  poiso=2320  power=2689  power=3850  sawto=3863  sawto=3863  stale=4503  stale=4506  strid=3859  tempo=2321
  multi_even  F64 N= 268435456 bins=     128 main                              conce=2321  conce=2598  conce=3053  conce=3759  conce=4391  hash_=2406  poiso=2321  power=2766  power=3958  sawto=3635  sawto=3636  stale=4398  stale=4394  strid=3634  tempo=2321
  multi_even  F64 N= 268435456 bins=     256 main                              conce=2321  conce=2820  conce=3407  conce=3986  conce=4341  hash_=2405  poiso=2320  power=2840  power=4042  sawto=3251  sawto=3252  stale=4342  stale=4343  strid=3250  tempo=2321
  multi_even  F64 N= 268435456 bins=     512 main                              conce=1113  conce=966  conce=961  conce=1007  conce=1236  hash_=1045  poiso=1272  power=1156  power=1193  sawto=1190  sawto=960  stale=1115  stale=1119  strid=971  tempo=1187
  multi_even  F64 N=1073741824 bins=       8 main                              conce=2327  conce=2600  conce=3056  conce=3538  conce=4213  hash_=2408  poiso=2327  power=2473  power=3241  sawto=2285  sawto=2285  stale=4215  stale=4215  strid=2285  tempo=2327
  multi_even  F64 N=1073741824 bins=      16 main                              conce=2327  conce=2664  conce=3262  conce=3830  conce=4545  hash_=2416  poiso=2327  power=2546  power=3525  sawto=3210  sawto=3210  stale=4546  stale=4547  strid=3210  tempo=2327
  multi_even  F64 N=1073741824 bins=      32 main                              conce=2327  conce=2753  conce=3374  conce=4063  conce=4757  hash_=2420  poiso=2327  power=2622  power=3774  sawto=4021  sawto=4021  stale=4760  stale=4760  strid=4020  tempo=2327
  multi_even  F64 N=1073741824 bins=      64 main                              conce=2327  conce=2592  conce=3095  conce=3880  conce=4577  hash_=2415  poiso=2327  power=2698  power=3877  sawto=3887  sawto=3887  stale=4578  stale=4580  strid=3886  tempo=2327
  multi_even  F64 N=1073741824 bins=     128 main                              conce=2327  conce=2605  conce=3064  conce=3779  conce=4461  hash_=2413  poiso=2327  power=2774  power=3990  sawto=3651  sawto=3651  stale=4461  stale=4462  strid=3650  tempo=2327
  multi_even  F64 N=1073741824 bins=     256 main                              conce=2327  conce=2830  conce=3420  conce=4020  conce=4403  hash_=2411  poiso=2327  power=2849  power=4079  sawto=3263  sawto=3263  stale=4403  stale=4403  strid=3262  tempo=2327
  multi_even  F64 N=1073741824 bins=     512 main                              conce=1108  conce=965  conce=966  conce=1009  conce=1239  hash_=1047  poiso=1287  power=1157  power=1198  sawto=1192  sawto=986  stale=1115  stale=1114  strid=973  tempo=1202
  multi_even  F64 N=2000000000 bins=       8 main                              conce=2327  conce=2601  conce=3058  conce=3540  conce=4222  hash_=2409  poiso=2327  power=2474  power=3243  sawto=2285  sawto=2286  stale=4221  stale=4222  strid=2285  tempo=2327
  multi_even  F64 N=2000000000 bins=      16 main                              conce=2327  conce=2664  conce=3262  conce=3833  conce=4557  hash_=2417  poiso=2327  power=2546  power=3526  sawto=3211  sawto=3211  stale=4556  stale=4558  strid=3211  tempo=2327
  multi_even  F64 N=2000000000 bins=      32 main                              conce=2327  conce=2753  conce=3375  conce=4068  conce=4771  hash_=2421  poiso=2327  power=2622  power=3775  sawto=4025  sawto=4025  stale=4771  stale=4772  strid=4024  tempo=2327
  multi_even  F64 N=2000000000 bins=      64 main                              conce=2327  conce=2592  conce=3096  conce=3883  conce=4589  hash_=2415  poiso=2327  power=2698  power=3880  sawto=3890  sawto=3890  stale=4588  stale=4589  strid=3888  tempo=2327
  multi_even  F64 N=2000000000 bins=     128 main                              conce=2327  conce=2605  conce=3065  conce=3780  conce=4471  hash_=2413  poiso=2326  power=2774  power=3993  sawto=3652  sawto=3651  stale=4470  stale=4471  strid=3652  tempo=2327
  multi_even  F64 N=2000000000 bins=     256 main                              conce=2327  conce=2830  conce=3422  conce=4024  conce=4413  hash_=2411  poiso=2327  power=2849  power=4084  sawto=3263  sawto=3264  stale=4413  stale=4413  strid=3264  tempo=2327
  multi_even  F64 N=2000000000 bins=     512 main                              conce=1107  conce=965  conce=965  conce=1009  conce=1240  hash_=1047  poiso=1292  power=1158  power=1206  sawto=1189  sawto=1077  stale=1112  stale=1113  strid=974  tempo=1208

wrote autocuda/results/cooperative-direct-output-smem-u64/partial_multi_even.json (396 benchmark invocations; branch_commit=f16c464e64d5786de2e0bf536479e0ef9ae57b30-dirty)
  merged ['multi_even', '_meta'] -> autocuda/results/cooperative-direct-output-smem-u64/algo_sweep_full.json (4 binaries)
=== [22:27:34] FIGURES (cumulative through multi_even) ===
  partial results ready: 96 figs covering ['_meta', 'even', 'multi_even', 'range']
=== [22:29:07] PERF SWEEP: multi_range ===
main baseline: comparing shapes ['concentrated:0.0', 'concentrated:0.25', 'concentrated:0.5', 'concentrated:0.75', 'concentrated:1.0', 'hash_synonym', 'poison', 'powerlaw:0.25', 'powerlaw:0.75', 'sawtooth', 'sawtooth:8192:2654435761:1', 'stale_resident:0.25', 'stale_resident:0.5', 'strided_sweep', 'temporal_phases:0.10']
  queried input cache: cub.bench.histogram.multi.range.base.u64 I32 N=1048576 -> S=1024
  multi_range I32 N=   1048576 bins=       8 smem_static                  conce=595  conce=510  conce=516  conce=520  conce=509  hash_=522  poiso=557  power=529  power=492  sawto=512  sawto=512  stale=503  stale=503  strid=506  tempo=524
  multi_range I32 N=   1048576 bins=       8 smem_cooperative_static      conce=481  conce=398  conce=402  conce=416  conce=402  hash_=413  poiso=456  power=425  power=394  sawto=414  sawto=414  stale=402  stale=407  strid=404  tempo=420
  multi_range I32 N=   1048576 bins=       8 smem_dynamic                 conce=402  conce=356  conce=355  conce=359  conce=367  hash_=353  poiso=398  power=377  power=357  sawto=373  sawto=375  stale=366  stale=369  strid=371  tempo=368
  multi_range I32 N=   1048576 bins=       8 smem_cooperative_dynamic     conce=398  conce=355  conce=353  conce=361  conce=365  hash_=355  poiso=395  power=373  power=355  sawto=369  sawto=371  stale=367  stale=367  strid=367  tempo=367
  multi_range I32 N=   1048576 bins=      16 smem_static                  conce=541  conce=488  conce=475  conce=461  conce=466  hash_=480  poiso=511  power=463  power=458  sawto=461  sawto=462  stale=460  stale=460  strid=456  tempo=469
  multi_range I32 N=   1048576 bins=      16 smem_cooperative_static      conce=423  conce=393  conce=387  conce=367  conce=366  hash_=390  poiso=417  power=366  power=367  sawto=368  sawto=368  stale=367  stale=368  strid=365  tempo=391
  multi_range I32 N=   1048576 bins=      16 smem_dynamic                 conce=372  conce=359  conce=351  conce=341  conce=346  hash_=351  poiso=371  power=332  power=339  sawto=347  sawto=348  stale=346  stale=346  strid=344  tempo=349
  multi_range I32 N=   1048576 bins=      16 smem_cooperative_dynamic     conce=371  conce=357  conce=348  conce=342  conce=344  hash_=349  poiso=370  power=333  power=337  sawto=346  sawto=346  stale=345  stale=345  strid=343  tempo=345
  multi_range I32 N=   1048576 bins=      32 smem_static                  conce=480  conce=450  conce=434  conce=424  conce=432  hash_=451  poiso=463  power=449  power=438  sawto=418  sawto=418  stale=428  stale=428  strid=410  tempo=449
  multi_range I32 N=   1048576 bins=      32 smem_cooperative_static      conce=372  conce=364  conce=344  conce=338  conce=339  hash_=357  poiso=368  power=363  power=346  sawto=340  sawto=340  stale=343  stale=343  strid=335  tempo=361
  multi_range I32 N=   1048576 bins=      32 smem_dynamic                 conce=349  conce=336  conce=332  conce=326  conce=330  hash_=333  poiso=346  power=337  power=332  sawto=327  sawto=327  stale=328  stale=328  strid=324  tempo=337
  multi_range I32 N=   1048576 bins=      32 smem_cooperative_dynamic     conce=349  conce=332  conce=328  conce=326  conce=326  hash_=332  poiso=346  power=337  power=328  sawto=325  sawto=325  stale=327  stale=327  strid=323  tempo=337
  multi_range I32 N=   1048576 bins=      64 smem_static                  conce=439  conce=390  conce=385  conce=384  conce=404  hash_=416  poiso=428  power=412  power=401  sawto=390  sawto=389  stale=400  stale=400  strid=382  tempo=414
  multi_range I32 N=   1048576 bins=      64 smem_cooperative_static      conce=343  conce=310  conce=308  conce=308  conce=314  hash_=325  poiso=342  power=326  power=310  sawto=309  sawto=309  stale=314  stale=316  strid=308  tempo=328
  multi_range I32 N=   1048576 bins=      64 smem_dynamic                 conce=326  conce=306  conce=302  conce=306  conce=315  hash_=313  poiso=324  power=315  power=309  sawto=307  sawto=308  stale=312  stale=311  strid=303  tempo=318
  multi_range I32 N=   1048576 bins=      64 smem_cooperative_dynamic     conce=327  conce=308  conce=302  conce=307  conce=312  hash_=312  poiso=326  power=314  power=309  sawto=308  sawto=308  stale=310  stale=312  strid=305  tempo=316
  multi_range I32 N=   1048576 bins=     128 smem_static                  conce=396  conce=379  conce=369  conce=364  conce=370  hash_=383  poiso=388  power=386  power=372  sawto=365  sawto=362  stale=367  stale=367  strid=359  tempo=382
  multi_range I32 N=   1048576 bins=     128 smem_cooperative_static      conce=309  conce=306  conce=294  conce=293  conce=293  hash_=300  poiso=309  power=307  power=308  sawto=293  sawto=292  stale=293  stale=295  strid=291  tempo=307
  multi_range I32 N=   1048576 bins=     128 smem_dynamic                 conce=306  conce=295  conce=292  conce=295  conce=301  hash_=297  poiso=305  power=299  power=303  sawto=299  sawto=294  stale=301  stale=301  strid=298  tempo=299
  multi_range I32 N=   1048576 bins=     128 smem_cooperative_dynamic     conce=307  conce=293  conce=292  conce=293  conce=296  hash_=293  poiso=306  power=294  power=299  sawto=296  sawto=293  stale=298  stale=300  strid=294  tempo=296
  multi_range I32 N=   1048576 bins=     256 smem_static                  conce=365  conce=345  conce=344  conce=342  conce=339  hash_=354  poiso=357  power=349  power=342  sawto=341  sawto=336  stale=341  stale=341  strid=337  tempo=346
  multi_range I32 N=   1048576 bins=     256 smem_cooperative_static      conce=290  conce=278  conce=279  conce=279  conce=277  hash_=277  poiso=286  power=280  power=279  sawto=278  sawto=277  stale=278  stale=278  strid=277  tempo=279
  multi_range I32 N=   1048576 bins=     256 smem_dynamic                 conce=290  conce=278  conce=278  conce=281  conce=285  hash_=278  poiso=289  power=282  power=283  sawto=285  sawto=284  stale=283  stale=285  strid=284  tempo=281
  multi_range I32 N=   1048576 bins=     256 smem_cooperative_dynamic     conce=291  conce=278  conce=278  conce=279  conce=280  hash_=278  poiso=290  power=279  power=280  sawto=281  sawto=280  stale=280  stale=281  strid=280  tempo=279
  multi_range I32 N=   1048576 bins=     512 smem_dynamic                 conce=491  conce=337  conce=337  conce=343  conce=350  hash_=353  poiso=489  power=339  power=344  sawto=349  sawto=349  stale=347  stale=348  strid=345  tempo=360
  multi_range I32 N=   1048576 bins=     512 smem_cooperative_dynamic     conce=474  conce=320  conce=321  conce=327  conce=330  hash_=338  poiso=471  power=323  power=330  sawto=338  sawto=333  stale=331  stale=331  strid=330  tempo=347
  queried input cache: cub.bench.histogram.multi.range.base.u64 I32 N=16777216 -> S=1024
  multi_range I32 N=  16777216 bins=       8 smem_static                  conce=1307  conce=995  conce=999  conce=1011  conce=1011  hash_=1002  poiso=1293  power=1077  power=1001  sawto=1026  sawto=1026  stale=1010  stale=1010  strid=1026  tempo=1038
  multi_range I32 N=  16777216 bins=       8 smem_cooperative_static      conce=1299  conce=989  conce=994  conce=1005  conce=1004  hash_=996  poiso=1285  power=1071  power=997  sawto=1019  sawto=1019  stale=1005  stale=1006  strid=1017  tempo=1030
  multi_range I32 N=  16777216 bins=       8 smem_dynamic                 conce=1185  conce=910  conce=912  conce=915  conce=920  hash_=915  poiso=1181  power=974  power=914  sawto=935  sawto=935  stale=920  stale=921  strid=933  tempo=940
  multi_range I32 N=  16777216 bins=       8 smem_cooperative_dynamic     conce=1135  conce=877  conce=874  conce=878  conce=885  hash_=883  poiso=1137  power=938  power=878  sawto=900  sawto=899  stale=885  stale=886  strid=898  tempo=907
  multi_range I32 N=  16777216 bins=      16 smem_static                  conce=1093  conce=1000  conce=929  conce=876  conce=874  hash_=938  poiso=1083  power=869  power=873  sawto=883  sawto=883  stale=875  stale=876  strid=882  tempo=925
  multi_range I32 N=  16777216 bins=      16 smem_cooperative_static      conce=1083  conce=996  conce=926  conce=868  conce=866  hash_=936  poiso=1073  power=862  power=865  sawto=876  sawto=876  stale=867  stale=867  strid=875  tempo=919
  multi_range I32 N=  16777216 bins=      16 smem_dynamic                 conce=1011  conce=925  conce=854  conce=815  conce=815  hash_=872  poiso=1011  power=811  power=810  sawto=823  sawto=823  stale=815  stale=815  strid=823  tempo=856
  multi_range I32 N=  16777216 bins=      16 smem_cooperative_dynamic     conce=972  conce=885  conce=821  conce=784  conce=782  hash_=841  poiso=968  power=781  power=779  sawto=791  sawto=791  stale=783  stale=783  strid=790  tempo=826
  multi_range I32 N=  16777216 bins=      32 smem_static                  conce=928  conce=864  conce=805  conce=776  conce=775  hash_=841  poiso=928  power=869  power=808  sawto=776  sawto=776  stale=776  stale=776  strid=776  tempo=848
  multi_range I32 N=  16777216 bins=      32 smem_cooperative_static      conce=919  conce=859  conce=798  conce=769  conce=768  hash_=835  poiso=919  power=861  power=798  sawto=770  sawto=770  stale=767  stale=768  strid=769  tempo=840
  multi_range I32 N=  16777216 bins=      32 smem_dynamic                 conce=885  conce=806  conce=752  conce=731  conce=732  hash_=793  poiso=881  power=812  power=757  sawto=734  sawto=734  stale=732  stale=732  strid=733  tempo=792
  multi_range I32 N=  16777216 bins=      32 smem_cooperative_dynamic     conce=851  conce=775  conce=728  conce=703  conce=704  hash_=762  poiso=847  power=783  power=728  sawto=706  sawto=706  stale=703  stale=704  strid=705  tempo=762
  multi_range I32 N=  16777216 bins=      64 smem_static                  conce=811  conce=715  conce=695  conce=692  conce=708  hash_=754  poiso=811  power=759  power=707  sawto=693  sawto=693  stale=707  stale=707  strid=693  tempo=759
  multi_range I32 N=  16777216 bins=      64 smem_cooperative_static      conce=804  conce=707  conce=689  conce=686  conce=700  hash_=748  poiso=802  power=750  power=701  sawto=685  sawto=685  stale=700  stale=700  strid=684  tempo=750
  multi_range I32 N=  16777216 bins=      64 smem_dynamic                 conce=783  conce=679  conce=663  conce=661  conce=674  hash_=717  poiso=781  power=717  power=674  sawto=662  sawto=662  stale=674  stale=674  strid=662  tempo=719
  multi_range I32 N=  16777216 bins=      64 smem_cooperative_dynamic     conce=752  conce=654  conce=638  conce=637  conce=648  hash_=691  poiso=752  power=690  power=647  sawto=637  sawto=637  stale=648  stale=648  strid=636  tempo=691
  multi_range I32 N=  16777216 bins=     128 smem_static                  conce=721  conce=679  conce=664  conce=653  conce=654  hash_=678  poiso=720  power=688  power=676  sawto=646  sawto=639  stale=655  stale=655  strid=644  tempo=684
  multi_range I32 N=  16777216 bins=     128 smem_cooperative_static      conce=713  conce=675  conce=660  conce=647  conce=649  hash_=674  poiso=712  power=683  power=671  sawto=641  sawto=633  stale=649  stale=649  strid=638  tempo=676
  multi_range I32 N=  16777216 bins=     128 smem_dynamic                 conce=702  conce=651  conce=637  conce=625  conce=627  hash_=654  poiso=700  power=659  power=647  sawto=619  sawto=614  stale=628  stale=629  strid=619  tempo=655
  multi_range I32 N=  16777216 bins=     128 smem_cooperative_dynamic     conce=675  conce=627  conce=614  conce=604  conce=605  hash_=628  poiso=674  power=635  power=624  sawto=596  sawto=591  stale=604  stale=605  strid=596  tempo=629
  multi_range I32 N=  16777216 bins=     256 smem_static                  conce=648  conce=619  conce=617  conce=614  conce=605  hash_=614  poiso=648  power=622  power=611  sawto=598  sawto=597  stale=605  stale=605  strid=604  tempo=618
  multi_range I32 N=  16777216 bins=     256 smem_cooperative_static      conce=640  conce=613  conce=612  conce=608  conce=598  hash_=610  poiso=640  power=617  power=607  sawto=592  sawto=592  stale=598  stale=599  strid=599  tempo=612
  multi_range I32 N=  16777216 bins=     256 smem_dynamic                 conce=637  conce=598  conce=594  conce=593  conce=585  hash_=597  poiso=634  power=601  power=592  sawto=579  sawto=577  stale=586  stale=586  strid=584  tempo=598
  multi_range I32 N=  16777216 bins=     256 smem_cooperative_dynamic     conce=612  conce=576  conce=573  conce=572  conce=563  hash_=572  poiso=611  power=578  power=570  sawto=558  sawto=555  stale=563  stale=564  strid=562  tempo=576
  multi_range I32 N=  16777216 bins=     512 smem_dynamic                 conce=2079  conce=1023  conce=1031  conce=1069  conce=1083  hash_=1053  poiso=2069  power=1033  power=1069  sawto=1091  sawto=1087  stale=1084  stale=1086  strid=1085  tempo=1024
  multi_range I32 N=  16777216 bins=     512 smem_cooperative_dynamic     conce=2051  conce=983  conce=988  conce=1019  conce=1037  hash_=1046  poiso=2048  power=994  power=1020  sawto=1050  sawto=1043  stale=1038  stale=1038  strid=1042  tempo=993
  queried input cache: cub.bench.histogram.multi.range.base.u64 I32 N=67108864 -> S=1024
  multi_range I32 N=  67108864 bins=       8 smem_static                  conce=1417  conce=1058  conce=1063  conce=1072  conce=1074  hash_=1067  poiso=1413  power=1150  power=1069  sawto=1090  sawto=1090  stale=1074  stale=1074  strid=1090  tempo=1103
  multi_range I32 N=  67108864 bins=       8 smem_cooperative_static      conce=1410  conce=1054  conce=1058  conce=1067  conce=1068  hash_=1062  poiso=1408  power=1146  power=1064  sawto=1084  sawto=1084  stale=1068  stale=1069  strid=1084  tempo=1098
  multi_range I32 N=  67108864 bins=       8 smem_dynamic                 conce=1308  conce=993  conce=991  conce=1001  conce=1007  hash_=1003  poiso=1304  power=1064  power=999  sawto=1022  sawto=1022  stale=1007  stale=1007  strid=1022  tempo=1030
  multi_range I32 N=  67108864 bins=       8 smem_cooperative_dynamic     conce=1302  conce=988  conce=986  conce=995  conce=999  hash_=997  poiso=1301  power=1060  power=992  sawto=1014  sawto=1014  stale=999  stale=1000  strid=1014  tempo=1026
  multi_range I32 N=  67108864 bins=      16 smem_static                  conce=1168  conce=1073  conce=986  conce=924  conce=922  hash_=1003  poiso=1166  power=916  power=920  sawto=932  sawto=932  stale=922  stale=923  strid=932  tempo=980
  multi_range I32 N=  67108864 bins=      16 smem_cooperative_static      conce=1160  conce=1069  conce=981  conce=919  conce=916  hash_=998  poiso=1158  power=911  power=914  sawto=926  sawto=926  stale=917  stale=917  strid=926  tempo=975
  multi_range I32 N=  67108864 bins=      16 smem_dynamic                 conce=1113  conce=1005  conce=931  conce=884  conce=884  hash_=950  poiso=1113  power=879  power=880  sawto=894  sawto=894  stale=884  stale=884  strid=894  tempo=931
  multi_range I32 N=  67108864 bins=      16 smem_cooperative_dynamic     conce=1109  conce=1001  conce=926  conce=878  conce=877  hash_=945  poiso=1106  power=874  power=874  sawto=887  sawto=887  stale=877  stale=878  strid=887  tempo=925
  multi_range I32 N=  67108864 bins=      32 smem_static                  conce=990  conce=918  conce=846  conce=814  conce=814  hash_=893  poiso=989  power=922  power=847  sawto=815  sawto=815  stale=814  stale=814  strid=814  tempo=893
  multi_range I32 N=  67108864 bins=      32 smem_cooperative_static      conce=983  conce=911  conce=840  conce=808  conce=808  hash_=888  poiso=981  power=916  power=842  sawto=809  sawto=809  stale=808  stale=808  strid=808  tempo=887
  multi_range I32 N=  67108864 bins=      32 smem_dynamic                 conce=967  conce=878  conce=818  conce=792  conce=792  hash_=861  poiso=965  power=884  power=820  sawto=794  sawto=794  stale=792  stale=792  strid=794  tempo=860
  multi_range I32 N=  67108864 bins=      32 smem_cooperative_dynamic     conce=961  conce=873  conce=813  conce=786  conce=786  hash_=854  poiso=959  power=878  power=815  sawto=787  sawto=787  stale=786  stale=786  strid=787  tempo=855
  multi_range I32 N=  67108864 bins=      64 smem_static                  conce=859  conce=749  conce=727  conce=723  conce=740  hash_=797  poiso=859  power=797  power=740  sawto=723  sawto=723  stale=739  stale=739  strid=723  tempo=797
  multi_range I32 N=  67108864 bins=      64 smem_cooperative_static      conce=852  conce=743  conce=722  conce=718  conce=733  hash_=792  poiso=850  power=791  power=734  sawto=717  sawto=717  stale=733  stale=733  strid=716  tempo=791
  multi_range I32 N=  67108864 bins=      64 smem_dynamic                 conce=852  conce=735  conce=716  conce=713  conce=728  hash_=779  poiso=850  power=778  power=727  sawto=713  sawto=713  stale=727  stale=727  strid=713  tempo=779
  multi_range I32 N=  67108864 bins=      64 smem_cooperative_dynamic     conce=846  conce=730  conce=711  conce=707  conce=722  hash_=772  poiso=844  power=773  power=722  sawto=708  sawto=708  stale=722  stale=722  strid=707  tempo=774
  multi_range I32 N=  67108864 bins=     128 smem_static                  conce=758  conce=712  conce=696  conce=681  conce=683  hash_=714  poiso=758  power=722  power=707  sawto=672  sawto=665  stale=682  stale=683  strid=670  tempo=715
  multi_range I32 N=  67108864 bins=     128 smem_cooperative_static      conce=751  conce=707  conce=691  conce=676  conce=677  hash_=709  poiso=750  power=716  power=702  sawto=666  sawto=659  stale=677  stale=677  strid=665  tempo=709
  multi_range I32 N=  67108864 bins=     128 smem_dynamic                 conce=761  conce=703  conce=688  conce=675  conce=677  hash_=706  poiso=759  power=712  power=699  sawto=668  sawto=662  stale=677  stale=677  strid=668  tempo=707
  multi_range I32 N=  67108864 bins=     128 smem_cooperative_dynamic     conce=755  conce=698  conce=683  conce=671  conce=673  hash_=700  poiso=754  power=707  power=694  sawto=663  sawto=657  stale=672  stale=672  strid=663  tempo=701
  multi_range I32 N=  67108864 bins=     256 smem_static                  conce=679  conce=646  conce=645  conce=640  conce=630  hash_=644  poiso=677  power=649  power=638  sawto=621  sawto=621  stale=630  stale=630  strid=630  tempo=645
  multi_range I32 N=  67108864 bins=     256 smem_cooperative_static      conce=671  conce=641  conce=640  conce=635  conce=625  hash_=640  poiso=670  power=643  power=633  sawto=615  sawto=616  stale=625  stale=625  strid=624  tempo=640
  multi_range I32 N=  67108864 bins=     256 smem_dynamic                 conce=687  conce=644  conce=642  conce=638  conce=630  hash_=643  poiso=685  power=647  power=637  sawto=623  sawto=621  stale=630  stale=630  strid=630  tempo=644
  multi_range I32 N=  67108864 bins=     256 smem_cooperative_dynamic     conce=682  conce=640  conce=637  conce=634  conce=624  hash_=638  poiso=680  power=642  power=632  sawto=618  sawto=616  stale=625  stale=625  strid=625  tempo=639
  multi_range I32 N=  67108864 bins=     512 smem_dynamic                 conce=2606  conce=1128  conce=1140  conce=1178  conce=1196  hash_=1143  poiso=2601  power=1138  power=1177  sawto=1202  sawto=1198  stale=1195  stale=1196  strid=1198  tempo=1129
  multi_range I32 N=  67108864 bins=     512 smem_cooperative_dynamic     conce=2588  conce=1119  conce=1130  conce=1166  conce=1183  hash_=1136  poiso=2585  power=1130  power=1165  sawto=1191  sawto=1188  stale=1183  stale=1184  strid=1188  tempo=1124
  queried input cache: cub.bench.histogram.multi.range.base.u64 I32 N=268435456 -> S=1024
  multi_range I32 N= 268435456 bins=       8 smem_static                  conce=1442  conce=1073  conce=1076  conce=1084  conce=1085  hash_=1081  poiso=1441  power=1167  power=1082  sawto=1101  sawto=1101  stale=1086  stale=1085  strid=1101  tempo=1117
  multi_range I32 N= 268435456 bins=       8 smem_cooperative_static      conce=1453  conce=1079  conce=1083  conce=1092  conce=1093  hash_=1088  poiso=1453  power=1173  power=1090  sawto=1109  sawto=1110  stale=1093  stale=1093  strid=1110  tempo=1123
  multi_range I32 N= 268435456 bins=       8 smem_dynamic                 conce=1328  conce=1004  conce=1002  conce=1016  conce=1024  hash_=1020  poiso=1327  power=1081  power=1013  sawto=1038  sawto=1039  stale=1024  stale=1024  strid=1038  tempo=1047
  multi_range I32 N= 268435456 bins=       8 smem_cooperative_dynamic     conce=1327  conce=1004  conce=1001  conce=1016  conce=1024  hash_=1020  poiso=1326  power=1079  power=1012  sawto=1037  sawto=1037  stale=1023  stale=1024  strid=1038  tempo=1046
  multi_range I32 N= 268435456 bins=      16 smem_static                  conce=1181  conce=1090  conce=996  conce=932  conce=930  hash_=1014  poiso=1180  power=925  power=927  sawto=939  sawto=940  stale=929  stale=929  strid=940  tempo=988
  multi_range I32 N= 268435456 bins=      16 smem_cooperative_static      conce=1194  conce=1097  conce=1004  conce=940  conce=937  hash_=1022  poiso=1193  power=932  power=935  sawto=948  sawto=948  stale=937  stale=938  strid=948  tempo=996
  multi_range I32 N= 268435456 bins=      16 smem_dynamic                 conce=1131  conce=1017  conce=946  conce=899  conce=898  hash_=967  poiso=1130  power=892  power=894  sawto=907  sawto=907  stale=898  stale=898  strid=907  tempo=946
  multi_range I32 N= 268435456 bins=      16 smem_cooperative_dynamic     conce=1131  conce=1017  conce=945  conce=899  conce=898  hash_=967  poiso=1130  power=892  power=894  sawto=907  sawto=907  stale=898  stale=898  strid=907  tempo=945
  multi_range I32 N= 268435456 bins=      32 smem_static                  conce=999  conce=925  conce=852  conce=819  conce=818  hash_=902  poiso=998  power=930  power=853  sawto=818  sawto=818  stale=818  stale=818  strid=818  tempo=900
  multi_range I32 N= 268435456 bins=      32 smem_cooperative_static      conce=1011  conce=934  conce=860  conce=827  conce=826  hash_=909  poiso=1011  power=938  power=862  sawto=827  sawto=827  stale=826  stale=826  strid=827  tempo=908
  multi_range I32 N= 268435456 bins=      32 smem_dynamic                 conce=982  conce=891  conce=831  conce=804  conce=804  hash_=875  poiso=980  power=897  power=834  sawto=805  sawto=805  stale=804  stale=804  strid=805  tempo=873
  multi_range I32 N= 268435456 bins=      32 smem_cooperative_dynamic     conce=982  conce=891  conce=831  conce=803  conce=803  hash_=875  poiso=981  power=897  power=833  sawto=804  sawto=804  stale=803  stale=803  strid=804  tempo=873
  multi_range I32 N= 268435456 bins=      64 smem_static                  conce=864  conce=752  conce=730  conce=726  conce=742  hash_=803  poiso=863  power=803  power=743  sawto=724  sawto=724  stale=741  stale=742  strid=724  tempo=802
  multi_range I32 N= 268435456 bins=      64 smem_cooperative_static      conce=877  conce=760  conce=738  conce=734  conce=750  hash_=812  poiso=876  power=811  power=751  sawto=734  sawto=734  stale=751  stale=751  strid=734  tempo=810
  multi_range I32 N= 268435456 bins=      64 smem_dynamic                 conce=865  conce=746  conce=726  conce=723  conce=738  hash_=792  poiso=864  power=790  power=738  sawto=723  sawto=723  stale=738  stale=738  strid=723  tempo=791
  multi_range I32 N= 268435456 bins=      64 smem_cooperative_dynamic     conce=865  conce=746  conce=726  conce=722  conce=738  hash_=792  poiso=864  power=790  power=738  sawto=723  sawto=723  stale=738  stale=738  strid=723  tempo=790
  multi_range I32 N= 268435456 bins=     128 smem_static                  conce=760  conce=715  conce=699  conce=684  conce=684  hash_=718  poiso=760  power=725  power=710  sawto=673  sawto=665  stale=684  stale=684  strid=671  tempo=718
  multi_range I32 N= 268435456 bins=     128 smem_cooperative_static      conce=773  conce=723  conce=707  conce=692  conce=693  hash_=727  poiso=772  power=734  power=718  sawto=682  sawto=674  stale=693  stale=693  strid=680  tempo=726
  multi_range I32 N= 268435456 bins=     128 smem_dynamic                 conce=772  conce=713  conce=698  conce=685  conce=687  hash_=717  poiso=771  power=722  power=709  sawto=677  sawto=670  stale=687  stale=687  strid=677  tempo=716
  multi_range I32 N= 268435456 bins=     128 smem_cooperative_dynamic     conce=773  conce=713  conce=698  conce=685  conce=687  hash_=717  poiso=771  power=723  power=708  sawto=677  sawto=670  stale=686  stale=687  strid=677  tempo=717
  multi_range I32 N= 268435456 bins=     256 smem_static                  conce=679  conce=649  conce=647  conce=642  conce=632  hash_=647  poiso=678  power=650  power=640  sawto=621  sawto=622  stale=632  stale=632  strid=631  tempo=647
  multi_range I32 N= 268435456 bins=     256 smem_cooperative_static      conce=691  conce=657  conce=655  conce=650  conce=640  hash_=656  poiso=690  power=659  power=648  sawto=629  sawto=630  stale=640  stale=640  strid=639  tempo=655
  multi_range I32 N= 268435456 bins=     256 smem_dynamic                 conce=697  conce=654  conce=651  conce=647  conce=638  hash_=653  poiso=696  power=656  power=646  sawto=631  sawto=628  stale=638  stale=638  strid=638  tempo=653
  multi_range I32 N= 268435456 bins=     256 smem_cooperative_dynamic     conce=697  conce=654  conce=651  conce=647  conce=638  hash_=653  poiso=696  power=656  power=645  sawto=631  sawto=628  stale=638  stale=638  strid=638  tempo=653
  multi_range I32 N= 268435456 bins=     512 smem_dynamic                 conce=2755  conce=1150  conce=1164  conce=1198  conce=1217  hash_=1149  poiso=2754  power=1160  power=1199  sawto=1222  sawto=1218  stale=1216  stale=1217  strid=1218  tempo=1148
  multi_range I32 N= 268435456 bins=     512 smem_cooperative_dynamic     conce=2721  conce=1151  conce=1164  conce=1197  conce=1213  hash_=1146  poiso=2720  power=1160  power=1196  sawto=1218  sawto=1215  stale=1213  stale=1215  strid=1213  tempo=1148
  queried input cache: cub.bench.histogram.multi.range.base.u64 I32 N=1073741824 -> S=1024
  multi_range I32 N=1073741824 bins=       8 smem_static                  conce=1452  conce=1080  conce=1083  conce=1090  conce=1091  hash_=1087  poiso=1451  power=1173  power=1089  sawto=1107  sawto=1107  stale=1091  stale=1091  strid=1107  tempo=1123
  multi_range I32 N=1073741824 bins=       8 smem_cooperative_static      conce=1464  conce=1086  conce=1090  conce=1097  conce=1099  hash_=1094  poiso=1463  power=1179  power=1096  sawto=1115  sawto=1115  stale=1099  stale=1099  strid=1115  tempo=1129
  multi_range I32 N=1073741824 bins=       8 smem_dynamic                 conce=1335  conce=1006  conce=1005  conce=1020  conce=1029  hash_=1024  poiso=1334  power=1084  power=1016  sawto=1043  sawto=1043  stale=1029  stale=1029  strid=1043  tempo=1051
  multi_range I32 N=1073741824 bins=       8 smem_cooperative_dynamic     conce=1335  conce=1006  conce=1005  conce=1020  conce=1028  hash_=1024  poiso=1334  power=1083  power=1016  sawto=1042  sawto=1042  stale=1028  stale=1028  strid=1042  tempo=1050
  multi_range I32 N=1073741824 bins=      16 smem_static                  conce=1188  conce=1097  conce=1001  conce=936  conce=934  hash_=1019  poiso=1188  power=929  power=931  sawto=944  sawto=944  stale=934  stale=934  strid=944  tempo=993
  multi_range I32 N=1073741824 bins=      16 smem_cooperative_static      conce=1202  conce=1104  conce=1009  conce=944  conce=942  hash_=1027  poiso=1201  power=937  power=940  sawto=952  sawto=952  stale=942  stale=942  strid=952  tempo=1001
  multi_range I32 N=1073741824 bins=      16 smem_dynamic                 conce=1136  conce=1021  conce=949  conce=903  conce=902  hash_=972  poiso=1135  power=895  power=898  sawto=911  sawto=911  stale=902  stale=902  strid=911  tempo=949
  multi_range I32 N=1073741824 bins=      16 smem_cooperative_dynamic     conce=1137  conce=1021  conce=948  conce=903  conce=901  hash_=971  poiso=1136  power=895  power=897  sawto=911  sawto=911  stale=901  stale=902  strid=911  tempo=949
  multi_range I32 N=1073741824 bins=      32 smem_static                  conce=1004  conce=930  conce=856  conce=822  conce=821  hash_=906  poiso=1004  power=935  power=857  sawto=822  sawto=822  stale=821  stale=821  strid=822  tempo=904
  multi_range I32 N=1073741824 bins=      32 smem_cooperative_static      conce=1017  conce=938  conce=864  conce=830  conce=830  hash_=914  poiso=1016  power=943  power=866  sawto=831  sawto=831  stale=830  stale=829  strid=831  tempo=912
  multi_range I32 N=1073741824 bins=      32 smem_dynamic                 conce=987  conce=894  conce=834  conce=807  conce=807  hash_=879  poiso=985  power=901  power=837  sawto=808  sawto=808  stale=807  stale=807  strid=808  tempo=876
  multi_range I32 N=1073741824 bins=      32 smem_cooperative_dynamic     conce=987  conce=894  conce=834  conce=807  conce=807  hash_=879  poiso=985  power=901  power=837  sawto=808  sawto=808  stale=807  stale=807  strid=808  tempo=877
  multi_range I32 N=1073741824 bins=      64 smem_static                  conce=868  conce=756  conce=733  conce=729  conce=745  hash_=807  poiso=867  power=806  power=746  sawto=727  sawto=727  stale=745  stale=745  strid=727  tempo=806
  multi_range I32 N=1073741824 bins=      64 smem_cooperative_static      conce=881  conce=764  conce=742  conce=737  conce=754  hash_=815  poiso=880  power=815  power=754  sawto=736  sawto=736  stale=754  stale=754  strid=736  tempo=814
  multi_range I32 N=1073741824 bins=      64 smem_dynamic                 conce=869  conce=749  conce=729  conce=726  conce=741  hash_=795  poiso=868  power=793  power=741  sawto=726  sawto=726  stale=741  stale=741  strid=726  tempo=793
  multi_range I32 N=1073741824 bins=      64 smem_cooperative_dynamic     conce=869  conce=749  conce=729  conce=726  conce=741  hash_=795  poiso=868  power=793  power=741  sawto=726  sawto=726  stale=741  stale=741  strid=726  tempo=793
  multi_range I32 N=1073741824 bins=     128 smem_static                  conce=764  conce=718  conce=702  conce=687  conce=687  hash_=722  poiso=763  power=728  power=713  sawto=676  sawto=668  stale=687  stale=687  strid=674  tempo=721
  multi_range I32 N=1073741824 bins=     128 smem_cooperative_static      conce=777  conce=726  conce=710  conce=695  conce=696  hash_=730  poiso=776  power=737  power=721  sawto=684  sawto=676  stale=696  stale=696  strid=682  tempo=729
  multi_range I32 N=1073741824 bins=     128 smem_dynamic                 conce=776  conce=716  conce=700  conce=688  conce=690  hash_=720  poiso=774  power=725  power=712  sawto=680  sawto=673  stale=690  stale=690  strid=680  tempo=719
  multi_range I32 N=1073741824 bins=     128 smem_cooperative_dynamic     conce=776  conce=716  conce=700  conce=688  conce=690  hash_=720  poiso=774  power=725  power=712  sawto=680  sawto=674  stale=690  stale=690  strid=680  tempo=719
  multi_range I32 N=1073741824 bins=     256 smem_static                  conce=682  conce=652  conce=649  conce=645  conce=635  hash_=650  poiso=681  power=653  power=643  sawto=623  sawto=624  stale=635  stale=635  strid=633  tempo=650
  multi_range I32 N=1073741824 bins=     256 smem_cooperative_static      conce=694  conce=660  conce=657  conce=653  conce=643  hash_=658  poiso=693  power=662  power=651  sawto=631  sawto=632  stale=643  stale=643  strid=642  tempo=658
  multi_range I32 N=1073741824 bins=     256 smem_dynamic                 conce=700  conce=656  conce=654  conce=650  conce=641  hash_=656  poiso=698  power=659  power=648  sawto=634  sawto=631  stale=641  stale=641  strid=641  tempo=655
  multi_range I32 N=1073741824 bins=     256 smem_cooperative_dynamic     conce=701  conce=656  conce=654  conce=650  conce=641  hash_=656  poiso=699  power=659  power=648  sawto=634  sawto=631  stale=641  stale=641  strid=642  tempo=656
  multi_range I32 N=1073741824 bins=     512 smem_dynamic                 conce=2805  conce=1160  conce=1172  conce=1206  conce=1223  hash_=1153  poiso=2804  power=1168  power=1205  sawto=1230  sawto=1224  stale=1223  stale=1224  strid=1224  tempo=1157
  multi_range I32 N=1073741824 bins=     512 smem_cooperative_dynamic     conce=2770  conce=1160  conce=1172  conce=1205  conce=1221  hash_=1151  poiso=2769  power=1171  power=1204  sawto=1224  sawto=1220  stale=1221  stale=1221  strid=1220  tempo=1155
  queried input cache: cub.bench.histogram.multi.range.base.u64 I32 N=2000000000 -> S=1024
  multi_range I32 N=2000000000 bins=       8 smem_static                  conce=1453  conce=1081  conce=1085  conce=1091  conce=1092  hash_=1089  poiso=1453  power=1174  power=1090  sawto=1108  sawto=1108  stale=1092  stale=1092  strid=1108  tempo=1124
  multi_range I32 N=2000000000 bins=       8 smem_cooperative_static      conce=1465  conce=1087  conce=1091  conce=1098  conce=1100  hash_=1096  poiso=1465  power=1181  power=1097  sawto=1116  sawto=1116  stale=1100  stale=1100  strid=1116  tempo=1131
  multi_range I32 N=2000000000 bins=       8 smem_dynamic                 conce=1337  conce=1007  conce=1006  conce=1021  conce=1030  hash_=1025  poiso=1336  power=1085  power=1017  sawto=1044  sawto=1044  stale=1030  stale=1030  strid=1044  tempo=1051
  multi_range I32 N=2000000000 bins=       8 smem_cooperative_dynamic     conce=1337  conce=1007  conce=1006  conce=1021  conce=1030  hash_=1025  poiso=1336  power=1084  power=1017  sawto=1043  sawto=1043  stale=1029  stale=1029  strid=1043  tempo=1051
  multi_range I32 N=2000000000 bins=      16 smem_static                  conce=1189  conce=1098  conce=1002  conce=937  conce=935  hash_=1020  poiso=1189  power=930  power=932  sawto=945  sawto=945  stale=934  stale=935  strid=945  tempo=994
  multi_range I32 N=2000000000 bins=      16 smem_cooperative_static      conce=1203  conce=1106  conce=1010  conce=945  conce=943  hash_=1028  poiso=1202  power=938  power=940  sawto=953  sawto=953  stale=943  stale=943  strid=953  tempo=1002
  multi_range I32 N=2000000000 bins=      16 smem_dynamic                 conce=1138  conce=1022  conce=950  conce=903  conce=903  hash_=973  poiso=1137  power=896  power=899  sawto=912  sawto=912  stale=903  stale=903  strid=912  tempo=950
  multi_range I32 N=2000000000 bins=      16 smem_cooperative_dynamic     conce=1138  conce=1021  conce=950  conce=903  conce=902  hash_=972  poiso=1137  power=896  power=898  sawto=912  sawto=912  stale=902  stale=902  strid=912  tempo=950
  multi_range I32 N=2000000000 bins=      32 smem_static                  conce=1005  conce=931  conce=856  conce=823  conce=822  hash_=907  poiso=1005  power=936  power=858  sawto=822  sawto=822  stale=822  stale=822  strid=822  tempo=905
  multi_range I32 N=2000000000 bins=      32 smem_cooperative_static      conce=1018  conce=939  conce=865  conce=831  conce=830  hash_=915  poiso=1017  power=944  power=866  sawto=831  sawto=831  stale=830  stale=830  strid=831  tempo=913
  multi_range I32 N=2000000000 bins=      32 smem_dynamic                 conce=988  conce=895  conce=835  conce=808  conce=808  hash_=880  poiso=986  power=902  power=838  sawto=809  sawto=809  stale=808  stale=808  strid=809  tempo=877
  multi_range I32 N=2000000000 bins=      32 smem_cooperative_dynamic     conce=988  conce=895  conce=835  conce=808  conce=808  hash_=879  poiso=986  power=901  power=838  sawto=809  sawto=809  stale=808  stale=808  strid=809  tempo=877
  multi_range I32 N=2000000000 bins=      64 smem_static                  conce=868  conce=756  conce=734  conce=729  conce=745  hash_=808  poiso=868  power=807  power=746  sawto=728  sawto=728  stale=745  stale=745  strid=728  tempo=806
  multi_range I32 N=2000000000 bins=      64 smem_cooperative_static      conce=882  conce=764  conce=742  conce=737  conce=754  hash_=816  poiso=881  power=815  power=755  sawto=737  sawto=737  stale=754  stale=754  strid=737  tempo=815
  multi_range I32 N=2000000000 bins=      64 smem_dynamic                 conce=870  conce=749  conce=729  conce=726  conce=742  hash_=795  poiso=868  power=794  power=742  sawto=726  sawto=727  stale=742  stale=742  strid=727  tempo=794
  multi_range I32 N=2000000000 bins=      64 smem_cooperative_dynamic     conce=870  conce=750  conce=729  conce=726  conce=742  hash_=795  poiso=869  power=794  power=742  sawto=727  sawto=727  stale=742  stale=742  strid=727  tempo=794
  multi_range I32 N=2000000000 bins=     128 smem_static                  conce=764  conce=719  conce=702  conce=687  conce=688  hash_=722  poiso=764  power=729  power=713  sawto=676  sawto=668  stale=688  stale=688  strid=674  tempo=721
  multi_range I32 N=2000000000 bins=     128 smem_cooperative_static      conce=777  conce=727  conce=711  conce=695  conce=697  hash_=731  poiso=777  power=737  power=722  sawto=685  sawto=677  stale=697  stale=697  strid=683  tempo=730
  multi_range I32 N=2000000000 bins=     128 smem_dynamic                 conce=776  conce=716  conce=701  conce=688  conce=690  hash_=721  poiso=775  power=726  power=712  sawto=681  sawto=674  stale=690  stale=690  strid=680  tempo=720
  multi_range I32 N=2000000000 bins=     128 smem_cooperative_dynamic     conce=777  conce=717  conce=701  conce=689  conce=690  hash_=721  poiso=775  power=726  power=712  sawto=681  sawto=674  stale=690  stale=690  strid=681  tempo=720
  multi_range I32 N=2000000000 bins=     256 smem_static                  conce=682  conce=652  conce=650  conce=645  conce=635  hash_=651  poiso=682  power=654  power=643  sawto=623  sawto=624  stale=635  stale=635  strid=634  tempo=650
  multi_range I32 N=2000000000 bins=     256 smem_cooperative_static      conce=694  conce=660  conce=658  conce=653  conce=643  hash_=659  poiso=694  power=662  power=651  sawto=632  sawto=632  stale=643  stale=643  strid=642  tempo=658
  multi_range I32 N=2000000000 bins=     256 smem_dynamic                 conce=701  conce=657  conce=654  conce=650  conce=641  hash_=656  poiso=699  power=659  power=649  sawto=634  sawto=631  stale=641  stale=641  strid=642  tempo=656
  multi_range I32 N=2000000000 bins=     256 smem_cooperative_dynamic     conce=701  conce=657  conce=654  conce=651  conce=642  hash_=657  poiso=699  power=659  power=649  sawto=634  sawto=631  stale=642  stale=642  strid=642  tempo=656
  multi_range I32 N=2000000000 bins=     512 smem_dynamic                 conce=2811  conce=1161  conce=1174  conce=1207  conce=1225  hash_=1152  poiso=2811  power=1170  power=1207  sawto=1231  sawto=1226  stale=1225  stale=1225  strid=1226  tempo=1157
  multi_range I32 N=2000000000 bins=     512 smem_cooperative_dynamic     conce=2779  conce=1162  conce=1174  conce=1206  conce=1222  hash_=1149  poiso=2778  power=1171  power=1205  sawto=1226  sawto=1222  stale=1222  stale=1222  strid=1222  tempo=1156
  multi_range I32 N=   1048576 bins=       8 main                              conce=539  conce=461  conce=472  conce=482  conce=482  hash_=488  poiso=531  power=490  power=468  sawto=470  sawto=470  stale=481  stale=479  strid=463  tempo=541
  multi_range I32 N=   1048576 bins=      16 main                              conce=492  conce=459  conce=453  conce=438  conce=443  hash_=455  poiso=489  power=431  power=430  sawto=446  sawto=452  stale=431  stale=433  strid=450  tempo=493
  multi_range I32 N=   1048576 bins=      32 main                              conce=451  conce=419  conce=412  conce=398  conce=411  hash_=416  poiso=445  power=428  power=417  sawto=419  sawto=419  stale=399  stale=407  strid=409  tempo=451
  multi_range I32 N=   1048576 bins=      64 main                              conce=415  conce=368  conce=364  conce=363  conce=383  hash_=390  poiso=401  power=393  power=373  sawto=379  sawto=377  stale=371  stale=376  strid=372  tempo=412
  multi_range I32 N=   1048576 bins=     128 main                              conce=378  conce=357  conce=349  conce=343  conce=353  hash_=358  poiso=364  power=363  power=351  sawto=343  sawto=343  stale=346  stale=345  strid=337  tempo=376
  multi_range I32 N=   1048576 bins=     256 main                              conce=344  conce=324  conce=325  conce=324  conce=323  hash_=324  poiso=339  power=328  power=323  sawto=318  sawto=314  stale=323  stale=323  strid=314  tempo=345
  multi_range I32 N=   1048576 bins=     512 main                              conce=305  conce=242  conce=228  conce=227  conce=235  hash_=273  poiso=296  power=272  power=249  sawto=222  sawto=221  stale=238  stale=238  strid=252  tempo=305
  multi_range I32 N=  16777216 bins=       8 main                              conce=1275  conce=971  conce=976  conce=987  conce=994  hash_=1032  poiso=1272  power=1061  power=984  sawto=977  sawto=981  stale=992  stale=993  strid=975  tempo=1276
  multi_range I32 N=  16777216 bins=      16 main                              conce=1062  conce=982  conce=911  conce=858  conce=858  hash_=925  poiso=1060  power=846  power=853  sawto=909  sawto=910  stale=856  stale=856  strid=907  tempo=1062
  multi_range I32 N=  16777216 bins=      32 main                              conce=909  conce=847  conce=787  conce=758  conce=759  hash_=828  poiso=907  power=850  power=791  sawto=793  sawto=794  stale=758  stale=758  strid=793  tempo=910
  multi_range I32 N=  16777216 bins=      64 main                              conce=794  conce=699  conce=680  conce=676  conce=692  hash_=741  poiso=792  power=741  power=693  sawto=703  sawto=704  stale=691  stale=691  strid=702  tempo=794
  multi_range I32 N=  16777216 bins=     128 main                              conce=704  conce=665  conce=652  conce=638  conce=640  hash_=669  poiso=701  power=675  power=662  sawto=630  sawto=630  stale=638  stale=638  strid=629  tempo=704
  multi_range I32 N=  16777216 bins=     256 main                              conce=632  conce=606  conce=603  conce=600  conce=592  hash_=604  poiso=630  power=608  power=599  sawto=580  sawto=580  stale=592  stale=592  strid=579  tempo=632
  multi_range I32 N=  16777216 bins=     512 main                              conce=574  conce=506  conce=459  conce=471  conce=497  hash_=545  poiso=572  power=548  power=519  sawto=467  sawto=450  stale=496  stale=497  strid=524  tempo=574
  multi_range I32 N=  67108864 bins=       8 main                              conce=1392  conce=1042  conce=1046  conce=1055  conce=1057  hash_=1108  poiso=1391  power=1136  power=1054  sawto=1044  sawto=1057  stale=1057  stale=1058  strid=1044  tempo=1392
  multi_range I32 N=  67108864 bins=      16 main                              conce=1146  conce=1058  conce=971  conce=910  conce=907  hash_=984  poiso=1144  power=900  power=905  sawto=968  sawto=968  stale=907  stale=908  strid=967  tempo=1145
  multi_range I32 N=  67108864 bins=      32 main                              conce=970  conce=901  conce=832  conce=799  conce=798  hash_=876  poiso=969  power=905  power=833  sawto=838  sawto=838  stale=798  stale=799  strid=837  tempo=970
  multi_range I32 N=  67108864 bins=      64 main                              conce=840  conce=734  conce=713  conce=709  conce=724  hash_=782  poiso=839  power=783  power=725  sawto=738  sawto=738  stale=724  stale=724  strid=737  tempo=840
  multi_range I32 N=  67108864 bins=     128 main                              conce=740  conce=698  conce=682  conce=667  conce=668  hash_=700  poiso=739  power=707  power=693  sawto=659  sawto=659  stale=668  stale=668  strid=658  tempo=740
  multi_range I32 N=  67108864 bins=     256 main                              conce=661  conce=633  conce=631  conce=627  conce=617  hash_=631  poiso=660  power=635  power=625  sawto=604  sawto=604  stale=617  stale=617  strid=603  tempo=661
  multi_range I32 N=  67108864 bins=     512 main                              conce=603  conce=542  conce=490  conce=502  conce=528  hash_=571  poiso=602  power=577  power=552  sawto=497  sawto=481  stale=528  stale=528  strid=555  tempo=603
  multi_range I32 N= 268435456 bins=       8 main                              conce=1433  conce=1066  conce=1070  conce=1076  conce=1077  hash_=1133  poiso=1432  power=1160  power=1075  sawto=1061  sawto=1087  stale=1078  stale=1078  strid=1062  tempo=1433
  multi_range I32 N= 268435456 bins=      16 main                              conce=1172  conce=1083  conce=988  conce=925  conce=921  hash_=1003  poiso=1171  power=917  power=920  sawto=984  sawto=985  stale=922  stale=922  strid=984  tempo=1173
  multi_range I32 N= 268435456 bins=      32 main                              conce=989  conce=918  conce=843  conce=811  conce=809  hash_=892  poiso=988  power=923  power=846  sawto=850  sawto=851  stale=810  stale=810  strid=850  tempo=988
  multi_range I32 N= 268435456 bins=      64 main                              conce=854  conce=744  conce=722  conce=718  conce=732  hash_=794  poiso=853  power=795  power=735  sawto=747  sawto=748  stale=734  stale=734  strid=748  tempo=854
  multi_range I32 N= 268435456 bins=     128 main                              conce=751  conce=707  conce=691  conce=676  conce=675  hash_=710  poiso=750  power=717  power=702  sawto=667  sawto=667  stale=676  stale=676  strid=667  tempo=751
  multi_range I32 N= 268435456 bins=     256 main                              conce=670  conce=642  conce=639  conce=635  conce=624  hash_=639  poiso=669  power=643  power=632  sawto=611  sawto=611  stale=625  stale=624  strid=611  tempo=670
  multi_range I32 N= 268435456 bins=     512 main                              conce=611  conce=551  conce=497  conce=510  conce=535  hash_=581  poiso=610  power=587  power=561  sawto=507  sawto=485  stale=536  stale=536  strid=564  tempo=611
  multi_range I32 N=1073741824 bins=       8 main                              conce=1443  conce=1073  conce=1076  conce=1082  conce=1084  hash_=1139  poiso=1442  power=1166  power=1081  sawto=1068  sawto=1095  stale=1084  stale=1084  strid=1068  tempo=1443
  multi_range I32 N=1073741824 bins=      16 main                              conce=1179  conce=1090  conce=993  conce=929  conce=926  hash_=1009  poiso=1179  power=921  power=924  sawto=989  sawto=990  stale=926  stale=926  strid=989  tempo=1179
  multi_range I32 N=1073741824 bins=      32 main                              conce=994  conce=922  conce=848  conce=814  conce=813  hash_=896  poiso=993  power=927  power=849  sawto=854  sawto=854  stale=813  stale=813  strid=854  tempo=994
  multi_range I32 N=1073741824 bins=      64 main                              conce=858  conce=747  conce=725  conce=721  conce=737  hash_=797  poiso=857  power=798  power=738  sawto=750  sawto=751  stale=737  stale=736  strid=750  tempo=858
  multi_range I32 N=1073741824 bins=     128 main                              conce=754  conce=710  conce=694  conce=679  conce=679  hash_=713  poiso=754  power=720  power=704  sawto=669  sawto=670  stale=679  stale=679  strid=669  tempo=754
  multi_range I32 N=1073741824 bins=     256 main                              conce=673  conce=644  conce=642  conce=637  conce=627  hash_=642  poiso=672  power=645  power=635  sawto=613  sawto=613  stale=627  stale=627  strid=613  tempo=673
  multi_range I32 N=1073741824 bins=     512 main                              conce=614  conce=554  conce=499  conce=511  conce=538  hash_=584  poiso=614  power=590  power=564  sawto=508  sawto=487  stale=538  stale=538  strid=567  tempo=614
  multi_range I32 N=2000000000 bins=       8 main                              conce=1445  conce=1074  conce=1077  conce=1083  conce=1085  hash_=1141  poiso=1444  power=1167  power=1082  sawto=1070  sawto=1096  stale=1085  stale=1086  strid=1069  tempo=1444
  multi_range I32 N=2000000000 bins=      16 main                              conce=1180  conce=1091  conce=994  conce=930  conce=927  hash_=1009  poiso=1180  power=922  power=925  sawto=990  sawto=991  stale=927  stale=927  strid=990  tempo=1181
  multi_range I32 N=2000000000 bins=      32 main                              conce=995  conce=923  conce=849  conce=815  conce=814  hash_=897  poiso=994  power=928  power=850  sawto=855  sawto=855  stale=814  stale=814  strid=854  tempo=995
  multi_range I32 N=2000000000 bins=      64 main                              conce=859  conce=748  conce=726  conce=721  conce=737  hash_=798  poiso=858  power=799  power=738  sawto=751  sawto=752  stale=737  stale=737  strid=751  tempo=859
  multi_range I32 N=2000000000 bins=     128 main                              conce=755  conce=711  conce=694  conce=679  conce=680  hash_=713  poiso=754  power=720  power=705  sawto=670  sawto=670  stale=680  stale=680  strid=670  tempo=755
  multi_range I32 N=2000000000 bins=     256 main                              conce=673  conce=645  conce=642  conce=638  conce=627  hash_=642  poiso=673  power=646  power=636  sawto=613  sawto=614  stale=627  stale=627  strid=614  tempo=673
  multi_range I32 N=2000000000 bins=     512 main                              conce=615  conce=555  conce=500  conce=512  conce=539  hash_=585  poiso=614  power=590  power=565  sawto=509  sawto=487  stale=539  stale=539  strid=567  tempo=615
  queried input cache: cub.bench.histogram.multi.range.base.u64 F64 N=1048576 -> S=1024
  multi_range F64 N=   1048576 bins=       8 smem_static                  conce=979  conce=967  conce=998  conce=1041  conce=1048  hash_=950  poiso=976  power=970  power=1008  sawto=1063  sawto=1056  stale=1053  stale=1061  strid=1041  tempo=961
  multi_range F64 N=   1048576 bins=       8 smem_cooperative_static      conce=845  conce=830  conce=847  conce=888  conce=878  hash_=821  poiso=844  power=841  power=847  sawto=893  sawto=891  stale=896  stale=899  strid=870  tempo=838
  multi_range F64 N=   1048576 bins=       8 smem_dynamic                 conce=880  conce=831  conce=844  conce=880  conce=899  hash_=841  poiso=874  power=860  power=856  sawto=903  sawto=903  stale=896  stale=904  strid=884  tempo=847
  multi_range F64 N=   1048576 bins=       8 smem_cooperative_dynamic     conce=847  conce=793  conce=839  conce=846  conce=874  hash_=832  poiso=847  power=841  power=844  sawto=878  sawto=882  stale=882  stale=890  strid=862  tempo=840
  multi_range F64 N=   1048576 bins=      16 smem_static                  conce=925  conce=969  conce=982  conce=974  conce=959  hash_=897  poiso=909  power=895  power=971  sawto=952  sawto=948  stale=967  stale=972  strid=942  tempo=917
  multi_range F64 N=   1048576 bins=      16 smem_cooperative_static      conce=791  conce=836  conce=839  conce=803  conce=799  hash_=781  poiso=785  power=755  power=790  sawto=788  sawto=788  stale=797  stale=807  strid=784  tempo=787
  multi_range F64 N=   1048576 bins=      16 smem_dynamic                 conce=837  conce=831  conce=840  conce=834  conce=829  hash_=814  poiso=831  power=781  power=829  sawto=846  sawto=844  stale=830  stale=835  strid=831  tempo=814
  multi_range F64 N=   1048576 bins=      16 smem_cooperative_dynamic     conce=824  conce=792  conce=831  conce=810  conce=811  hash_=783  poiso=796  power=776  power=792  sawto=841  sawto=840  stale=821  stale=829  strid=834  tempo=794
  multi_range F64 N=   1048576 bins=      32 smem_static                  conce=866  conce=893  conce=897  conce=877  conce=882  hash_=856  poiso=854  power=894  power=905  sawto=848  sawto=851  stale=881  stale=889  strid=838  tempo=869
  multi_range F64 N=   1048576 bins=      32 smem_cooperative_static      conce=739  conce=769  conce=750  conce=735  conce=732  hash_=731  poiso=737  power=763  power=760  sawto=730  sawto=728  stale=737  stale=738  strid=719  tempo=738
  multi_range F64 N=   1048576 bins=      32 smem_dynamic                 conce=786  conce=787  conce=787  conce=779  conce=795  hash_=763  poiso=779  power=786  power=800  sawto=788  sawto=787  stale=785  stale=789  strid=777  tempo=775
  multi_range F64 N=   1048576 bins=      32 smem_cooperative_dynamic     conce=779  conce=780  conce=775  conce=775  conce=772  hash_=744  poiso=774  power=778  power=784  sawto=781  sawto=778  stale=780  stale=779  strid=774  tempo=767
  multi_range F64 N=   1048576 bins=      64 smem_static                  conce=819  conce=781  conce=776  conce=777  conce=814  hash_=786  poiso=799  power=825  power=826  sawto=780  sawto=778  stale=814  stale=819  strid=764  tempo=813
  multi_range F64 N=   1048576 bins=      64 smem_cooperative_static      conce=693  conce=654  conce=652  conce=653  conce=676  hash_=681  poiso=686  power=697  power=689  sawto=651  sawto=652  stale=685  stale=686  strid=646  tempo=688
  multi_range F64 N=   1048576 bins=      64 smem_dynamic                 conce=742  conce=702  conce=698  conce=710  conce=744  hash_=711  poiso=739  power=731  power=726  sawto=719  sawto=718  stale=734  stale=736  strid=716  tempo=726
  multi_range F64 N=   1048576 bins=      64 smem_cooperative_dynamic     conce=733  conce=690  conce=689  conce=692  conce=728  hash_=692  poiso=733  power=724  power=731  sawto=707  sawto=705  stale=733  stale=733  strid=695  tempo=724
  multi_range F64 N=   1048576 bins=     128 smem_static                  conce=766  conce=738  conce=725  conce=715  conce=712  hash_=718  poiso=743  power=773  power=743  sawto=743  sawto=711  stale=706  stale=712  strid=712  tempo=743
  multi_range F64 N=   1048576 bins=     128 smem_cooperative_static      conce=648  conce=619  conce=616  conce=614  conce=605  hash_=617  poiso=632  power=651  power=623  sawto=619  sawto=605  stale=611  stale=613  strid=597  tempo=629
  multi_range F64 N=   1048576 bins=     128 smem_dynamic                 conce=694  conce=671  conce=657  conce=655  conce=660  hash_=655  poiso=684  power=689  power=684  sawto=686  sawto=650  stale=660  stale=661  strid=645  tempo=683
  multi_range F64 N=   1048576 bins=     128 smem_cooperative_dynamic     conce=690  conce=654  conce=651  conce=651  conce=649  hash_=647  poiso=683  power=686  power=683  sawto=686  sawto=650  stale=651  stale=652  strid=645  tempo=678
  multi_range F64 N=   1048576 bins=     256 smem_static                  conce=703  conce=682  conce=647  conce=612  conce=597  hash_=670  poiso=682  power=711  power=666  sawto=711  sawto=578  stale=594  stale=595  strid=581  tempo=689
  multi_range F64 N=   1048576 bins=     256 smem_cooperative_static      conce=597  conce=584  conce=567  conce=539  conce=527  hash_=573  poiso=585  power=605  power=581  sawto=598  sawto=509  stale=530  stale=530  strid=518  tempo=584
  multi_range F64 N=   1048576 bins=     256 smem_dynamic                 conce=651  conce=624  conce=606  conce=583  conce=573  hash_=615  poiso=636  power=646  power=621  sawto=656  sawto=551  stale=574  stale=576  strid=561  tempo=640
  multi_range F64 N=   1048576 bins=     256 smem_cooperative_dynamic     conce=650  conce=617  conce=600  conce=584  conce=563  hash_=613  poiso=628  power=648  power=617  sawto=652  sawto=549  stale=564  stale=569  strid=555  tempo=632
  multi_range F64 N=   1048576 bins=     512 smem_dynamic                 conce=852  conce=763  conce=775  conce=795  conce=810  hash_=766  poiso=850  power=776  power=801  sawto=870  sawto=831  stale=803  stale=809  strid=820  tempo=767
  multi_range F64 N=   1048576 bins=     512 smem_cooperative_dynamic     conce=842  conce=736  conce=763  conce=785  conce=781  hash_=755  poiso=841  power=778  power=786  sawto=844  sawto=815  stale=786  stale=787  strid=794  tempo=742
  queried input cache: cub.bench.histogram.multi.range.base.u64 F64 N=16777216 -> S=1024
  multi_range F64 N=  16777216 bins=       8 smem_static                  conce=1786  conce=1737  conce=1873  conce=1950  conce=1964  hash_=1664  poiso=1787  power=1785  power=1913  sawto=1979  sawto=1979  stale=1962  stale=1964  strid=1975  tempo=1711
  multi_range F64 N=  16777216 bins=       8 smem_cooperative_static      conce=1782  conce=1734  conce=1868  conce=1945  conce=1955  hash_=1659  poiso=1782  power=1781  power=1907  sawto=1975  sawto=1975  stale=1958  stale=1959  strid=1973  tempo=1703
  multi_range F64 N=  16777216 bins=       8 smem_dynamic                 conce=1712  conce=1586  conce=1672  conce=1777  conce=1870  hash_=1585  poiso=1711  power=1645  power=1731  sawto=1856  sawto=1855  stale=1870  stale=1871  strid=1854  tempo=1618
  multi_range F64 N=  16777216 bins=       8 smem_cooperative_dynamic     conce=1709  conce=1585  conce=1671  conce=1775  conce=1867  hash_=1584  poiso=1709  power=1643  power=1731  sawto=1858  sawto=1857  stale=1868  stale=1869  strid=1855  tempo=1615
  multi_range F64 N=  16777216 bins=      16 smem_static                  conce=1654  conce=1764  conce=1773  conce=1692  conce=1671  hash_=1603  poiso=1650  power=1538  power=1671  sawto=1681  sawto=1680  stale=1673  stale=1674  strid=1680  tempo=1581
  multi_range F64 N=  16777216 bins=      16 smem_cooperative_static      conce=1650  conce=1758  conce=1769  conce=1691  conce=1671  hash_=1599  poiso=1642  power=1535  power=1670  sawto=1682  sawto=1681  stale=1674  stale=1675  strid=1679  tempo=1577
  multi_range F64 N=  16777216 bins=      16 smem_dynamic                 conce=1608  conce=1600  conce=1638  conce=1628  conce=1655  hash_=1542  poiso=1604  power=1475  power=1595  sawto=1669  sawto=1668  stale=1655  stale=1656  strid=1666  tempo=1525
  multi_range F64 N=  16777216 bins=      16 smem_cooperative_dynamic     conce=1609  conce=1599  conce=1636  conce=1628  conce=1655  hash_=1542  poiso=1601  power=1474  power=1596  sawto=1670  sawto=1669  stale=1656  stale=1656  strid=1668  tempo=1525
  multi_range F64 N=  16777216 bins=      32 smem_static                  conce=1502  conce=1577  conce=1536  conce=1479  conce=1470  hash_=1472  poiso=1501  power=1554  power=1544  sawto=1467  sawto=1467  stale=1473  stale=1475  strid=1466  tempo=1475
  multi_range F64 N=  16777216 bins=      32 smem_cooperative_static      conce=1499  conce=1574  conce=1536  conce=1480  conce=1470  hash_=1469  poiso=1496  power=1551  power=1546  sawto=1466  sawto=1466  stale=1474  stale=1474  strid=1463  tempo=1473
  multi_range F64 N=  16777216 bins=      32 smem_dynamic                 conce=1492  conce=1485  conce=1483  conce=1483  conce=1493  hash_=1437  poiso=1489  power=1481  power=1525  sawto=1495  sawto=1494  stale=1494  stale=1494  strid=1494  tempo=1439
  multi_range F64 N=  16777216 bins=      32 smem_cooperative_dynamic     conce=1491  conce=1483  conce=1484  conce=1483  conce=1493  hash_=1435  poiso=1488  power=1479  power=1525  sawto=1496  sawto=1495  stale=1495  stale=1495  strid=1494  tempo=1439
  multi_range F64 N=  16777216 bins=      64 smem_static                  conce=1367  conce=1269  conce=1251  conce=1268  conce=1331  hash_=1321  poiso=1357  power=1388  power=1326  sawto=1263  sawto=1259  stale=1315  stale=1316  strid=1262  tempo=1325
  multi_range F64 N=  16777216 bins=      64 smem_cooperative_static      conce=1366  conce=1282  conce=1272  conce=1291  conce=1332  hash_=1326  poiso=1361  power=1392  power=1340  sawto=1298  sawto=1299  stale=1333  stale=1335  strid=1294  tempo=1329
  multi_range F64 N=  16777216 bins=      64 smem_dynamic                 conce=1370  conce=1262  conce=1248  conce=1278  conce=1344  hash_=1310  poiso=1366  power=1360  power=1328  sawto=1321  sawto=1325  stale=1344  stale=1344  strid=1320  tempo=1310
  multi_range F64 N=  16777216 bins=      64 smem_cooperative_dynamic     conce=1368  conce=1261  conce=1249  conce=1276  conce=1343  hash_=1309  poiso=1363  power=1358  power=1327  sawto=1322  sawto=1324  stale=1344  stale=1345  strid=1319  tempo=1309
  multi_range F64 N=  16777216 bins=     128 smem_static                  conce=1247  conce=1184  conce=1159  conce=1151  conce=1155  hash_=1187  poiso=1239  power=1261  power=1206  sawto=1192  sawto=1133  stale=1154  stale=1154  strid=1138  tempo=1190
  multi_range F64 N=  16777216 bins=     128 smem_cooperative_static      conce=1245  conce=1184  conce=1160  conce=1150  conce=1152  hash_=1187  poiso=1239  power=1263  power=1206  sawto=1194  sawto=1133  stale=1155  stale=1155  strid=1140  tempo=1190
  multi_range F64 N=  16777216 bins=     128 smem_dynamic                 conce=1269  conce=1164  conce=1114  conce=1118  conce=1146  hash_=1197  poiso=1264  power=1249  power=1190  sawto=1240  sawto=1143  stale=1145  stale=1146  strid=1155  tempo=1200
  multi_range F64 N=  16777216 bins=     128 smem_cooperative_dynamic     conce=1270  conce=1162  conce=1114  conce=1117  conce=1146  hash_=1195  poiso=1264  power=1249  power=1190  sawto=1241  sawto=1143  stale=1145  stale=1146  strid=1155  tempo=1199
  multi_range F64 N=  16777216 bins=     256 smem_static                  conce=1132  conce=1054  conce=1034  conce=980  conce=940  hash_=1055  poiso=1124  power=1140  power=1055  sawto=1097  sawto=914  stale=940  stale=940  strid=933  tempo=1055
  multi_range F64 N=  16777216 bins=     256 smem_cooperative_static      conce=1140  conce=1074  conce=1041  conce=978  conce=938  hash_=1072  poiso=1134  power=1147  power=1073  sawto=1117  sawto=912  stale=937  stale=937  strid=931  tempo=1075
  multi_range F64 N=  16777216 bins=     256 smem_dynamic                 conce=1174  conce=1064  conce=983  conce=936  conce=916  hash_=1102  poiso=1167  power=1153  power=1056  sawto=1160  sawto=892  stale=915  stale=916  strid=911  tempo=1105
  multi_range F64 N=  16777216 bins=     256 smem_cooperative_dynamic     conce=1175  conce=1063  conce=983  conce=936  conce=915  hash_=1102  poiso=1167  power=1152  power=1055  sawto=1162  sawto=891  stale=916  stale=916  strid=910  tempo=1105
  multi_range F64 N=  16777216 bins=     512 smem_dynamic                 conce=1816  conce=1592  conce=1639  conce=1739  conce=1778  hash_=1603  poiso=1815  power=1637  power=1809  sawto=2142  sawto=1927  stale=1776  stale=1778  strid=1913  tempo=1602
  multi_range F64 N=  16777216 bins=     512 smem_cooperative_dynamic     conce=1812  conce=1589  conce=1637  conce=1735  conce=1772  hash_=1600  poiso=1810  power=1643  power=1804  sawto=2137  sawto=1923  stale=1772  stale=1774  strid=1910  tempo=1599
  queried input cache: cub.bench.histogram.multi.range.base.u64 F64 N=67108864 -> S=1024
  multi_range F64 N=  67108864 bins=       8 smem_static                  conce=1870  conce=1833  conce=1991  conce=2087  conce=2103  hash_=1750  poiso=1869  power=1881  power=2038  sawto=2127  sawto=2126  stale=2106  stale=2106  strid=2126  tempo=1798
  multi_range F64 N=  67108864 bins=       8 smem_cooperative_static      conce=1867  conce=1828  conce=1982  conce=2073  conce=2082  hash_=1745  poiso=1867  power=1876  power=2028  sawto=2106  sawto=2105  stale=2084  stale=2084  strid=2104  tempo=1793
  multi_range F64 N=  67108864 bins=       8 smem_dynamic                 conce=1813  conce=1681  conce=1779  conce=1896  conce=1996  hash_=1677  poiso=1812  power=1742  power=1846  sawto=1991  sawto=1991  stale=1997  stale=1997  strid=1991  tempo=1712
  multi_range F64 N=  67108864 bins=       8 smem_cooperative_dynamic     conce=1811  conce=1681  conce=1779  conce=1897  conce=1998  hash_=1676  poiso=1810  power=1742  power=1846  sawto=1993  sawto=1992  stale=1999  stale=2000  strid=1992  tempo=1711
  multi_range F64 N=  67108864 bins=      16 smem_static                  conce=1733  conce=1864  conce=1892  conce=1805  conce=1789  hash_=1689  poiso=1732  power=1621  power=1784  sawto=1801  sawto=1799  stale=1791  stale=1791  strid=1799  tempo=1660
  multi_range F64 N=  67108864 bins=      16 smem_cooperative_static      conce=1730  conce=1859  conce=1880  conce=1788  conce=1766  hash_=1683  poiso=1728  power=1614  power=1767  sawto=1775  sawto=1775  stale=1766  stale=1767  strid=1774  tempo=1655
  multi_range F64 N=  67108864 bins=      16 smem_dynamic                 conce=1702  conce=1699  conce=1743  conce=1727  conce=1754  hash_=1635  poiso=1699  power=1563  power=1694  sawto=1766  sawto=1765  stale=1754  stale=1754  strid=1765  tempo=1614
  multi_range F64 N=  67108864 bins=      16 smem_cooperative_dynamic     conce=1701  conce=1699  conce=1743  conce=1729  conce=1755  hash_=1634  poiso=1698  power=1562  power=1694  sawto=1768  sawto=1767  stale=1756  stale=1755  strid=1767  tempo=1613
  multi_range F64 N=  67108864 bins=      32 smem_static                  conce=1579  conce=1669  conce=1634  conce=1578  conce=1566  hash_=1551  poiso=1578  power=1641  power=1650  sawto=1557  sawto=1557  stale=1566  stale=1566  strid=1557  tempo=1551
  multi_range F64 N=  67108864 bins=      32 smem_cooperative_static      conce=1574  conce=1660  conce=1619  conce=1555  conce=1542  hash_=1544  poiso=1572  power=1634  power=1629  sawto=1535  sawto=1535  stale=1544  stale=1544  strid=1535  tempo=1545
  multi_range F64 N=  67108864 bins=      32 smem_dynamic                 conce=1580  conce=1576  conce=1572  conce=1567  conce=1574  hash_=1525  poiso=1577  power=1570  power=1612  sawto=1573  sawto=1572  stale=1573  stale=1573  strid=1572  tempo=1526
  multi_range F64 N=  67108864 bins=      32 smem_cooperative_dynamic     conce=1578  conce=1575  conce=1572  conce=1568  conce=1574  hash_=1524  poiso=1576  power=1569  power=1613  sawto=1575  sawto=1574  stale=1576  stale=1576  strid=1574  tempo=1525
  multi_range F64 N=  67108864 bins=      64 smem_static                  conce=1438  conce=1352  conce=1349  conce=1366  conce=1414  hash_=1398  poiso=1436  power=1475  power=1420  sawto=1381  sawto=1381  stale=1415  stale=1416  strid=1380  tempo=1397
  multi_range F64 N=  67108864 bins=      64 smem_cooperative_static      conce=1431  conce=1344  conce=1336  conce=1354  conce=1399  hash_=1390  poiso=1428  power=1464  power=1404  sawto=1357  sawto=1359  stale=1398  stale=1398  strid=1358  tempo=1388
  multi_range F64 N=  67108864 bins=      64 smem_dynamic                 conce=1448  conce=1333  conce=1319  conce=1350  conce=1418  hash_=1388  poiso=1446  power=1438  power=1400  sawto=1395  sawto=1397  stale=1418  stale=1418  strid=1394  tempo=1386
  multi_range F64 N=  67108864 bins=      64 smem_cooperative_dynamic     conce=1447  conce=1332  conce=1319  conce=1348  conce=1419  hash_=1387  poiso=1445  power=1438  power=1402  sawto=1396  sawto=1399  stale=1418  stale=1419  strid=1396  tempo=1385
  multi_range F64 N=  67108864 bins=     128 smem_static                  conce=1313  conce=1241  conce=1213  conce=1206  conce=1218  hash_=1250  poiso=1310  power=1337  power=1275  sawto=1261  sawto=1191  stale=1213  stale=1213  strid=1201  tempo=1249
  multi_range F64 N=  67108864 bins=     128 smem_cooperative_static      conce=1305  conce=1235  conce=1209  conce=1200  conce=1207  hash_=1242  poiso=1302  power=1326  power=1264  sawto=1248  sawto=1183  stale=1205  stale=1205  strid=1193  tempo=1242
  multi_range F64 N=  67108864 bins=     128 smem_dynamic                 conce=1345  conce=1234  conce=1168  conce=1173  conce=1207  hash_=1265  poiso=1341  power=1321  power=1255  sawto=1303  sawto=1205  stale=1207  stale=1207  strid=1222  tempo=1265
  multi_range F64 N=  67108864 bins=     128 smem_cooperative_dynamic     conce=1343  conce=1231  conce=1168  conce=1173  conce=1207  hash_=1265  poiso=1340  power=1321  power=1255  sawto=1305  sawto=1206  stale=1207  stale=1207  strid=1222  tempo=1265
  multi_range F64 N=  67108864 bins=     256 smem_static                  conce=1199  conce=1128  conce=1085  conce=1016  conce=972  hash_=1131  poiso=1194  power=1214  power=1129  sawto=1178  sawto=945  stale=971  stale=972  strid=966  tempo=1132
  multi_range F64 N=  67108864 bins=     256 smem_cooperative_static      conce=1192  conce=1121  conce=1081  conce=1013  conce=969  hash_=1125  poiso=1189  power=1204  power=1121  sawto=1165  sawto=943  stale=970  stale=970  strid=964  tempo=1123
  multi_range F64 N=  67108864 bins=     256 smem_dynamic                 conce=1245  conce=1117  conce=1023  conce=973  conce=951  hash_=1164  poiso=1240  power=1219  power=1106  sawto=1217  sawto=927  stale=950  stale=951  strid=947  tempo=1163
  multi_range F64 N=  67108864 bins=     256 smem_cooperative_dynamic     conce=1243  conce=1117  conce=1023  conce=973  conce=951  hash_=1164  poiso=1237  power=1218  power=1107  sawto=1219  sawto=927  stale=951  stale=951  strid=947  tempo=1163
  multi_range F64 N=  67108864 bins=     512 smem_dynamic                 conce=1933  conce=1705  conce=1760  conce=1881  conce=1924  hash_=1715  poiso=1932  power=1781  power=1962  sawto=2357  sawto=2100  stale=1922  stale=1923  strid=2087  tempo=1715
  multi_range F64 N=  67108864 bins=     512 smem_cooperative_dynamic     conce=1932  conce=1704  conce=1758  conce=1880  conce=1922  hash_=1714  poiso=1931  power=1780  power=1960  sawto=2355  sawto=2095  stale=1922  stale=1922  strid=2084  tempo=1714
  queried input cache: cub.bench.histogram.multi.range.base.u64 F64 N=268435456 -> S=1024
  multi_range F64 N= 268435456 bins=       8 smem_static                  conce=1893  conce=1858  conce=2021  conce=2122  conce=2142  hash_=1772  poiso=1892  power=1906  power=2071  sawto=2163  sawto=2164  stale=2142  stale=2142  strid=2163  tempo=1819
  multi_range F64 N= 268435456 bins=       8 smem_cooperative_static      conce=1891  conce=1854  conce=2014  conce=2110  conce=2121  hash_=1769  poiso=1891  power=1904  power=2062  sawto=2143  sawto=2144  stale=2122  stale=2122  strid=2143  tempo=1817
  multi_range F64 N= 268435456 bins=       8 smem_dynamic                 conce=1841  conce=1708  conce=1811  conce=1935  conce=2039  hash_=1703  poiso=1842  power=1772  power=1882  sawto=2034  sawto=2033  stale=2038  stale=2038  strid=2034  tempo=1738
  multi_range F64 N= 268435456 bins=       8 smem_cooperative_dynamic     conce=1841  conce=1708  conce=1810  conce=1936  conce=2042  hash_=1704  poiso=1841  power=1772  power=1882  sawto=2037  sawto=2036  stale=2041  stale=2041  strid=2036  tempo=1739
  multi_range F64 N= 268435456 bins=      16 smem_static                  conce=1754  conce=1891  conce=1921  conce=1832  conce=1817  hash_=1711  poiso=1753  power=1642  power=1810  sawto=1825  sawto=1825  stale=1816  stale=1816  strid=1825  tempo=1679
  multi_range F64 N= 268435456 bins=      16 smem_cooperative_static      conce=1752  conce=1888  conce=1909  conce=1814  conce=1793  hash_=1707  poiso=1751  power=1636  power=1794  sawto=1802  sawto=1802  stale=1792  stale=1792  strid=1802  tempo=1676
  multi_range F64 N= 268435456 bins=      16 smem_dynamic                 conce=1728  conce=1728  conce=1776  conce=1760  conce=1787  hash_=1663  poiso=1728  power=1589  power=1726  sawto=1798  sawto=1797  stale=1786  stale=1786  strid=1797  tempo=1640
  multi_range F64 N= 268435456 bins=      16 smem_cooperative_dynamic     conce=1728  conce=1728  conce=1777  conce=1762  conce=1788  hash_=1663  poiso=1727  power=1589  power=1727  sawto=1800  sawto=1800  stale=1789  stale=1789  strid=1800  tempo=1640
  multi_range F64 N= 268435456 bins=      32 smem_static                  conce=1599  conce=1691  conce=1656  conce=1598  conce=1588  hash_=1571  poiso=1598  power=1663  power=1672  sawto=1580  sawto=1581  stale=1587  stale=1588  strid=1580  tempo=1570
  multi_range F64 N= 268435456 bins=      32 smem_cooperative_static      conce=1595  conce=1685  conce=1642  conce=1579  conce=1565  hash_=1566  poiso=1594  power=1657  power=1653  sawto=1559  sawto=1561  stale=1566  stale=1566  strid=1560  tempo=1565
  multi_range F64 N= 268435456 bins=      32 smem_dynamic                 conce=1605  conce=1604  conce=1600  conce=1591  conce=1599  hash_=1553  poiso=1604  power=1597  power=1640  sawto=1597  sawto=1597  stale=1599  stale=1598  strid=1597  tempo=1552
  multi_range F64 N= 268435456 bins=      32 smem_cooperative_dynamic     conce=1604  conce=1603  conce=1600  conce=1594  conce=1601  hash_=1552  poiso=1603  power=1597  power=1642  sawto=1599  sawto=1599  stale=1601  stale=1601  strid=1599  tempo=1551
  multi_range F64 N= 268435456 bins=      64 smem_static                  conce=1454  conce=1370  conce=1365  conce=1381  conce=1434  hash_=1415  poiso=1453  power=1493  power=1436  sawto=1398  sawto=1398  stale=1432  stale=1432  strid=1398  tempo=1412
  multi_range F64 N= 268435456 bins=      64 smem_cooperative_static      conce=1449  conce=1362  conce=1354  conce=1374  conce=1420  hash_=1409  poiso=1448  power=1483  power=1422  sawto=1380  sawto=1383  stale=1420  stale=1420  strid=1381  tempo=1406
  multi_range F64 N= 268435456 bins=      64 smem_dynamic                 conce=1471  conce=1354  conce=1341  conce=1375  conce=1442  hash_=1411  poiso=1470  power=1462  power=1423  sawto=1417  sawto=1419  stale=1442  stale=1442  strid=1417  tempo=1408
  multi_range F64 N= 268435456 bins=      64 smem_cooperative_dynamic     conce=1470  conce=1354  conce=1341  conce=1373  conce=1443  hash_=1411  poiso=1469  power=1462  power=1425  sawto=1419  sawto=1422  stale=1443  stale=1443  strid=1419  tempo=1407
  multi_range F64 N= 268435456 bins=     128 smem_static                  conce=1328  conce=1258  conce=1231  conce=1224  conce=1230  hash_=1265  poiso=1324  power=1353  power=1292  sawto=1281  sawto=1207  stale=1230  stale=1230  strid=1219  tempo=1263
  multi_range F64 N= 268435456 bins=     128 smem_cooperative_static      conce=1320  conce=1252  conce=1225  conce=1218  conce=1224  hash_=1260  poiso=1319  power=1343  power=1285  sawto=1264  sawto=1199  stale=1223  stale=1223  strid=1208  tempo=1258
  multi_range F64 N= 268435456 bins=     128 smem_dynamic                 conce=1367  conce=1252  conce=1182  conce=1189  conce=1225  hash_=1285  poiso=1364  power=1343  power=1274  sawto=1322  sawto=1223  stale=1224  stale=1224  strid=1241  tempo=1283
  multi_range F64 N= 268435456 bins=     128 smem_cooperative_dynamic     conce=1365  conce=1251  conce=1182  conce=1189  conce=1225  hash_=1286  poiso=1362  power=1343  power=1274  sawto=1324  sawto=1225  stale=1225  stale=1225  strid=1241  tempo=1284
  multi_range F64 N= 268435456 bins=     256 smem_static                  conce=1213  conce=1144  conce=1094  conce=1023  conce=978  hash_=1148  poiso=1211  power=1230  power=1144  sawto=1192  sawto=952  stale=979  stale=979  strid=973  tempo=1146
  multi_range F64 N= 268435456 bins=     256 smem_cooperative_static      conce=1206  conce=1136  conce=1092  conce=1022  conce=977  hash_=1139  poiso=1203  power=1219  power=1135  sawto=1177  sawto=951  stale=977  stale=977  strid=972  tempo=1138
  multi_range F64 N= 268435456 bins=     256 smem_dynamic                 conce=1266  conce=1133  conce=1034  conce=982  conce=960  hash_=1183  poiso=1262  power=1239  power=1121  sawto=1234  sawto=936  stale=960  stale=960  strid=956  tempo=1181
  multi_range F64 N= 268435456 bins=     256 smem_cooperative_dynamic     conce=1264  conce=1132  conce=1034  conce=982  conce=960  hash_=1183  poiso=1260  power=1238  power=1121  sawto=1236  sawto=936  stale=960  stale=960  strid=956  tempo=1181
  multi_range F64 N= 268435456 bins=     512 smem_dynamic                 conce=1965  conce=1737  conce=1794  conce=1922  conce=1968  hash_=1747  poiso=1965  power=1829  power=2007  sawto=2419  sawto=2151  stale=1968  stale=1968  strid=2140  tempo=1744
  multi_range F64 N= 268435456 bins=     512 smem_cooperative_dynamic     conce=1965  conce=1736  conce=1794  conce=1922  conce=1967  hash_=1747  poiso=1964  power=1828  power=2006  sawto=2419  sawto=2148  stale=1967  stale=1967  strid=2138  tempo=1744
  queried input cache: cub.bench.histogram.multi.range.base.u64 F64 N=1073741824 -> S=1024
  multi_range F64 N=1073741824 bins=       8 smem_static                  conce=1899  conce=1865  conce=2030  conce=2132  conce=2154  hash_=1778  poiso=1899  power=1913  power=2080  sawto=2176  sawto=2176  stale=2153  stale=2154  strid=2176  tempo=1825
  multi_range F64 N=1073741824 bins=       8 smem_cooperative_static      conce=1898  conce=1862  conce=2023  conce=2120  conce=2135  hash_=1775  poiso=1898  power=1911  power=2072  sawto=2156  sawto=2156  stale=2135  stale=2134  strid=2156  tempo=1823
  multi_range F64 N=1073741824 bins=       8 smem_dynamic                 conce=1848  conce=1715  conce=1818  conce=1944  conce=2049  hash_=1710  poiso=1849  power=1778  power=1890  sawto=2044  sawto=2044  stale=2049  stale=2049  strid=2044  tempo=1744
  multi_range F64 N=1073741824 bins=       8 smem_cooperative_dynamic     conce=1848  conce=1715  conce=1818  conce=1945  conce=2051  hash_=1710  poiso=1848  power=1778  power=1890  sawto=2047  sawto=2047  stale=2052  stale=2051  strid=2047  tempo=1745
  multi_range F64 N=1073741824 bins=      16 smem_static                  conce=1759  conce=1898  conce=1930  conce=1841  conce=1825  hash_=1717  poiso=1759  power=1647  power=1819  sawto=1835  sawto=1835  stale=1825  stale=1825  strid=1835  tempo=1686
  multi_range F64 N=1073741824 bins=      16 smem_cooperative_static      conce=1758  conce=1895  conce=1919  conce=1823  conce=1802  hash_=1714  poiso=1757  power=1642  power=1803  sawto=1811  sawto=1812  stale=1802  stale=1802  strid=1812  tempo=1682
  multi_range F64 N=1073741824 bins=      16 smem_dynamic                 conce=1734  conce=1734  conce=1785  conce=1768  conce=1794  hash_=1670  poiso=1734  power=1596  power=1734  sawto=1805  sawto=1805  stale=1794  stale=1794  strid=1805  tempo=1647
  multi_range F64 N=1073741824 bins=      16 smem_cooperative_dynamic     conce=1734  conce=1735  conce=1786  conce=1770  conce=1796  hash_=1670  poiso=1734  power=1596  power=1735  sawto=1808  sawto=1808  stale=1796  stale=1796  strid=1808  tempo=1647
  multi_range F64 N=1073741824 bins=      32 smem_static                  conce=1604  conce=1699  conce=1664  conce=1607  conce=1595  hash_=1577  poiso=1603  power=1669  power=1681  sawto=1588  sawto=1589  stale=1595  stale=1595  strid=1589  tempo=1576
  multi_range F64 N=1073741824 bins=      32 smem_cooperative_static      conce=1600  conce=1692  conce=1649  conce=1586  conce=1574  hash_=1572  poiso=1599  power=1663  power=1661  sawto=1568  sawto=1569  stale=1574  stale=1574  strid=1568  tempo=1571
  multi_range F64 N=1073741824 bins=      32 smem_dynamic                 conce=1612  conce=1611  conce=1608  conce=1598  conce=1605  hash_=1560  poiso=1611  power=1604  power=1647  sawto=1603  sawto=1603  stale=1604  stale=1604  strid=1603  tempo=1558
  multi_range F64 N=1073741824 bins=      32 smem_cooperative_dynamic     conce=1611  conce=1611  conce=1608  conce=1601  conce=1607  hash_=1559  poiso=1610  power=1603  power=1649  sawto=1606  sawto=1606  stale=1607  stale=1607  strid=1606  tempo=1558
  multi_range F64 N=1073741824 bins=      64 smem_static                  conce=1459  conce=1374  conce=1372  conce=1391  conce=1440  hash_=1420  poiso=1458  power=1499  power=1443  sawto=1406  sawto=1407  stale=1440  stale=1440  strid=1407  tempo=1417
  multi_range F64 N=1073741824 bins=      64 smem_cooperative_static      conce=1454  conce=1367  conce=1362  conce=1382  conce=1427  hash_=1415  poiso=1453  power=1490  power=1429  sawto=1390  sawto=1391  stale=1427  stale=1427  strid=1390  tempo=1412
  multi_range F64 N=1073741824 bins=      64 smem_dynamic                 conce=1478  conce=1359  conce=1346  conce=1381  conce=1448  hash_=1417  poiso=1477  power=1469  power=1428  sawto=1423  sawto=1425  stale=1448  stale=1448  strid=1423  tempo=1414
  multi_range F64 N=1073741824 bins=      64 smem_cooperative_dynamic     conce=1477  conce=1360  conce=1346  conce=1380  conce=1449  hash_=1417  poiso=1475  power=1468  power=1431  sawto=1425  sawto=1428  stale=1449  stale=1449  strid=1425  tempo=1413
  multi_range F64 N=1073741824 bins=     128 smem_static                  conce=1333  conce=1263  conce=1237  conce=1230  conce=1236  hash_=1270  poiso=1332  power=1360  power=1298  sawto=1287  sawto=1212  stale=1235  stale=1236  strid=1224  tempo=1269
  multi_range F64 N=1073741824 bins=     128 smem_cooperative_static      conce=1325  conce=1257  conce=1230  conce=1224  conce=1229  hash_=1265  poiso=1324  power=1350  power=1290  sawto=1271  sawto=1204  stale=1229  stale=1229  strid=1214  tempo=1263
  multi_range F64 N=1073741824 bins=     128 smem_dynamic                 conce=1372  conce=1257  conce=1186  conce=1193  conce=1229  hash_=1290  poiso=1370  power=1349  power=1279  sawto=1326  sawto=1228  stale=1229  stale=1229  strid=1246  tempo=1288
  multi_range F64 N=1073741824 bins=     128 smem_cooperative_dynamic     conce=1371  conce=1256  conce=1186  conce=1194  conce=1230  hash_=1291  poiso=1368  power=1349  power=1279  sawto=1329  sawto=1229  stale=1230  stale=1230  strid=1247  tempo=1289
  multi_range F64 N=1073741824 bins=     256 smem_static                  conce=1218  conce=1149  conce=1098  conce=1026  conce=981  hash_=1153  poiso=1217  power=1236  power=1148  sawto=1198  sawto=954  stale=981  stale=981  strid=975  tempo=1151
  multi_range F64 N=1073741824 bins=     256 smem_cooperative_static      conce=1210  conce=1143  conce=1095  conce=1025  conce=980  hash_=1146  poiso=1209  power=1225  power=1142  sawto=1184  sawto=953  stale=980  stale=980  strid=974  tempo=1144
  multi_range F64 N=1073741824 bins=     256 smem_dynamic                 conce=1271  conce=1136  conce=1037  conce=985  conce=962  hash_=1188  poiso=1268  power=1244  power=1124  sawto=1238  sawto=938  stale=962  stale=962  strid=959  tempo=1186
  multi_range F64 N=1073741824 bins=     256 smem_cooperative_dynamic     conce=1270  conce=1136  conce=1037  conce=985  conce=962  hash_=1188  poiso=1266  power=1244  power=1125  sawto=1241  sawto=938  stale=963  stale=963  strid=959  tempo=1186
  multi_range F64 N=1073741824 bins=     512 smem_dynamic                 conce=1973  conce=1744  conce=1802  conce=1933  conce=1979  hash_=1755  poiso=1973  power=1845  power=2017  sawto=2434  sawto=2164  stale=1979  stale=1979  strid=2153  tempo=1751
  multi_range F64 N=1073741824 bins=     512 smem_cooperative_dynamic     conce=1973  conce=1744  conce=1802  conce=1932  conce=1978  hash_=1755  poiso=1973  power=1845  power=2017  sawto=2434  sawto=2163  stale=1978  stale=1978  strid=2151  tempo=1751
  queried input cache: cub.bench.histogram.multi.range.base.u64 F64 N=2000000000 -> S=1024
  multi_range F64 N=2000000000 bins=       8 smem_static                  conce=1900  conce=1866  conce=2032  conce=2134  conce=2157  hash_=1779  poiso=1900  power=1914  power=2082  sawto=2179  sawto=2179  stale=2157  stale=2156  strid=2179  tempo=1826
  multi_range F64 N=2000000000 bins=       8 smem_cooperative_static      conce=1899  conce=1863  conce=2025  conce=2123  conce=2138  hash_=1776  poiso=1899  power=1913  power=2074  sawto=2159  sawto=2160  stale=2138  stale=2138  strid=2159  tempo=1824
  multi_range F64 N=2000000000 bins=       8 smem_dynamic                 conce=1850  conce=1716  conce=1819  conce=1946  conce=2051  hash_=1711  poiso=1849  power=1779  power=1891  sawto=2046  sawto=2046  stale=2051  stale=2051  strid=2046  tempo=1746
  multi_range F64 N=2000000000 bins=       8 smem_cooperative_dynamic     conce=1849  conce=1716  conce=1820  conce=1947  conce=2054  hash_=1711  poiso=1849  power=1779  power=1892  sawto=2049  sawto=2049  stale=2054  stale=2054  strid=2049  tempo=1746
  multi_range F64 N=2000000000 bins=      16 smem_static                  conce=1761  conce=1900  conce=1932  conce=1843  conce=1828  hash_=1719  poiso=1760  power=1649  power=1821  sawto=1837  sawto=1838  stale=1827  stale=1827  strid=1838  tempo=1687
  multi_range F64 N=2000000000 bins=      16 smem_cooperative_static      conce=1759  conce=1896  conce=1922  conce=1825  conce=1804  hash_=1716  poiso=1758  power=1644  power=1806  sawto=1815  sawto=1814  stale=1804  stale=1804  strid=1814  tempo=1684
  multi_range F64 N=2000000000 bins=      16 smem_dynamic                 conce=1735  conce=1736  conce=1787  conce=1770  conce=1795  hash_=1671  poiso=1735  power=1597  power=1736  sawto=1807  sawto=1807  stale=1795  stale=1795  strid=1807  tempo=1648
  multi_range F64 N=2000000000 bins=      16 smem_cooperative_dynamic     conce=1735  conce=1736  conce=1788  conce=1772  conce=1798  hash_=1671  poiso=1735  power=1597  power=1737  sawto=1810  sawto=1809  stale=1798  stale=1798  strid=1810  tempo=1649
  multi_range F64 N=2000000000 bins=      32 smem_static                  conce=1605  conce=1700  conce=1666  conce=1609  conce=1597  hash_=1579  poiso=1604  power=1671  power=1683  sawto=1591  sawto=1591  stale=1596  stale=1597  strid=1591  tempo=1577
  multi_range F64 N=2000000000 bins=      32 smem_cooperative_static      conce=1601  conce=1694  conce=1652  conce=1588  conce=1576  hash_=1573  poiso=1601  power=1665  power=1663  sawto=1570  sawto=1570  stale=1575  stale=1575  strid=1569  tempo=1572
  multi_range F64 N=2000000000 bins=      32 smem_dynamic                 conce=1613  conce=1613  conce=1609  conce=1599  conce=1606  hash_=1561  poiso=1612  power=1605  power=1648  sawto=1604  sawto=1604  stale=1606  stale=1606  strid=1604  tempo=1560
  multi_range F64 N=2000000000 bins=      32 smem_cooperative_dynamic     conce=1612  conce=1612  conce=1610  conce=1602  conce=1608  hash_=1560  poiso=1611  power=1604  power=1650  sawto=1607  sawto=1607  stale=1608  stale=1608  strid=1607  tempo=1559
  multi_range F64 N=2000000000 bins=      64 smem_static                  conce=1460  conce=1376  conce=1374  conce=1392  conce=1442  hash_=1421  poiso=1459  power=1500  power=1445  sawto=1408  sawto=1409  stale=1442  stale=1442  strid=1408  tempo=1418
  multi_range F64 N=2000000000 bins=      64 smem_cooperative_static      conce=1455  conce=1369  conce=1363  conce=1383  conce=1429  hash_=1416  poiso=1454  power=1491  power=1430  sawto=1392  sawto=1392  stale=1428  stale=1428  strid=1391  tempo=1413
  multi_range F64 N=2000000000 bins=      64 smem_dynamic                 conce=1480  conce=1360  conce=1347  conce=1383  conce=1449  hash_=1418  poiso=1478  power=1470  power=1429  sawto=1424  sawto=1426  stale=1449  stale=1449  strid=1424  tempo=1415
  multi_range F64 N=2000000000 bins=      64 smem_cooperative_dynamic     conce=1478  conce=1361  conce=1348  conce=1381  conce=1450  hash_=1418  poiso=1476  power=1470  power=1433  sawto=1426  sawto=1429  stale=1450  stale=1450  strid=1426  tempo=1414
  multi_range F64 N=2000000000 bins=     128 smem_static                  conce=1334  conce=1264  conce=1238  conce=1231  conce=1237  hash_=1271  poiso=1332  power=1361  power=1299  sawto=1290  sawto=1214  stale=1236  stale=1236  strid=1225  tempo=1270
  multi_range F64 N=2000000000 bins=     128 smem_cooperative_static      conce=1327  conce=1258  conce=1232  conce=1224  conce=1229  hash_=1266  poiso=1325  power=1351  power=1291  sawto=1273  sawto=1206  stale=1230  stale=1230  strid=1216  tempo=1265
  multi_range F64 N=2000000000 bins=     128 smem_dynamic                 conce=1373  conce=1258  conce=1187  conce=1194  conce=1230  hash_=1291  poiso=1371  power=1350  power=1280  sawto=1328  sawto=1228  stale=1230  stale=1230  strid=1247  tempo=1289
  multi_range F64 N=2000000000 bins=     128 smem_cooperative_dynamic     conce=1372  conce=1257  conce=1187  conce=1194  conce=1230  hash_=1292  poiso=1369  power=1350  power=1280  sawto=1330  sawto=1230  stale=1230  stale=1230  strid=1248  tempo=1290
  multi_range F64 N=2000000000 bins=     256 smem_static                  conce=1219  conce=1150  conce=1098  conce=1026  conce=981  hash_=1154  poiso=1217  power=1237  power=1148  sawto=1199  sawto=954  stale=981  stale=981  strid=975  tempo=1152
  multi_range F64 N=2000000000 bins=     256 smem_cooperative_static      conce=1211  conce=1144  conce=1096  conce=1025  conce=980  hash_=1147  poiso=1210  power=1227  power=1143  sawto=1186  sawto=954  stale=981  stale=981  strid=974  tempo=1145
  multi_range F64 N=2000000000 bins=     256 smem_dynamic                 conce=1272  conce=1137  conce=1037  conce=985  conce=963  hash_=1189  poiso=1269  power=1245  power=1125  sawto=1239  sawto=939  stale=963  stale=963  strid=959  tempo=1186
  multi_range F64 N=2000000000 bins=     256 smem_cooperative_dynamic     conce=1271  conce=1137  conce=1037  conce=985  conce=963  hash_=1189  poiso=1267  power=1246  power=1125  sawto=1242  sawto=939  stale=963  stale=963  strid=959  tempo=1187
  multi_range F64 N=2000000000 bins=     512 smem_dynamic                 conce=1973  conce=1745  conce=1803  conce=1934  conce=1981  hash_=1756  poiso=1973  power=1849  power=2019  sawto=2436  sawto=2167  stale=1980  stale=1980  strid=2155  tempo=1752
  multi_range F64 N=2000000000 bins=     512 smem_cooperative_dynamic     conce=1973  conce=1745  conce=1804  conce=1934  conce=1980  hash_=1756  poiso=1974  power=1848  power=2019  sawto=2437  sawto=2165  stale=1980  stale=1980  strid=2153  tempo=1752
  multi_range F64 N=   1048576 bins=       8 main                              conce=976  conce=945  conce=990  conce=1018  conce=1049  hash_=951  poiso=978  power=971  power=1004  sawto=944  sawto=949  stale=1041  stale=1051  strid=929  tempo=980
  multi_range F64 N=   1048576 bins=      16 main                              conce=916  conce=949  conce=969  conce=971  conce=965  hash_=907  poiso=900  power=894  power=955  sawto=984  sawto=985  stale=965  stale=966  strid=977  tempo=919
  multi_range F64 N=   1048576 bins=      32 main                              conce=852  conce=874  conce=888  conce=866  conce=886  hash_=835  poiso=854  power=880  power=899  sawto=907  sawto=907  stale=879  stale=886  strid=886  tempo=858
  multi_range F64 N=   1048576 bins=      64 main                              conce=812  conce=775  conce=771  conce=774  conce=819  hash_=784  poiso=790  power=826  power=814  sawto=803  sawto=795  stale=798  stale=811  strid=788  tempo=809
  multi_range F64 N=   1048576 bins=     128 main                              conce=759  conce=730  conce=719  conce=700  conce=713  hash_=718  poiso=734  power=754  power=734  sawto=638  sawto=642  stale=699  stale=703  strid=635  tempo=755
  multi_range F64 N=   1048576 bins=     256 main                              conce=701  conce=672  conce=641  conce=609  conce=600  hash_=673  poiso=684  power=692  power=656  sawto=456  sawto=483  stale=589  stale=590  strid=522  tempo=703
  multi_range F64 N=   1048576 bins=     512 main                              conce=576  conce=501  conce=442  conce=433  conce=441  hash_=545  poiso=554  power=572  power=489  sawto=406  sawto=389  stale=442  stale=443  strid=392  tempo=574
  multi_range F64 N=  16777216 bins=       8 main                              conce=1787  conce=1730  conce=1866  conce=1936  conce=1947  hash_=1729  poiso=1787  power=1782  power=1902  sawto=1702  sawto=1701  stale=1938  stale=1939  strid=1698  tempo=1786
  multi_range F64 N=  16777216 bins=      16 main                              conce=1652  conce=1759  conce=1762  conce=1673  conce=1658  hash_=1597  poiso=1645  power=1529  power=1656  sawto=1832  sawto=1830  stale=1655  stale=1656  strid=1828  tempo=1651
  multi_range F64 N=  16777216 bins=      32 main                              conce=1495  conce=1566  conce=1517  conce=1456  conce=1450  hash_=1463  poiso=1493  power=1543  power=1525  sawto=1608  sawto=1608  stale=1449  stale=1449  strid=1605  tempo=1496
  multi_range F64 N=  16777216 bins=      64 main                              conce=1355  conce=1255  conce=1239  conce=1245  conce=1315  hash_=1313  poiso=1345  power=1375  power=1306  sawto=1344  sawto=1346  stale=1302  stale=1302  strid=1341  tempo=1354
  multi_range F64 N=  16777216 bins=     128 main                              conce=1225  conce=1151  conce=1135  conce=1127  conce=1146  hash_=1161  poiso=1215  power=1238  power=1169  sawto=1040  sawto=1041  stale=1132  stale=1133  strid=1041  tempo=1225
  multi_range F64 N=  16777216 bins=     256 main                              conce=1122  conce=1051  conce=1030  conce=980  conce=939  hash_=1056  poiso=1112  power=1122  power=1052  sawto=622  sawto=687  stale=939  stale=940  strid=800  tempo=1122
  multi_range F64 N=  16777216 bins=     512 main                              conce=994  conce=802  conce=680  conce=663  conce=673  hash_=928  poiso=990  power=984  power=836  sawto=590  sawto=563  stale=673  stale=673  strid=570  tempo=993
  multi_range F64 N=  67108864 bins=       8 main                              conce=1698  conce=1634  conce=1747  conce=1819  conce=1884  hash_=1636  poiso=1697  power=1682  power=1783  sawto=1577  sawto=1617  stale=1884  stale=1884  strid=1576  tempo=1697
  multi_range F64 N=  67108864 bins=      16 main                              conce=1555  conce=1654  conce=1680  conce=1619  conce=1644  hash_=1522  poiso=1552  power=1462  power=1588  sawto=1689  sawto=1729  stale=1644  stale=1644  strid=1690  tempo=1555
  multi_range F64 N=  67108864 bins=      32 main                              conce=1424  conce=1495  conce=1477  conce=1454  conce=1469  hash_=1407  poiso=1421  power=1476  power=1501  sawto=1551  sawto=1577  stale=1469  stale=1470  strid=1551  tempo=1424
  multi_range F64 N=  67108864 bins=      64 main                              conce=1302  conce=1228  conce=1213  conce=1235  conce=1283  hash_=1268  poiso=1300  power=1331  power=1286  sawto=1302  sawto=1322  stale=1285  stale=1284  strid=1301  tempo=1301
  multi_range F64 N=  67108864 bins=     128 main                              conce=1191  conce=1126  conce=1090  conce=1074  conce=1073  hash_=1134  poiso=1189  power=1209  power=1145  sawto=935  sawto=950  stale=1074  stale=1073  strid=936  tempo=1191
  multi_range F64 N=  67108864 bins=     256 main                              conce=1097  conce=1017  conce=941  conce=878  conce=841  hash_=1032  poiso=1094  power=1110  power=989  sawto=576  sawto=637  stale=843  stale=842  strid=725  tempo=1098
  multi_range F64 N=  67108864 bins=     512 main                              conce=1038  conce=830  conce=699  conce=681  conce=691  hash_=968  poiso=1034  power=1024  power=865  sawto=602  sawto=576  stale=691  stale=691  strid=583  tempo=1038
  multi_range F64 N= 268435456 bins=       8 main                              conce=1717  conce=1657  conce=1775  conce=1852  conce=1921  hash_=1657  poiso=1717  power=1705  power=1816  sawto=1594  sawto=1636  stale=1923  stale=1923  strid=1594  tempo=1717
  multi_range F64 N= 268435456 bins=      16 main                              conce=1572  conce=1677  conce=1709  conce=1649  conce=1671  hash_=1542  poiso=1570  power=1484  power=1617  sawto=1718  sawto=1760  stale=1674  stale=1674  strid=1718  tempo=1572
  multi_range F64 N= 268435456 bins=      32 main                              conce=1441  conce=1519  conce=1502  conce=1476  conce=1491  hash_=1426  poiso=1439  power=1498  power=1525  sawto=1576  sawto=1604  stale=1492  stale=1492  strid=1576  tempo=1441
  multi_range F64 N= 268435456 bins=      64 main                              conce=1320  conce=1247  conce=1231  conce=1254  conce=1304  hash_=1286  poiso=1318  power=1353  power=1306  sawto=1321  sawto=1340  stale=1304  stale=1304  strid=1321  tempo=1320
  multi_range F64 N= 268435456 bins=     128 main                              conce=1211  conce=1142  conce=1102  conce=1086  conce=1084  hash_=1152  poiso=1208  power=1227  power=1159  sawto=941  sawto=956  stale=1086  stale=1086  strid=942  tempo=1210
  multi_range F64 N= 268435456 bins=     256 main                              conce=1111  conce=1033  conce=948  conce=885  conce=848  hash_=1048  poiso=1109  power=1126  power=999  sawto=578  sawto=640  stale=848  stale=848  strid=729  tempo=1112
  multi_range F64 N= 268435456 bins=     512 main                              conce=1055  conce=837  conce=703  conce=686  conce=695  hash_=981  poiso=1051  power=1039  power=872  sawto=606  sawto=579  stale=696  stale=696  strid=586  tempo=1055
  multi_range F64 N=1073741824 bins=       8 main                              conce=1722  conce=1663  conce=1784  conce=1864  conce=1936  hash_=1663  poiso=1722  power=1711  power=1826  sawto=1599  sawto=1640  stale=1936  stale=1935  strid=1600  tempo=1722
  multi_range F64 N=1073741824 bins=      16 main                              conce=1577  conce=1683  conce=1718  conce=1660  conce=1683  hash_=1548  poiso=1575  power=1490  power=1627  sawto=1727  sawto=1769  stale=1683  stale=1683  strid=1726  tempo=1577
  multi_range F64 N=1073741824 bins=      32 main                              conce=1445  conce=1526  conce=1511  conce=1484  conce=1501  hash_=1432  poiso=1444  power=1503  power=1534  sawto=1585  sawto=1611  stale=1500  stale=1501  strid=1586  tempo=1446
  multi_range F64 N=1073741824 bins=      64 main                              conce=1325  conce=1253  conce=1238  conce=1260  conce=1311  hash_=1291  poiso=1323  power=1360  power=1314  sawto=1326  sawto=1347  stale=1310  stale=1311  strid=1327  tempo=1325
  multi_range F64 N=1073741824 bins=     128 main                              conce=1217  conce=1148  conce=1105  conce=1089  conce=1088  hash_=1158  poiso=1216  power=1233  power=1163  sawto=943  sawto=958  stale=1088  stale=1088  strid=943  tempo=1217
  multi_range F64 N=1073741824 bins=     256 main                              conce=1117  conce=1037  conce=951  conce=887  conce=849  hash_=1054  poiso=1115  power=1133  power=1002  sawto=579  sawto=641  stale=850  stale=850  strid=731  tempo=1117
  multi_range F64 N=1073741824 bins=     512 main                              conce=1061  conce=839  conce=705  conce=687  conce=697  hash_=985  poiso=1057  power=1045  power=874  sawto=607  sawto=580  stale=697  stale=697  strid=587  tempo=1060
  multi_range F64 N=2000000000 bins=       8 main                              conce=1723  conce=1665  conce=1786  conce=1867  conce=1938  hash_=1665  poiso=1724  power=1712  power=1828  sawto=1600  sawto=1642  stale=1939  stale=1939  strid=1600  tempo=1723
  multi_range F64 N=2000000000 bins=      16 main                              conce=1578  conce=1685  conce=1721  conce=1662  conce=1686  hash_=1549  poiso=1576  power=1492  power=1629  sawto=1729  sawto=1771  stale=1686  stale=1687  strid=1729  tempo=1578
  multi_range F64 N=2000000000 bins=      32 main                              conce=1447  conce=1528  conce=1513  conce=1486  conce=1503  hash_=1433  poiso=1445  power=1505  power=1537  sawto=1589  sawto=1615  stale=1503  stale=1503  strid=1589  tempo=1447
  multi_range F64 N=2000000000 bins=      64 main                              conce=1327  conce=1255  conce=1240  conce=1262  conce=1313  hash_=1292  poiso=1325  power=1362  power=1316  sawto=1329  sawto=1349  stale=1313  stale=1313  strid=1329  tempo=1327
  multi_range F64 N=2000000000 bins=     128 main                              conce=1219  conce=1149  conce=1105  conce=1090  conce=1089  hash_=1160  poiso=1217  power=1235  power=1165  sawto=944  sawto=958  stale=1089  stale=1089  strid=944  tempo=1219
  multi_range F64 N=2000000000 bins=     256 main                              conce=1119  conce=1038  conce=951  conce=887  conce=850  hash_=1055  poiso=1117  power=1135  power=1002  sawto=579  sawto=641  stale=850  stale=850  strid=731  tempo=1119
  multi_range F64 N=2000000000 bins=     512 main                              conce=1062  conce=840  conce=705  conce=687  conce=697  hash_=986  poiso=1059  power=1046  power=875  sawto=607  sawto=580  stale=697  stale=697  strid=587  tempo=1062

wrote autocuda/results/cooperative-direct-output-smem-u64/partial_multi_range.json (396 benchmark invocations; branch_commit=f16c464e64d5786de2e0bf536479e0ef9ae57b30-dirty)
  merged ['multi_range', '_meta'] -> autocuda/results/cooperative-direct-output-smem-u64/algo_sweep_full.json (5 binaries)
=== [01:11:48] FIGURES (cumulative through multi_range) ===
  partial results ready: 128 figs covering ['_meta', 'even', 'multi_even', 'multi_range', 'range']
=== [01:13:51] DONE: autocuda/results/cooperative-direct-output-smem-u64 ===
